anonymous_applicant_id,full_probability,full_decision,fixed_probability,fixed_decision,oracle_probability,oracle_decision,fixed_disagreement,oracle_disagreement,fixed_early_stop,oracle_early_stop,fixed_optional_units,oracle_optional_units,fixed_path,oracle_path
HC_HELDOUT_0000000,0.0762190730556807,Approve,0.0762190730556807,Approve,0.0762190730556807,Approve,False,False,False,False,5.0,5.0,REPAYMENT_PERFORMANCE_QUALITY_EVIDENCE;BUREAU_ACTIVE_CREDIT_CAPACITY_EVIDENCE;BUREAU_CREDIT_HISTORY_QUALITY_EVIDENCE;BUREAU_RECENT_CREDIT_ACTIVITY_EVIDENCE;REPAYMENT_PRIOR_CREDIT_EXPERIENCE_EVIDENCE,BUREAU_CREDIT_HISTORY_QUALITY_EVIDENCE;REPAYMENT_PERFORMANCE_QUALITY_EVIDENCE;REPAYMENT_PRIOR_CREDIT_EXPERIENCE_EVIDENCE;BUREAU_ACTIVE_CREDIT_CAPACITY_EVIDENCE;BUREAU_RECENT_CREDIT_ACTIVITY_EVIDENCE
HC_HELDOUT_0000001,0.0459948434964497,Approve,0.0459948434964497,Approve,0.0459948434964497,Approve,False,False,False,False,5.0,5.0,REPAYMENT_PERFORMANCE_QUALITY_EVIDENCE;BUREAU_ACTIVE_CREDIT_CAPACITY_EVIDENCE;BUREAU_CREDIT_HISTORY_QUALITY_EVIDENCE;BUREAU_RECENT_CREDIT_ACTIVITY_EVIDENCE;REPAYMENT_PRIOR_CREDIT_EXPERIENCE_EVIDENCE,BUREAU_CREDIT_HISTORY_QUALITY_EVIDENCE;REPAYMENT_PRIOR_CREDIT_EXPERIENCE_EVIDENCE;BUREAU_RECENT_CREDIT_ACTIVITY_EVIDENCE;REPAYMENT_PERFORMANCE_QUALITY_EVIDENCE;BUREAU_ACTIVE_CREDIT_CAPACITY_EVIDENCE
HC_HELDOUT_0000002,0.1736152984437745,Reject,0.165272736059799,Reject,0.165272736059799,Reject,False,False,True,True,0.0,0.0,,
HC_HELDOUT_0000003,0.0648093771556987,Approve,0.0648093771556987,Approve,0.0648093771556987,Approve,False,False,False,False,5.0,5.0,REPAYMENT_PERFORMANCE_QUALITY_EVIDENCE;BUREAU_ACTIVE_CREDIT_CAPACITY_EVIDENCE;BUREAU_CREDIT_HISTORY_QUALITY_EVIDENCE;BUREAU_RECENT_CREDIT_ACTIVITY_EVIDENCE;REPAYMENT_PRIOR_CREDIT_EXPERIENCE_EVIDENCE,BUREAU_ACTIVE_CREDIT_CAPACITY_EVIDENCE;REPAYMENT_PERFORMANCE_QUALITY_EVIDENCE;REPAYMENT_PRIOR_CREDIT_EXPERIENCE_EVIDENCE;BUREAU_CREDIT_HISTORY_QUALITY_EVIDENCE;BUREAU_RECENT_CREDIT_ACTIVITY_EVIDENCE
HC_HELDOUT_0000004,0.0596254254679043,Approve,0.0596254254679043,Approve,0.0596254254679043,Approve,False,False,False,False,5.0,5.0,REPAYMENT_PERFORMANCE_QUALITY_EVIDENCE;BUREAU_ACTIVE_CREDIT_CAPACITY_EVIDENCE;BUREAU_CREDIT_HISTORY_QUALITY_EVIDENCE;BUREAU_RECENT_CREDIT_ACTIVITY_EVIDENCE;REPAYMENT_PRIOR_CREDIT_EXPERIENCE_EVIDENCE,BUREAU_ACTIVE_CREDIT_CAPACITY_EVIDENCE;REPAYMENT_PRIOR_CREDIT_EXPERIENCE_EVIDENCE;BUREAU_RECENT_CREDIT_ACTIVITY_EVIDENCE;REPAYMENT_PERFORMANCE_QUALITY_EVIDENCE;BUREAU_CREDIT_HISTORY_QUALITY_EVIDENCE
HC_HELDOUT_0000005,0.1201063201895211,Reject,0.1735458851867153,Reject,0.1735458851867153,Reject,False,False,True,True,0.0,0.0,,
HC_HELDOUT_0000006,0.0182485631150323,Approve,0.0200076715778221,Approve,0.0200076715778221,Approve,False,False,True,True,0.0,0.0,,
HC_HELDOUT_0000007,0.0120376376657288,Approve,0.0184974866931179,Approve,0.0184974866931179,Approve,False,False,True,True,0.0,0.0,,
HC_HELDOUT_0000008,0.1984399062976444,Reject,0.1867275876457087,Reject,0.1867275876457087,Reject,False,False,True,True,0.0,0.0,,
HC_HELDOUT_0000009,0.0652928914107479,Approve,0.0652928914107479,Approve,0.0652928914107479,Approve,False,False,False,False,5.0,5.0,REPAYMENT_PERFORMANCE_QUALITY_EVIDENCE;BUREAU_ACTIVE_CREDIT_CAPACITY_EVIDENCE;BUREAU_CREDIT_HISTORY_QUALITY_EVIDENCE;BUREAU_RECENT_CREDIT_ACTIVITY_EVIDENCE;REPAYMENT_PRIOR_CREDIT_EXPERIENCE_EVIDENCE,BUREAU_RECENT_CREDIT_ACTIVITY_EVIDENCE;BUREAU_ACTIVE_CREDIT_CAPACITY_EVIDENCE;BUREAU_CREDIT_HISTORY_QUALITY_EVIDENCE;REPAYMENT_PRIOR_CREDIT_EXPERIENCE_EVIDENCE;REPAYMENT_PERFORMANCE_QUALITY_EVIDENCE
HC_HELDOUT_0000010,0.0223670158406026,Approve,0.0217964080257302,Approve,0.0217964080257302,Approve,False,False,True,True,0.0,0.0,,
HC_HELDOUT_0000011,0.1248637394288034,Reject,0.1451595021207435,Reject,0.1248637394288034,Reject,False,False,True,False,3.0,5.0,REPAYMENT_PERFORMANCE_QUALITY_EVIDENCE;BUREAU_ACTIVE_CREDIT_CAPACITY_EVIDENCE;BUREAU_CREDIT_HISTORY_QUALITY_EVIDENCE,BUREAU_RECENT_CREDIT_ACTIVITY_EVIDENCE;REPAYMENT_PRIOR_CREDIT_EXPERIENCE_EVIDENCE;BUREAU_CREDIT_HISTORY_QUALITY_EVIDENCE;REPAYMENT_PERFORMANCE_QUALITY_EVIDENCE;BUREAU_ACTIVE_CREDIT_CAPACITY_EVIDENCE
HC_HELDOUT_0000012,0.0510200888801861,Approve,0.0510200888801861,Approve,0.0510200888801861,Approve,False,False,False,False,5.0,5.0,REPAYMENT_PERFORMANCE_QUALITY_EVIDENCE;BUREAU_ACTIVE_CREDIT_CAPACITY_EVIDENCE;BUREAU_CREDIT_HISTORY_QUALITY_EVIDENCE;BUREAU_RECENT_CREDIT_ACTIVITY_EVIDENCE;REPAYMENT_PRIOR_CREDIT_EXPERIENCE_EVIDENCE,REPAYMENT_PERFORMANCE_QUALITY_EVIDENCE;BUREAU_CREDIT_HISTORY_QUALITY_EVIDENCE;BUREAU_ACTIVE_CREDIT_CAPACITY_EVIDENCE;REPAYMENT_PRIOR_CREDIT_EXPERIENCE_EVIDENCE;BUREAU_RECENT_CREDIT_ACTIVITY_EVIDENCE
HC_HELDOUT_0000013,0.1079164852401855,Reject,0.1079164852401855,Reject,0.1079164852401855,Reject,False,False,False,False,5.0,5.0,REPAYMENT_PERFORMANCE_QUALITY_EVIDENCE;BUREAU_ACTIVE_CREDIT_CAPACITY_EVIDENCE;BUREAU_CREDIT_HISTORY_QUALITY_EVIDENCE;BUREAU_RECENT_CREDIT_ACTIVITY_EVIDENCE;REPAYMENT_PRIOR_CREDIT_EXPERIENCE_EVIDENCE,REPAYMENT_PERFORMANCE_QUALITY_EVIDENCE;REPAYMENT_PRIOR_CREDIT_EXPERIENCE_EVIDENCE;BUREAU_CREDIT_HISTORY_QUALITY_EVIDENCE;BUREAU_RECENT_CREDIT_ACTIVITY_EVIDENCE;BUREAU_ACTIVE_CREDIT_CAPACITY_EVIDENCE
HC_HELDOUT_0000014,0.0780467517358772,Approve,0.0780467517358772,Approve,0.0780467517358772,Approve,False,False,False,False,5.0,5.0,REPAYMENT_PERFORMANCE_QUALITY_EVIDENCE;BUREAU_ACTIVE_CREDIT_CAPACITY_EVIDENCE;BUREAU_CREDIT_HISTORY_QUALITY_EVIDENCE;BUREAU_RECENT_CREDIT_ACTIVITY_EVIDENCE;REPAYMENT_PRIOR_CREDIT_EXPERIENCE_EVIDENCE,REPAYMENT_PRIOR_CREDIT_EXPERIENCE_EVIDENCE;BUREAU_ACTIVE_CREDIT_CAPACITY_EVIDENCE;BUREAU_CREDIT_HISTORY_QUALITY_EVIDENCE;REPAYMENT_PERFORMANCE_QUALITY_EVIDENCE;BUREAU_RECENT_CREDIT_ACTIVITY_EVIDENCE
HC_HELDOUT_0000015,0.0693492263726657,Approve,0.0324120745557281,Approve,0.0324120745557281,Approve,False,False,True,True,0.0,0.0,,
HC_HELDOUT_0000016,0.0717251680463597,Approve,0.0717251680463597,Approve,0.0717251680463597,Approve,False,False,False,False,5.0,5.0,REPAYMENT_PERFORMANCE_QUALITY_EVIDENCE;BUREAU_ACTIVE_CREDIT_CAPACITY_EVIDENCE;BUREAU_CREDIT_HISTORY_QUALITY_EVIDENCE;BUREAU_RECENT_CREDIT_ACTIVITY_EVIDENCE;REPAYMENT_PRIOR_CREDIT_EXPERIENCE_EVIDENCE,BUREAU_RECENT_CREDIT_ACTIVITY_EVIDENCE;BUREAU_CREDIT_HISTORY_QUALITY_EVIDENCE;REPAYMENT_PRIOR_CREDIT_EXPERIENCE_EVIDENCE;REPAYMENT_PERFORMANCE_QUALITY_EVIDENCE;BUREAU_ACTIVE_CREDIT_CAPACITY_EVIDENCE
HC_HELDOUT_0000017,0.0418056395987719,Approve,0.0418056395987719,Approve,0.0418056395987719,Approve,False,False,False,False,5.0,5.0,REPAYMENT_PERFORMANCE_QUALITY_EVIDENCE;BUREAU_ACTIVE_CREDIT_CAPACITY_EVIDENCE;BUREAU_CREDIT_HISTORY_QUALITY_EVIDENCE;BUREAU_RECENT_CREDIT_ACTIVITY_EVIDENCE;REPAYMENT_PRIOR_CREDIT_EXPERIENCE_EVIDENCE,BUREAU_CREDIT_HISTORY_QUALITY_EVIDENCE;REPAYMENT_PRIOR_CREDIT_EXPERIENCE_EVIDENCE;BUREAU_ACTIVE_CREDIT_CAPACITY_EVIDENCE;REPAYMENT_PERFORMANCE_QUALITY_EVIDENCE;BUREAU_RECENT_CREDIT_ACTIVITY_EVIDENCE
HC_HELDOUT_0000018,0.0610881277992857,Approve,0.0610881277992857,Approve,0.0610881277992857,Approve,False,False,False,False,5.0,5.0,REPAYMENT_PERFORMANCE_QUALITY_EVIDENCE;BUREAU_ACTIVE_CREDIT_CAPACITY_EVIDENCE;BUREAU_CREDIT_HISTORY_QUALITY_EVIDENCE;BUREAU_RECENT_CREDIT_ACTIVITY_EVIDENCE;REPAYMENT_PRIOR_CREDIT_EXPERIENCE_EVIDENCE,REPAYMENT_PERFORMANCE_QUALITY_EVIDENCE;REPAYMENT_PRIOR_CREDIT_EXPERIENCE_EVIDENCE;BUREAU_ACTIVE_CREDIT_CAPACITY_EVIDENCE;BUREAU_CREDIT_HISTORY_QUALITY_EVIDENCE;BUREAU_RECENT_CREDIT_ACTIVITY_EVIDENCE
HC_HELDOUT_0000019,0.026628275029765,Approve,0.0360865164581387,Approve,0.0286279011572886,Approve,False,False,True,True,3.0,1.0,REPAYMENT_PERFORMANCE_QUALITY_EVIDENCE;BUREAU_ACTIVE_CREDIT_CAPACITY_EVIDENCE;BUREAU_CREDIT_HISTORY_QUALITY_EVIDENCE,BUREAU_CREDIT_HISTORY_QUALITY_EVIDENCE
HC_HELDOUT_0000020,0.1054650950472696,Reject,0.1393377392810322,Reject,0.1393377392810322,Reject,False,False,True,True,0.0,0.0,,
HC_HELDOUT_0000021,0.0166751647713595,Approve,0.0249648504720924,Approve,0.0249648504720924,Approve,False,False,True,True,0.0,0.0,,
HC_HELDOUT_0000022,0.0628660622315109,Approve,0.0628660622315109,Approve,0.0628660622315109,Approve,False,False,False,False,5.0,5.0,REPAYMENT_PERFORMANCE_QUALITY_EVIDENCE;BUREAU_ACTIVE_CREDIT_CAPACITY_EVIDENCE;BUREAU_CREDIT_HISTORY_QUALITY_EVIDENCE;BUREAU_RECENT_CREDIT_ACTIVITY_EVIDENCE;REPAYMENT_PRIOR_CREDIT_EXPERIENCE_EVIDENCE,BUREAU_RECENT_CREDIT_ACTIVITY_EVIDENCE;BUREAU_ACTIVE_CREDIT_CAPACITY_EVIDENCE;REPAYMENT_PRIOR_CREDIT_EXPERIENCE_EVIDENCE;BUREAU_CREDIT_HISTORY_QUALITY_EVIDENCE;REPAYMENT_PERFORMANCE_QUALITY_EVIDENCE
HC_HELDOUT_0000023,0.0377589524651878,Approve,0.0346308971815453,Approve,0.0349825003608749,Approve,False,False,True,True,3.0,2.0,REPAYMENT_PERFORMANCE_QUALITY_EVIDENCE;BUREAU_ACTIVE_CREDIT_CAPACITY_EVIDENCE;BUREAU_CREDIT_HISTORY_QUALITY_EVIDENCE,BUREAU_CREDIT_HISTORY_QUALITY_EVIDENCE;BUREAU_RECENT_CREDIT_ACTIVITY_EVIDENCE
HC_HELDOUT_0000024,0.1305165202637087,Reject,0.1305165202637087,Reject,0.1388570755883891,Reject,False,False,False,True,5.0,2.0,REPAYMENT_PERFORMANCE_QUALITY_EVIDENCE;BUREAU_ACTIVE_CREDIT_CAPACITY_EVIDENCE;BUREAU_CREDIT_HISTORY_QUALITY_EVIDENCE;BUREAU_RECENT_CREDIT_ACTIVITY_EVIDENCE;REPAYMENT_PRIOR_CREDIT_EXPERIENCE_EVIDENCE,REPAYMENT_PRIOR_CREDIT_EXPERIENCE_EVIDENCE;BUREAU_ACTIVE_CREDIT_CAPACITY_EVIDENCE
HC_HELDOUT_0000025,0.0478997243670891,Approve,0.0478997243670891,Approve,0.0478997243670891,Approve,False,False,False,False,5.0,5.0,REPAYMENT_PERFORMANCE_QUALITY_EVIDENCE;BUREAU_ACTIVE_CREDIT_CAPACITY_EVIDENCE;BUREAU_CREDIT_HISTORY_QUALITY_EVIDENCE;BUREAU_RECENT_CREDIT_ACTIVITY_EVIDENCE;REPAYMENT_PRIOR_CREDIT_EXPERIENCE_EVIDENCE,BUREAU_RECENT_CREDIT_ACTIVITY_EVIDENCE;REPAYMENT_PRIOR_CREDIT_EXPERIENCE_EVIDENCE;BUREAU_CREDIT_HISTORY_QUALITY_EVIDENCE;BUREAU_ACTIVE_CREDIT_CAPACITY_EVIDENCE;REPAYMENT_PERFORMANCE_QUALITY_EVIDENCE
HC_HELDOUT_0000026,0.1712649231805019,Reject,0.1926255684449422,Reject,0.1926255684449422,Reject,False,False,True,True,0.0,0.0,,
HC_HELDOUT_0000027,0.0218269702722729,Approve,0.0368250491701399,Approve,0.0335248081794817,Approve,False,False,True,True,1.0,1.0,REPAYMENT_PERFORMANCE_QUALITY_EVIDENCE,BUREAU_ACTIVE_CREDIT_CAPACITY_EVIDENCE
HC_HELDOUT_0000028,0.0692516278391037,Approve,0.0692516278391037,Approve,0.0692516278391037,Approve,False,False,False,False,5.0,5.0,REPAYMENT_PERFORMANCE_QUALITY_EVIDENCE;BUREAU_ACTIVE_CREDIT_CAPACITY_EVIDENCE;BUREAU_CREDIT_HISTORY_QUALITY_EVIDENCE;BUREAU_RECENT_CREDIT_ACTIVITY_EVIDENCE;REPAYMENT_PRIOR_CREDIT_EXPERIENCE_EVIDENCE,BUREAU_CREDIT_HISTORY_QUALITY_EVIDENCE;REPAYMENT_PERFORMANCE_QUALITY_EVIDENCE;BUREAU_ACTIVE_CREDIT_CAPACITY_EVIDENCE;BUREAU_RECENT_CREDIT_ACTIVITY_EVIDENCE;REPAYMENT_PRIOR_CREDIT_EXPERIENCE_EVIDENCE
HC_HELDOUT_0000029,0.0699009666775206,Approve,0.0699009666775206,Approve,0.0699009666775206,Approve,False,False,False,False,5.0,5.0,REPAYMENT_PERFORMANCE_QUALITY_EVIDENCE;BUREAU_ACTIVE_CREDIT_CAPACITY_EVIDENCE;BUREAU_CREDIT_HISTORY_QUALITY_EVIDENCE;BUREAU_RECENT_CREDIT_ACTIVITY_EVIDENCE;REPAYMENT_PRIOR_CREDIT_EXPERIENCE_EVIDENCE,BUREAU_ACTIVE_CREDIT_CAPACITY_EVIDENCE;BUREAU_CREDIT_HISTORY_QUALITY_EVIDENCE;BUREAU_RECENT_CREDIT_ACTIVITY_EVIDENCE;REPAYMENT_PERFORMANCE_QUALITY_EVIDENCE;REPAYMENT_PRIOR_CREDIT_EXPERIENCE_EVIDENCE
HC_HELDOUT_0000030,0.0121918464247247,Approve,0.0221523056281037,Approve,0.0221523056281037,Approve,False,False,True,True,0.0,0.0,,
HC_HELDOUT_0000031,0.0492473404513263,Approve,0.0492473404513263,Approve,0.0492473404513263,Approve,False,False,False,False,5.0,5.0,REPAYMENT_PERFORMANCE_QUALITY_EVIDENCE;BUREAU_ACTIVE_CREDIT_CAPACITY_EVIDENCE;BUREAU_CREDIT_HISTORY_QUALITY_EVIDENCE;BUREAU_RECENT_CREDIT_ACTIVITY_EVIDENCE;REPAYMENT_PRIOR_CREDIT_EXPERIENCE_EVIDENCE,BUREAU_RECENT_CREDIT_ACTIVITY_EVIDENCE;REPAYMENT_PRIOR_CREDIT_EXPERIENCE_EVIDENCE;BUREAU_CREDIT_HISTORY_QUALITY_EVIDENCE;BUREAU_ACTIVE_CREDIT_CAPACITY_EVIDENCE;REPAYMENT_PERFORMANCE_QUALITY_EVIDENCE
HC_HELDOUT_0000032,0.1437628093816246,Reject,0.2033139114168669,Reject,0.2033139114168669,Reject,False,False,True,True,0.0,0.0,,
HC_HELDOUT_0000033,0.0176673568279606,Approve,0.0219555096396252,Approve,0.0219555096396252,Approve,False,False,True,True,0.0,0.0,,
HC_HELDOUT_0000034,0.0656439708161165,Approve,0.0656439708161165,Approve,0.0656439708161165,Approve,False,False,False,False,5.0,5.0,REPAYMENT_PERFORMANCE_QUALITY_EVIDENCE;BUREAU_ACTIVE_CREDIT_CAPACITY_EVIDENCE;BUREAU_CREDIT_HISTORY_QUALITY_EVIDENCE;BUREAU_RECENT_CREDIT_ACTIVITY_EVIDENCE;REPAYMENT_PRIOR_CREDIT_EXPERIENCE_EVIDENCE,BUREAU_CREDIT_HISTORY_QUALITY_EVIDENCE;REPAYMENT_PRIOR_CREDIT_EXPERIENCE_EVIDENCE;BUREAU_RECENT_CREDIT_ACTIVITY_EVIDENCE;REPAYMENT_PERFORMANCE_QUALITY_EVIDENCE;BUREAU_ACTIVE_CREDIT_CAPACITY_EVIDENCE
HC_HELDOUT_0000035,0.041851139764442,Approve,0.041851139764442,Approve,0.0336218965243799,Approve,False,False,False,True,5.0,4.0,REPAYMENT_PERFORMANCE_QUALITY_EVIDENCE;BUREAU_ACTIVE_CREDIT_CAPACITY_EVIDENCE;BUREAU_CREDIT_HISTORY_QUALITY_EVIDENCE;BUREAU_RECENT_CREDIT_ACTIVITY_EVIDENCE;REPAYMENT_PRIOR_CREDIT_EXPERIENCE_EVIDENCE,REPAYMENT_PRIOR_CREDIT_EXPERIENCE_EVIDENCE;BUREAU_CREDIT_HISTORY_QUALITY_EVIDENCE;BUREAU_RECENT_CREDIT_ACTIVITY_EVIDENCE;BUREAU_ACTIVE_CREDIT_CAPACITY_EVIDENCE
HC_HELDOUT_0000036,0.3168669290089219,Reject,0.2174337144707414,Reject,0.2174337144707414,Reject,False,False,True,True,0.0,0.0,,
HC_HELDOUT_0000037,0.0504718109272263,Approve,0.0504718109272263,Approve,0.0504718109272263,Approve,False,False,False,False,5.0,5.0,REPAYMENT_PERFORMANCE_QUALITY_EVIDENCE;BUREAU_ACTIVE_CREDIT_CAPACITY_EVIDENCE;BUREAU_CREDIT_HISTORY_QUALITY_EVIDENCE;BUREAU_RECENT_CREDIT_ACTIVITY_EVIDENCE;REPAYMENT_PRIOR_CREDIT_EXPERIENCE_EVIDENCE,BUREAU_CREDIT_HISTORY_QUALITY_EVIDENCE;BUREAU_RECENT_CREDIT_ACTIVITY_EVIDENCE;REPAYMENT_PERFORMANCE_QUALITY_EVIDENCE;BUREAU_ACTIVE_CREDIT_CAPACITY_EVIDENCE;REPAYMENT_PRIOR_CREDIT_EXPERIENCE_EVIDENCE
HC_HELDOUT_0000038,0.0681120390404337,Approve,0.0681120390404337,Approve,0.0681120390404337,Approve,False,False,False,False,5.0,5.0,REPAYMENT_PERFORMANCE_QUALITY_EVIDENCE;BUREAU_ACTIVE_CREDIT_CAPACITY_EVIDENCE;BUREAU_CREDIT_HISTORY_QUALITY_EVIDENCE;BUREAU_RECENT_CREDIT_ACTIVITY_EVIDENCE;REPAYMENT_PRIOR_CREDIT_EXPERIENCE_EVIDENCE,REPAYMENT_PERFORMANCE_QUALITY_EVIDENCE;BUREAU_CREDIT_HISTORY_QUALITY_EVIDENCE;BUREAU_RECENT_CREDIT_ACTIVITY_EVIDENCE;REPAYMENT_PRIOR_CREDIT_EXPERIENCE_EVIDENCE;BUREAU_ACTIVE_CREDIT_CAPACITY_EVIDENCE
HC_HELDOUT_0000039,0.0385255791988387,Approve,0.0370275501895584,Approve,0.0363322194172676,Approve,False,False,True,True,2.0,2.0,REPAYMENT_PERFORMANCE_QUALITY_EVIDENCE;BUREAU_ACTIVE_CREDIT_CAPACITY_EVIDENCE,REPAYMENT_PRIOR_CREDIT_EXPERIENCE_EVIDENCE;BUREAU_ACTIVE_CREDIT_CAPACITY_EVIDENCE
HC_HELDOUT_0000040,0.0793681919801181,Approve,0.0793681919801181,Approve,0.0793681919801181,Approve,False,False,False,False,5.0,5.0,REPAYMENT_PERFORMANCE_QUALITY_EVIDENCE;BUREAU_ACTIVE_CREDIT_CAPACITY_EVIDENCE;BUREAU_CREDIT_HISTORY_QUALITY_EVIDENCE;BUREAU_RECENT_CREDIT_ACTIVITY_EVIDENCE;REPAYMENT_PRIOR_CREDIT_EXPERIENCE_EVIDENCE,BUREAU_RECENT_CREDIT_ACTIVITY_EVIDENCE;REPAYMENT_PERFORMANCE_QUALITY_EVIDENCE;REPAYMENT_PRIOR_CREDIT_EXPERIENCE_EVIDENCE;BUREAU_ACTIVE_CREDIT_CAPACITY_EVIDENCE;BUREAU_CREDIT_HISTORY_QUALITY_EVIDENCE
HC_HELDOUT_0000041,0.0318233683668834,Approve,0.0273620482862871,Approve,0.0273620482862871,Approve,False,False,True,True,0.0,0.0,,
HC_HELDOUT_0000042,0.0334890898437621,Approve,0.0231274425773934,Approve,0.0231274425773934,Approve,False,False,True,True,0.0,0.0,,
HC_HELDOUT_0000043,0.0503448692000612,Approve,0.0503448692000612,Approve,0.0503448692000612,Approve,False,False,False,False,5.0,5.0,REPAYMENT_PERFORMANCE_QUALITY_EVIDENCE;BUREAU_ACTIVE_CREDIT_CAPACITY_EVIDENCE;BUREAU_CREDIT_HISTORY_QUALITY_EVIDENCE;BUREAU_RECENT_CREDIT_ACTIVITY_EVIDENCE;REPAYMENT_PRIOR_CREDIT_EXPERIENCE_EVIDENCE,BUREAU_CREDIT_HISTORY_QUALITY_EVIDENCE;REPAYMENT_PRIOR_CREDIT_EXPERIENCE_EVIDENCE;REPAYMENT_PERFORMANCE_QUALITY_EVIDENCE;BUREAU_ACTIVE_CREDIT_CAPACITY_EVIDENCE;BUREAU_RECENT_CREDIT_ACTIVITY_EVIDENCE
HC_HELDOUT_0000044,0.0134891777888889,Approve,0.0273620482862871,Approve,0.0273620482862871,Approve,False,False,True,True,0.0,0.0,,
HC_HELDOUT_0000045,0.0901501726610505,Reject,0.0901501726610505,Reject,0.0901501726610505,Reject,False,False,False,False,5.0,5.0,REPAYMENT_PERFORMANCE_QUALITY_EVIDENCE;BUREAU_ACTIVE_CREDIT_CAPACITY_EVIDENCE;BUREAU_CREDIT_HISTORY_QUALITY_EVIDENCE;BUREAU_RECENT_CREDIT_ACTIVITY_EVIDENCE;REPAYMENT_PRIOR_CREDIT_EXPERIENCE_EVIDENCE,REPAYMENT_PERFORMANCE_QUALITY_EVIDENCE;BUREAU_RECENT_CREDIT_ACTIVITY_EVIDENCE;BUREAU_ACTIVE_CREDIT_CAPACITY_EVIDENCE;REPAYMENT_PRIOR_CREDIT_EXPERIENCE_EVIDENCE;BUREAU_CREDIT_HISTORY_QUALITY_EVIDENCE
HC_HELDOUT_0000046,0.0667998205785628,Approve,0.0667998205785628,Approve,0.0667998205785628,Approve,False,False,False,False,5.0,5.0,REPAYMENT_PERFORMANCE_QUALITY_EVIDENCE;BUREAU_ACTIVE_CREDIT_CAPACITY_EVIDENCE;BUREAU_CREDIT_HISTORY_QUALITY_EVIDENCE;BUREAU_RECENT_CREDIT_ACTIVITY_EVIDENCE;REPAYMENT_PRIOR_CREDIT_EXPERIENCE_EVIDENCE,BUREAU_RECENT_CREDIT_ACTIVITY_EVIDENCE;REPAYMENT_PRIOR_CREDIT_EXPERIENCE_EVIDENCE;BUREAU_ACTIVE_CREDIT_CAPACITY_EVIDENCE;REPAYMENT_PERFORMANCE_QUALITY_EVIDENCE;BUREAU_CREDIT_HISTORY_QUALITY_EVIDENCE
HC_HELDOUT_0000047,0.0302362680799628,Approve,0.0226647910922862,Approve,0.0226647910922862,Approve,False,False,True,True,0.0,0.0,,
HC_HELDOUT_0000048,0.0665691068795976,Approve,0.0665691068795976,Approve,0.0665691068795976,Approve,False,False,False,False,5.0,5.0,REPAYMENT_PERFORMANCE_QUALITY_EVIDENCE;BUREAU_ACTIVE_CREDIT_CAPACITY_EVIDENCE;BUREAU_CREDIT_HISTORY_QUALITY_EVIDENCE;BUREAU_RECENT_CREDIT_ACTIVITY_EVIDENCE;REPAYMENT_PRIOR_CREDIT_EXPERIENCE_EVIDENCE,REPAYMENT_PERFORMANCE_QUALITY_EVIDENCE;BUREAU_CREDIT_HISTORY_QUALITY_EVIDENCE;REPAYMENT_PRIOR_CREDIT_EXPERIENCE_EVIDENCE;BUREAU_ACTIVE_CREDIT_CAPACITY_EVIDENCE;BUREAU_RECENT_CREDIT_ACTIVITY_EVIDENCE
HC_HELDOUT_0000049,0.0229349563123524,Approve,0.0336438131735033,Approve,0.0336438131735033,Approve,False,False,True,True,1.0,1.0,REPAYMENT_PERFORMANCE_QUALITY_EVIDENCE,REPAYMENT_PERFORMANCE_QUALITY_EVIDENCE
HC_HELDOUT_0000050,0.0149191036384283,Approve,0.0199745794178899,Approve,0.0199745794178899,Approve,False,False,True,True,0.0,0.0,,
HC_HELDOUT_0000051,0.0239178933820369,Approve,0.0287823225227986,Approve,0.0287823225227986,Approve,False,False,True,True,0.0,0.0,,
HC_HELDOUT_0000052,0.0423987865363577,Approve,0.0423987865363577,Approve,0.0423987865363577,Approve,False,False,False,False,5.0,5.0,REPAYMENT_PERFORMANCE_QUALITY_EVIDENCE;BUREAU_ACTIVE_CREDIT_CAPACITY_EVIDENCE;BUREAU_CREDIT_HISTORY_QUALITY_EVIDENCE;BUREAU_RECENT_CREDIT_ACTIVITY_EVIDENCE;REPAYMENT_PRIOR_CREDIT_EXPERIENCE_EVIDENCE,BUREAU_CREDIT_HISTORY_QUALITY_EVIDENCE;REPAYMENT_PERFORMANCE_QUALITY_EVIDENCE;REPAYMENT_PRIOR_CREDIT_EXPERIENCE_EVIDENCE;BUREAU_ACTIVE_CREDIT_CAPACITY_EVIDENCE;BUREAU_RECENT_CREDIT_ACTIVITY_EVIDENCE
HC_HELDOUT_0000053,0.0557387963768089,Approve,0.0557387963768089,Approve,0.0557387963768089,Approve,False,False,False,False,5.0,5.0,REPAYMENT_PERFORMANCE_QUALITY_EVIDENCE;BUREAU_ACTIVE_CREDIT_CAPACITY_EVIDENCE;BUREAU_CREDIT_HISTORY_QUALITY_EVIDENCE;BUREAU_RECENT_CREDIT_ACTIVITY_EVIDENCE;REPAYMENT_PRIOR_CREDIT_EXPERIENCE_EVIDENCE,REPAYMENT_PERFORMANCE_QUALITY_EVIDENCE;BUREAU_CREDIT_HISTORY_QUALITY_EVIDENCE;BUREAU_RECENT_CREDIT_ACTIVITY_EVIDENCE;REPAYMENT_PRIOR_CREDIT_EXPERIENCE_EVIDENCE;BUREAU_ACTIVE_CREDIT_CAPACITY_EVIDENCE
HC_HELDOUT_0000054,0.167613127206461,Reject,0.1620719726139302,Reject,0.1620719726139302,Reject,False,False,True,True,1.0,1.0,REPAYMENT_PERFORMANCE_QUALITY_EVIDENCE,REPAYMENT_PERFORMANCE_QUALITY_EVIDENCE
HC_HELDOUT_0000055,0.0172895018575465,Approve,0.0351048007021886,Approve,0.0351048007021886,Approve,False,False,True,True,0.0,0.0,,
HC_HELDOUT_0000056,0.0603431749842895,Approve,0.0603431749842895,Approve,0.0603431749842895,Approve,False,False,False,False,5.0,5.0,REPAYMENT_PERFORMANCE_QUALITY_EVIDENCE;BUREAU_ACTIVE_CREDIT_CAPACITY_EVIDENCE;BUREAU_CREDIT_HISTORY_QUALITY_EVIDENCE;BUREAU_RECENT_CREDIT_ACTIVITY_EVIDENCE;REPAYMENT_PRIOR_CREDIT_EXPERIENCE_EVIDENCE,REPAYMENT_PERFORMANCE_QUALITY_EVIDENCE;BUREAU_RECENT_CREDIT_ACTIVITY_EVIDENCE;BUREAU_CREDIT_HISTORY_QUALITY_EVIDENCE;BUREAU_ACTIVE_CREDIT_CAPACITY_EVIDENCE;REPAYMENT_PRIOR_CREDIT_EXPERIENCE_EVIDENCE
HC_HELDOUT_0000057,0.0639927393948962,Approve,0.0639927393948962,Approve,0.0639927393948962,Approve,False,False,False,False,5.0,5.0,REPAYMENT_PERFORMANCE_QUALITY_EVIDENCE;BUREAU_ACTIVE_CREDIT_CAPACITY_EVIDENCE;BUREAU_CREDIT_HISTORY_QUALITY_EVIDENCE;BUREAU_RECENT_CREDIT_ACTIVITY_EVIDENCE;REPAYMENT_PRIOR_CREDIT_EXPERIENCE_EVIDENCE,REPAYMENT_PERFORMANCE_QUALITY_EVIDENCE;BUREAU_CREDIT_HISTORY_QUALITY_EVIDENCE;BUREAU_ACTIVE_CREDIT_CAPACITY_EVIDENCE;BUREAU_RECENT_CREDIT_ACTIVITY_EVIDENCE;REPAYMENT_PRIOR_CREDIT_EXPERIENCE_EVIDENCE
HC_HELDOUT_0000058,0.0259337735911916,Approve,0.0270225920807466,Approve,0.0270225920807466,Approve,False,False,True,True,0.0,0.0,,
HC_HELDOUT_0000059,0.0431039051256301,Approve,0.0367149407751412,Approve,0.0431039051256301,Approve,False,False,True,False,1.0,5.0,REPAYMENT_PERFORMANCE_QUALITY_EVIDENCE,BUREAU_CREDIT_HISTORY_QUALITY_EVIDENCE;BUREAU_RECENT_CREDIT_ACTIVITY_EVIDENCE;REPAYMENT_PRIOR_CREDIT_EXPERIENCE_EVIDENCE;BUREAU_ACTIVE_CREDIT_CAPACITY_EVIDENCE;REPAYMENT_PERFORMANCE_QUALITY_EVIDENCE
HC_HELDOUT_0000060,0.204412742332454,Reject,0.1561457049018288,Reject,0.1561457049018288,Reject,False,False,True,True,1.0,1.0,REPAYMENT_PERFORMANCE_QUALITY_EVIDENCE,REPAYMENT_PERFORMANCE_QUALITY_EVIDENCE
HC_HELDOUT_0000061,0.0451499707862364,Approve,0.0451499707862364,Approve,0.0451499707862364,Approve,False,False,False,False,5.0,5.0,REPAYMENT_PERFORMANCE_QUALITY_EVIDENCE;BUREAU_ACTIVE_CREDIT_CAPACITY_EVIDENCE;BUREAU_CREDIT_HISTORY_QUALITY_EVIDENCE;BUREAU_RECENT_CREDIT_ACTIVITY_EVIDENCE;REPAYMENT_PRIOR_CREDIT_EXPERIENCE_EVIDENCE,BUREAU_ACTIVE_CREDIT_CAPACITY_EVIDENCE;BUREAU_RECENT_CREDIT_ACTIVITY_EVIDENCE;BUREAU_CREDIT_HISTORY_QUALITY_EVIDENCE;REPAYMENT_PRIOR_CREDIT_EXPERIENCE_EVIDENCE;REPAYMENT_PERFORMANCE_QUALITY_EVIDENCE
HC_HELDOUT_0000062,0.0137769829907906,Approve,0.0165635453232985,Approve,0.0165635453232985,Approve,False,False,True,True,0.0,0.0,,
HC_HELDOUT_0000063,0.1717628826948174,Reject,0.1390294723327086,Reject,0.1390294723327086,Reject,False,False,True,True,0.0,0.0,,
HC_HELDOUT_0000064,0.0313125721693379,Approve,0.0219033612316654,Approve,0.0219033612316654,Approve,False,False,True,True,0.0,0.0,,
HC_HELDOUT_0000065,0.0854579666533232,Approve,0.1538741575029781,Reject,0.1538741575029781,Reject,True,True,True,True,0.0,0.0,,
HC_HELDOUT_0000066,0.0698825024233931,Approve,0.0698825024233931,Approve,0.0698825024233931,Approve,False,False,False,False,5.0,5.0,REPAYMENT_PERFORMANCE_QUALITY_EVIDENCE;BUREAU_ACTIVE_CREDIT_CAPACITY_EVIDENCE;BUREAU_CREDIT_HISTORY_QUALITY_EVIDENCE;BUREAU_RECENT_CREDIT_ACTIVITY_EVIDENCE;REPAYMENT_PRIOR_CREDIT_EXPERIENCE_EVIDENCE,BUREAU_RECENT_CREDIT_ACTIVITY_EVIDENCE;BUREAU_CREDIT_HISTORY_QUALITY_EVIDENCE;BUREAU_ACTIVE_CREDIT_CAPACITY_EVIDENCE;REPAYMENT_PERFORMANCE_QUALITY_EVIDENCE;REPAYMENT_PRIOR_CREDIT_EXPERIENCE_EVIDENCE
HC_HELDOUT_0000067,0.0272597700159547,Approve,0.0200076715778221,Approve,0.0200076715778221,Approve,False,False,True,True,0.0,0.0,,
HC_HELDOUT_0000068,0.0456197137714917,Approve,0.0322714057225463,Approve,0.0456197137714917,Approve,False,False,True,False,1.0,5.0,REPAYMENT_PERFORMANCE_QUALITY_EVIDENCE,REPAYMENT_PRIOR_CREDIT_EXPERIENCE_EVIDENCE;BUREAU_RECENT_CREDIT_ACTIVITY_EVIDENCE;BUREAU_CREDIT_HISTORY_QUALITY_EVIDENCE;REPAYMENT_PERFORMANCE_QUALITY_EVIDENCE;BUREAU_ACTIVE_CREDIT_CAPACITY_EVIDENCE
HC_HELDOUT_0000069,0.0524314249631479,Approve,0.0524314249631479,Approve,0.0524314249631479,Approve,False,False,False,False,5.0,5.0,REPAYMENT_PERFORMANCE_QUALITY_EVIDENCE;BUREAU_ACTIVE_CREDIT_CAPACITY_EVIDENCE;BUREAU_CREDIT_HISTORY_QUALITY_EVIDENCE;BUREAU_RECENT_CREDIT_ACTIVITY_EVIDENCE;REPAYMENT_PRIOR_CREDIT_EXPERIENCE_EVIDENCE,BUREAU_RECENT_CREDIT_ACTIVITY_EVIDENCE;BUREAU_ACTIVE_CREDIT_CAPACITY_EVIDENCE;BUREAU_CREDIT_HISTORY_QUALITY_EVIDENCE;REPAYMENT_PERFORMANCE_QUALITY_EVIDENCE;REPAYMENT_PRIOR_CREDIT_EXPERIENCE_EVIDENCE
HC_HELDOUT_0000070,0.1415110894993566,Reject,0.1884888471622307,Reject,0.1884888471622307,Reject,False,False,True,True,0.0,0.0,,
HC_HELDOUT_0000071,0.0560671753465665,Approve,0.0358680943574312,Approve,0.0560671753465665,Approve,False,False,True,False,1.0,5.0,REPAYMENT_PERFORMANCE_QUALITY_EVIDENCE,REPAYMENT_PRIOR_CREDIT_EXPERIENCE_EVIDENCE;BUREAU_CREDIT_HISTORY_QUALITY_EVIDENCE;BUREAU_RECENT_CREDIT_ACTIVITY_EVIDENCE;BUREAU_ACTIVE_CREDIT_CAPACITY_EVIDENCE;REPAYMENT_PERFORMANCE_QUALITY_EVIDENCE
HC_HELDOUT_0000072,0.1035610190505482,Reject,0.182453132651245,Reject,0.182453132651245,Reject,False,False,True,True,0.0,0.0,,
HC_HELDOUT_0000073,0.1297154402654159,Reject,0.1728495522213259,Reject,0.1728495522213259,Reject,False,False,True,True,0.0,0.0,,
HC_HELDOUT_0000074,0.0217763098378424,Approve,0.0298747020225032,Approve,0.0298747020225032,Approve,False,False,True,True,0.0,0.0,,
HC_HELDOUT_0000075,0.0604710467021387,Approve,0.1550659208321977,Reject,0.1550659208321977,Reject,True,True,True,True,0.0,0.0,,
HC_HELDOUT_0000076,0.2537249247073374,Reject,0.2051921450771276,Reject,0.2051921450771276,Reject,False,False,True,True,0.0,0.0,,
HC_HELDOUT_0000077,0.0363545772831661,Approve,0.0169747804280785,Approve,0.0169747804280785,Approve,False,False,True,True,0.0,0.0,,
HC_HELDOUT_0000078,0.0900546801716681,Reject,0.0900546801716681,Reject,0.0900546801716681,Reject,False,False,False,False,5.0,5.0,REPAYMENT_PERFORMANCE_QUALITY_EVIDENCE;BUREAU_ACTIVE_CREDIT_CAPACITY_EVIDENCE;BUREAU_CREDIT_HISTORY_QUALITY_EVIDENCE;BUREAU_RECENT_CREDIT_ACTIVITY_EVIDENCE;REPAYMENT_PRIOR_CREDIT_EXPERIENCE_EVIDENCE,REPAYMENT_PERFORMANCE_QUALITY_EVIDENCE;BUREAU_RECENT_CREDIT_ACTIVITY_EVIDENCE;BUREAU_ACTIVE_CREDIT_CAPACITY_EVIDENCE;BUREAU_CREDIT_HISTORY_QUALITY_EVIDENCE;REPAYMENT_PRIOR_CREDIT_EXPERIENCE_EVIDENCE
HC_HELDOUT_0000079,0.0523045702290915,Approve,0.0523045702290915,Approve,0.0523045702290915,Approve,False,False,False,False,5.0,5.0,REPAYMENT_PERFORMANCE_QUALITY_EVIDENCE;BUREAU_ACTIVE_CREDIT_CAPACITY_EVIDENCE;BUREAU_CREDIT_HISTORY_QUALITY_EVIDENCE;BUREAU_RECENT_CREDIT_ACTIVITY_EVIDENCE;REPAYMENT_PRIOR_CREDIT_EXPERIENCE_EVIDENCE,BUREAU_ACTIVE_CREDIT_CAPACITY_EVIDENCE;BUREAU_RECENT_CREDIT_ACTIVITY_EVIDENCE;REPAYMENT_PERFORMANCE_QUALITY_EVIDENCE;BUREAU_CREDIT_HISTORY_QUALITY_EVIDENCE;REPAYMENT_PRIOR_CREDIT_EXPERIENCE_EVIDENCE
HC_HELDOUT_0000080,0.1027667218879813,Reject,0.1474318834147151,Reject,0.1027667218879813,Reject,False,False,True,False,2.0,5.0,REPAYMENT_PERFORMANCE_QUALITY_EVIDENCE;BUREAU_ACTIVE_CREDIT_CAPACITY_EVIDENCE,BUREAU_CREDIT_HISTORY_QUALITY_EVIDENCE;BUREAU_ACTIVE_CREDIT_CAPACITY_EVIDENCE;BUREAU_RECENT_CREDIT_ACTIVITY_EVIDENCE;REPAYMENT_PERFORMANCE_QUALITY_EVIDENCE;REPAYMENT_PRIOR_CREDIT_EXPERIENCE_EVIDENCE
HC_HELDOUT_0000081,0.0986323719130768,Reject,0.1668731514553823,Reject,0.1668731514553823,Reject,False,False,True,True,0.0,0.0,,
HC_HELDOUT_0000082,0.0271404528139337,Approve,0.0293230660445268,Approve,0.0293230660445268,Approve,False,False,True,True,1.0,1.0,REPAYMENT_PERFORMANCE_QUALITY_EVIDENCE,REPAYMENT_PERFORMANCE_QUALITY_EVIDENCE
HC_HELDOUT_0000083,0.1944213355070208,Reject,0.1954796631634941,Reject,0.1954796631634941,Reject,False,False,True,True,0.0,0.0,,
HC_HELDOUT_0000084,0.1190381971179307,Reject,0.1190381971179307,Reject,0.1190381971179307,Reject,False,False,False,False,5.0,5.0,REPAYMENT_PERFORMANCE_QUALITY_EVIDENCE;BUREAU_ACTIVE_CREDIT_CAPACITY_EVIDENCE;BUREAU_CREDIT_HISTORY_QUALITY_EVIDENCE;BUREAU_RECENT_CREDIT_ACTIVITY_EVIDENCE;REPAYMENT_PRIOR_CREDIT_EXPERIENCE_EVIDENCE,REPAYMENT_PERFORMANCE_QUALITY_EVIDENCE;BUREAU_ACTIVE_CREDIT_CAPACITY_EVIDENCE;BUREAU_CREDIT_HISTORY_QUALITY_EVIDENCE;REPAYMENT_PRIOR_CREDIT_EXPERIENCE_EVIDENCE;BUREAU_RECENT_CREDIT_ACTIVITY_EVIDENCE
HC_HELDOUT_0000085,0.2381786997031394,Reject,0.1965344580916962,Reject,0.1965344580916962,Reject,False,False,True,True,0.0,0.0,,
HC_HELDOUT_0000086,0.0801308689183486,Approve,0.0801308689183486,Approve,0.0801308689183486,Approve,False,False,False,False,5.0,5.0,REPAYMENT_PERFORMANCE_QUALITY_EVIDENCE;BUREAU_ACTIVE_CREDIT_CAPACITY_EVIDENCE;BUREAU_CREDIT_HISTORY_QUALITY_EVIDENCE;BUREAU_RECENT_CREDIT_ACTIVITY_EVIDENCE;REPAYMENT_PRIOR_CREDIT_EXPERIENCE_EVIDENCE,REPAYMENT_PERFORMANCE_QUALITY_EVIDENCE;BUREAU_RECENT_CREDIT_ACTIVITY_EVIDENCE;BUREAU_ACTIVE_CREDIT_CAPACITY_EVIDENCE;REPAYMENT_PRIOR_CREDIT_EXPERIENCE_EVIDENCE;BUREAU_CREDIT_HISTORY_QUALITY_EVIDENCE
HC_HELDOUT_0000087,0.0488504141553399,Approve,0.0320791439549972,Approve,0.0320791439549972,Approve,False,False,True,True,0.0,0.0,,
HC_HELDOUT_0000088,0.0397877351697602,Approve,0.0320640077062001,Approve,0.0397877351697602,Approve,False,False,True,False,1.0,5.0,REPAYMENT_PERFORMANCE_QUALITY_EVIDENCE,BUREAU_CREDIT_HISTORY_QUALITY_EVIDENCE;BUREAU_RECENT_CREDIT_ACTIVITY_EVIDENCE;REPAYMENT_PRIOR_CREDIT_EXPERIENCE_EVIDENCE;BUREAU_ACTIVE_CREDIT_CAPACITY_EVIDENCE;REPAYMENT_PERFORMANCE_QUALITY_EVIDENCE
HC_HELDOUT_0000089,0.0582795236850853,Approve,0.0582795236850853,Approve,0.0582795236850853,Approve,False,False,False,False,5.0,5.0,REPAYMENT_PERFORMANCE_QUALITY_EVIDENCE;BUREAU_ACTIVE_CREDIT_CAPACITY_EVIDENCE;BUREAU_CREDIT_HISTORY_QUALITY_EVIDENCE;BUREAU_RECENT_CREDIT_ACTIVITY_EVIDENCE;REPAYMENT_PRIOR_CREDIT_EXPERIENCE_EVIDENCE,BUREAU_ACTIVE_CREDIT_CAPACITY_EVIDENCE;REPAYMENT_PRIOR_CREDIT_EXPERIENCE_EVIDENCE;BUREAU_CREDIT_HISTORY_QUALITY_EVIDENCE;BUREAU_RECENT_CREDIT_ACTIVITY_EVIDENCE;REPAYMENT_PERFORMANCE_QUALITY_EVIDENCE
HC_HELDOUT_0000090,0.0475099814650671,Approve,0.0475099814650671,Approve,0.0475099814650671,Approve,False,False,False,False,5.0,5.0,REPAYMENT_PERFORMANCE_QUALITY_EVIDENCE;BUREAU_ACTIVE_CREDIT_CAPACITY_EVIDENCE;BUREAU_CREDIT_HISTORY_QUALITY_EVIDENCE;BUREAU_RECENT_CREDIT_ACTIVITY_EVIDENCE;REPAYMENT_PRIOR_CREDIT_EXPERIENCE_EVIDENCE,BUREAU_ACTIVE_CREDIT_CAPACITY_EVIDENCE;BUREAU_RECENT_CREDIT_ACTIVITY_EVIDENCE;BUREAU_CREDIT_HISTORY_QUALITY_EVIDENCE;REPAYMENT_PRIOR_CREDIT_EXPERIENCE_EVIDENCE;REPAYMENT_PERFORMANCE_QUALITY_EVIDENCE
HC_HELDOUT_0000091,0.0121480245904609,Approve,0.0219555096396252,Approve,0.0219555096396252,Approve,False,False,True,True,0.0,0.0,,
HC_HELDOUT_0000092,0.1992332080630663,Reject,0.2182622629280554,Reject,0.2182622629280554,Reject,False,False,True,True,0.0,0.0,,
HC_HELDOUT_0000093,0.0328598837687087,Approve,0.0368962585908056,Approve,0.0368962585908056,Approve,False,False,True,True,2.0,2.0,REPAYMENT_PERFORMANCE_QUALITY_EVIDENCE;BUREAU_ACTIVE_CREDIT_CAPACITY_EVIDENCE,BUREAU_ACTIVE_CREDIT_CAPACITY_EVIDENCE;REPAYMENT_PERFORMANCE_QUALITY_EVIDENCE
HC_HELDOUT_0000094,0.0201278934790824,Approve,0.0256399162165102,Approve,0.0256399162165102,Approve,False,False,True,True,0.0,0.0,,
HC_HELDOUT_0000095,0.0841635334792843,Approve,0.1558719950689617,Reject,0.1558719950689617,Reject,True,True,True,True,0.0,0.0,,
HC_HELDOUT_0000096,0.1577877919312279,Reject,0.1926255684449422,Reject,0.1926255684449422,Reject,False,False,True,True,0.0,0.0,,
HC_HELDOUT_0000097,0.0679435060694639,Approve,0.0679435060694639,Approve,0.0679435060694639,Approve,False,False,False,False,5.0,5.0,REPAYMENT_PERFORMANCE_QUALITY_EVIDENCE;BUREAU_ACTIVE_CREDIT_CAPACITY_EVIDENCE;BUREAU_CREDIT_HISTORY_QUALITY_EVIDENCE;BUREAU_RECENT_CREDIT_ACTIVITY_EVIDENCE;REPAYMENT_PRIOR_CREDIT_EXPERIENCE_EVIDENCE,BUREAU_CREDIT_HISTORY_QUALITY_EVIDENCE;BUREAU_RECENT_CREDIT_ACTIVITY_EVIDENCE;BUREAU_ACTIVE_CREDIT_CAPACITY_EVIDENCE;REPAYMENT_PERFORMANCE_QUALITY_EVIDENCE;REPAYMENT_PRIOR_CREDIT_EXPERIENCE_EVIDENCE
HC_HELDOUT_0000098,0.0890621256709841,Reject,0.0890621256709841,Reject,0.0890621256709841,Reject,False,False,False,False,5.0,5.0,REPAYMENT_PERFORMANCE_QUALITY_EVIDENCE;BUREAU_ACTIVE_CREDIT_CAPACITY_EVIDENCE;BUREAU_CREDIT_HISTORY_QUALITY_EVIDENCE;BUREAU_RECENT_CREDIT_ACTIVITY_EVIDENCE;REPAYMENT_PRIOR_CREDIT_EXPERIENCE_EVIDENCE,REPAYMENT_PRIOR_CREDIT_EXPERIENCE_EVIDENCE;BUREAU_RECENT_CREDIT_ACTIVITY_EVIDENCE;BUREAU_CREDIT_HISTORY_QUALITY_EVIDENCE;REPAYMENT_PERFORMANCE_QUALITY_EVIDENCE;BUREAU_ACTIVE_CREDIT_CAPACITY_EVIDENCE
HC_HELDOUT_0000099,0.2419884816367629,Reject,0.165272736059799,Reject,0.165272736059799,Reject,False,False,True,True,0.0,0.0,,
HC_HELDOUT_0000100,0.1992332080630663,Reject,0.2182622629280554,Reject,0.2182622629280554,Reject,False,False,True,True,0.0,0.0,,
HC_HELDOUT_0000101,0.0575176099077146,Approve,0.0575176099077146,Approve,0.0575176099077146,Approve,False,False,False,False,5.0,5.0,REPAYMENT_PERFORMANCE_QUALITY_EVIDENCE;BUREAU_ACTIVE_CREDIT_CAPACITY_EVIDENCE;BUREAU_CREDIT_HISTORY_QUALITY_EVIDENCE;BUREAU_RECENT_CREDIT_ACTIVITY_EVIDENCE;REPAYMENT_PRIOR_CREDIT_EXPERIENCE_EVIDENCE,BUREAU_ACTIVE_CREDIT_CAPACITY_EVIDENCE;BUREAU_CREDIT_HISTORY_QUALITY_EVIDENCE;BUREAU_RECENT_CREDIT_ACTIVITY_EVIDENCE;REPAYMENT_PERFORMANCE_QUALITY_EVIDENCE;REPAYMENT_PRIOR_CREDIT_EXPERIENCE_EVIDENCE
HC_HELDOUT_0000102,0.0332293338336279,Approve,0.0329946182519834,Approve,0.0349062978743745,Approve,False,False,True,True,3.0,1.0,REPAYMENT_PERFORMANCE_QUALITY_EVIDENCE;BUREAU_ACTIVE_CREDIT_CAPACITY_EVIDENCE;BUREAU_CREDIT_HISTORY_QUALITY_EVIDENCE,BUREAU_CREDIT_HISTORY_QUALITY_EVIDENCE
HC_HELDOUT_0000103,0.0560262238351351,Approve,0.0560262238351351,Approve,0.0560262238351351,Approve,False,False,False,False,5.0,5.0,REPAYMENT_PERFORMANCE_QUALITY_EVIDENCE;BUREAU_ACTIVE_CREDIT_CAPACITY_EVIDENCE;BUREAU_CREDIT_HISTORY_QUALITY_EVIDENCE;BUREAU_RECENT_CREDIT_ACTIVITY_EVIDENCE;REPAYMENT_PRIOR_CREDIT_EXPERIENCE_EVIDENCE,BUREAU_ACTIVE_CREDIT_CAPACITY_EVIDENCE;REPAYMENT_PRIOR_CREDIT_EXPERIENCE_EVIDENCE;BUREAU_CREDIT_HISTORY_QUALITY_EVIDENCE;REPAYMENT_PERFORMANCE_QUALITY_EVIDENCE;BUREAU_RECENT_CREDIT_ACTIVITY_EVIDENCE
HC_HELDOUT_0000104,0.073448253053481,Approve,0.073448253053481,Approve,0.073448253053481,Approve,False,False,False,False,5.0,5.0,REPAYMENT_PERFORMANCE_QUALITY_EVIDENCE;BUREAU_ACTIVE_CREDIT_CAPACITY_EVIDENCE;BUREAU_CREDIT_HISTORY_QUALITY_EVIDENCE;BUREAU_RECENT_CREDIT_ACTIVITY_EVIDENCE;REPAYMENT_PRIOR_CREDIT_EXPERIENCE_EVIDENCE,BUREAU_ACTIVE_CREDIT_CAPACITY_EVIDENCE;BUREAU_CREDIT_HISTORY_QUALITY_EVIDENCE;BUREAU_RECENT_CREDIT_ACTIVITY_EVIDENCE;REPAYMENT_PERFORMANCE_QUALITY_EVIDENCE;REPAYMENT_PRIOR_CREDIT_EXPERIENCE_EVIDENCE
HC_HELDOUT_0000105,0.0483421266805379,Approve,0.0483421266805379,Approve,0.0483421266805379,Approve,False,False,False,False,5.0,5.0,REPAYMENT_PERFORMANCE_QUALITY_EVIDENCE;BUREAU_ACTIVE_CREDIT_CAPACITY_EVIDENCE;BUREAU_CREDIT_HISTORY_QUALITY_EVIDENCE;BUREAU_RECENT_CREDIT_ACTIVITY_EVIDENCE;REPAYMENT_PRIOR_CREDIT_EXPERIENCE_EVIDENCE,REPAYMENT_PERFORMANCE_QUALITY_EVIDENCE;BUREAU_ACTIVE_CREDIT_CAPACITY_EVIDENCE;REPAYMENT_PRIOR_CREDIT_EXPERIENCE_EVIDENCE;BUREAU_CREDIT_HISTORY_QUALITY_EVIDENCE;BUREAU_RECENT_CREDIT_ACTIVITY_EVIDENCE
HC_HELDOUT_0000106,0.030252665445926,Approve,0.0364693513199726,Approve,0.0348942277899964,Approve,False,False,True,True,3.0,3.0,REPAYMENT_PERFORMANCE_QUALITY_EVIDENCE;BUREAU_ACTIVE_CREDIT_CAPACITY_EVIDENCE;BUREAU_CREDIT_HISTORY_QUALITY_EVIDENCE,BUREAU_ACTIVE_CREDIT_CAPACITY_EVIDENCE;REPAYMENT_PERFORMANCE_QUALITY_EVIDENCE;REPAYMENT_PRIOR_CREDIT_EXPERIENCE_EVIDENCE
HC_HELDOUT_0000107,0.0119671132261869,Approve,0.0185416799758183,Approve,0.0185416799758183,Approve,False,False,True,True,0.0,0.0,,
HC_HELDOUT_0000108,0.0694189619378091,Approve,0.0694189619378091,Approve,0.0694189619378091,Approve,False,False,False,False,5.0,5.0,REPAYMENT_PERFORMANCE_QUALITY_EVIDENCE;BUREAU_ACTIVE_CREDIT_CAPACITY_EVIDENCE;BUREAU_CREDIT_HISTORY_QUALITY_EVIDENCE;BUREAU_RECENT_CREDIT_ACTIVITY_EVIDENCE;REPAYMENT_PRIOR_CREDIT_EXPERIENCE_EVIDENCE,REPAYMENT_PRIOR_CREDIT_EXPERIENCE_EVIDENCE;BUREAU_RECENT_CREDIT_ACTIVITY_EVIDENCE;REPAYMENT_PERFORMANCE_QUALITY_EVIDENCE;BUREAU_CREDIT_HISTORY_QUALITY_EVIDENCE;BUREAU_ACTIVE_CREDIT_CAPACITY_EVIDENCE
HC_HELDOUT_0000109,0.0342425766719448,Approve,0.0342425766719448,Approve,0.0353072516032425,Approve,False,False,False,True,5.0,3.0,REPAYMENT_PERFORMANCE_QUALITY_EVIDENCE;BUREAU_ACTIVE_CREDIT_CAPACITY_EVIDENCE;BUREAU_CREDIT_HISTORY_QUALITY_EVIDENCE;BUREAU_RECENT_CREDIT_ACTIVITY_EVIDENCE;REPAYMENT_PRIOR_CREDIT_EXPERIENCE_EVIDENCE,BUREAU_ACTIVE_CREDIT_CAPACITY_EVIDENCE;REPAYMENT_PERFORMANCE_QUALITY_EVIDENCE;BUREAU_RECENT_CREDIT_ACTIVITY_EVIDENCE
HC_HELDOUT_0000110,0.242600037774285,Reject,0.1926255684449422,Reject,0.1926255684449422,Reject,False,False,True,True,0.0,0.0,,
HC_HELDOUT_0000111,0.0399101756371399,Approve,0.0318719639362418,Approve,0.0318719639362418,Approve,False,False,True,True,0.0,0.0,,
HC_HELDOUT_0000112,0.0689452768077232,Approve,0.0689452768077232,Approve,0.0689452768077232,Approve,False,False,False,False,5.0,5.0,REPAYMENT_PERFORMANCE_QUALITY_EVIDENCE;BUREAU_ACTIVE_CREDIT_CAPACITY_EVIDENCE;BUREAU_CREDIT_HISTORY_QUALITY_EVIDENCE;BUREAU_RECENT_CREDIT_ACTIVITY_EVIDENCE;REPAYMENT_PRIOR_CREDIT_EXPERIENCE_EVIDENCE,BUREAU_CREDIT_HISTORY_QUALITY_EVIDENCE;BUREAU_RECENT_CREDIT_ACTIVITY_EVIDENCE;BUREAU_ACTIVE_CREDIT_CAPACITY_EVIDENCE;REPAYMENT_PRIOR_CREDIT_EXPERIENCE_EVIDENCE;REPAYMENT_PERFORMANCE_QUALITY_EVIDENCE
HC_HELDOUT_0000113,0.1063933023545822,Reject,0.155704097606729,Reject,0.155704097606729,Reject,False,False,True,True,0.0,0.0,,
HC_HELDOUT_0000114,0.1771136682609081,Reject,0.1478302331090678,Reject,0.1425580155179583,Reject,False,False,True,True,3.0,1.0,REPAYMENT_PERFORMANCE_QUALITY_EVIDENCE;BUREAU_ACTIVE_CREDIT_CAPACITY_EVIDENCE;BUREAU_CREDIT_HISTORY_QUALITY_EVIDENCE,BUREAU_CREDIT_HISTORY_QUALITY_EVIDENCE
HC_HELDOUT_0000115,0.0275637611403639,Approve,0.0289544363704073,Approve,0.0289544363704073,Approve,False,False,True,True,0.0,0.0,,
HC_HELDOUT_0000116,0.0269632850593927,Approve,0.027720577681974,Approve,0.027720577681974,Approve,False,False,True,True,0.0,0.0,,
HC_HELDOUT_0000117,0.0440374707749731,Approve,0.0440374707749731,Approve,0.0440374707749731,Approve,False,False,False,False,5.0,5.0,REPAYMENT_PERFORMANCE_QUALITY_EVIDENCE;BUREAU_ACTIVE_CREDIT_CAPACITY_EVIDENCE;BUREAU_CREDIT_HISTORY_QUALITY_EVIDENCE;BUREAU_RECENT_CREDIT_ACTIVITY_EVIDENCE;REPAYMENT_PRIOR_CREDIT_EXPERIENCE_EVIDENCE,REPAYMENT_PERFORMANCE_QUALITY_EVIDENCE;BUREAU_ACTIVE_CREDIT_CAPACITY_EVIDENCE;BUREAU_RECENT_CREDIT_ACTIVITY_EVIDENCE;BUREAU_CREDIT_HISTORY_QUALITY_EVIDENCE;REPAYMENT_PRIOR_CREDIT_EXPERIENCE_EVIDENCE
HC_HELDOUT_0000118,0.0997524003773316,Reject,0.1389378047555237,Reject,0.0997524003773316,Reject,False,False,True,False,1.0,5.0,REPAYMENT_PERFORMANCE_QUALITY_EVIDENCE,BUREAU_CREDIT_HISTORY_QUALITY_EVIDENCE;BUREAU_ACTIVE_CREDIT_CAPACITY_EVIDENCE;BUREAU_RECENT_CREDIT_ACTIVITY_EVIDENCE;REPAYMENT_PERFORMANCE_QUALITY_EVIDENCE;REPAYMENT_PRIOR_CREDIT_EXPERIENCE_EVIDENCE
HC_HELDOUT_0000119,0.0462017011855001,Approve,0.0462017011855001,Approve,0.0462017011855001,Approve,False,False,False,False,5.0,5.0,REPAYMENT_PERFORMANCE_QUALITY_EVIDENCE;BUREAU_ACTIVE_CREDIT_CAPACITY_EVIDENCE;BUREAU_CREDIT_HISTORY_QUALITY_EVIDENCE;BUREAU_RECENT_CREDIT_ACTIVITY_EVIDENCE;REPAYMENT_PRIOR_CREDIT_EXPERIENCE_EVIDENCE,BUREAU_RECENT_CREDIT_ACTIVITY_EVIDENCE;BUREAU_CREDIT_HISTORY_QUALITY_EVIDENCE;BUREAU_ACTIVE_CREDIT_CAPACITY_EVIDENCE;REPAYMENT_PERFORMANCE_QUALITY_EVIDENCE;REPAYMENT_PRIOR_CREDIT_EXPERIENCE_EVIDENCE
HC_HELDOUT_0000120,0.0253999672608241,Approve,0.0199745794178899,Approve,0.0199745794178899,Approve,False,False,True,True,0.0,0.0,,
HC_HELDOUT_0000121,0.1685750255090994,Reject,0.1754743138604319,Reject,0.1754743138604319,Reject,False,False,True,True,0.0,0.0,,
HC_HELDOUT_0000122,0.0261153477131687,Approve,0.0238968193426018,Approve,0.0238968193426018,Approve,False,False,True,True,0.0,0.0,,
HC_HELDOUT_0000123,0.0369924616846359,Approve,0.0249057363374974,Approve,0.0249057363374974,Approve,False,False,True,True,0.0,0.0,,
HC_HELDOUT_0000124,0.0333741137722455,Approve,0.0369130795542216,Approve,0.0366420018071723,Approve,False,False,True,True,3.0,2.0,REPAYMENT_PERFORMANCE_QUALITY_EVIDENCE;BUREAU_ACTIVE_CREDIT_CAPACITY_EVIDENCE;BUREAU_CREDIT_HISTORY_QUALITY_EVIDENCE,REPAYMENT_PERFORMANCE_QUALITY_EVIDENCE;BUREAU_RECENT_CREDIT_ACTIVITY_EVIDENCE
HC_HELDOUT_0000125,0.090624984283441,Reject,0.090624984283441,Reject,0.090624984283441,Reject,False,False,False,False,5.0,5.0,REPAYMENT_PERFORMANCE_QUALITY_EVIDENCE;BUREAU_ACTIVE_CREDIT_CAPACITY_EVIDENCE;BUREAU_CREDIT_HISTORY_QUALITY_EVIDENCE;BUREAU_RECENT_CREDIT_ACTIVITY_EVIDENCE;REPAYMENT_PRIOR_CREDIT_EXPERIENCE_EVIDENCE,BUREAU_ACTIVE_CREDIT_CAPACITY_EVIDENCE;BUREAU_CREDIT_HISTORY_QUALITY_EVIDENCE;REPAYMENT_PRIOR_CREDIT_EXPERIENCE_EVIDENCE;REPAYMENT_PERFORMANCE_QUALITY_EVIDENCE;BUREAU_RECENT_CREDIT_ACTIVITY_EVIDENCE
HC_HELDOUT_0000126,0.0748048628948989,Approve,0.0748048628948989,Approve,0.0748048628948989,Approve,False,False,False,False,5.0,5.0,REPAYMENT_PERFORMANCE_QUALITY_EVIDENCE;BUREAU_ACTIVE_CREDIT_CAPACITY_EVIDENCE;BUREAU_CREDIT_HISTORY_QUALITY_EVIDENCE;BUREAU_RECENT_CREDIT_ACTIVITY_EVIDENCE;REPAYMENT_PRIOR_CREDIT_EXPERIENCE_EVIDENCE,BUREAU_ACTIVE_CREDIT_CAPACITY_EVIDENCE;REPAYMENT_PERFORMANCE_QUALITY_EVIDENCE;BUREAU_RECENT_CREDIT_ACTIVITY_EVIDENCE;REPAYMENT_PRIOR_CREDIT_EXPERIENCE_EVIDENCE;BUREAU_CREDIT_HISTORY_QUALITY_EVIDENCE
HC_HELDOUT_0000127,0.0549536991586845,Approve,0.0549536991586845,Approve,0.0549536991586845,Approve,False,False,False,False,5.0,5.0,REPAYMENT_PERFORMANCE_QUALITY_EVIDENCE;BUREAU_ACTIVE_CREDIT_CAPACITY_EVIDENCE;BUREAU_CREDIT_HISTORY_QUALITY_EVIDENCE;BUREAU_RECENT_CREDIT_ACTIVITY_EVIDENCE;REPAYMENT_PRIOR_CREDIT_EXPERIENCE_EVIDENCE,BUREAU_CREDIT_HISTORY_QUALITY_EVIDENCE;REPAYMENT_PERFORMANCE_QUALITY_EVIDENCE;REPAYMENT_PRIOR_CREDIT_EXPERIENCE_EVIDENCE;BUREAU_RECENT_CREDIT_ACTIVITY_EVIDENCE;BUREAU_ACTIVE_CREDIT_CAPACITY_EVIDENCE
HC_HELDOUT_0000128,0.019456200971609,Approve,0.0355816799993459,Approve,0.0355816799993459,Approve,False,False,True,True,0.0,0.0,,
HC_HELDOUT_0000129,0.0803271250077777,Approve,0.0803271250077777,Approve,0.0803271250077777,Approve,False,False,False,False,5.0,5.0,REPAYMENT_PERFORMANCE_QUALITY_EVIDENCE;BUREAU_ACTIVE_CREDIT_CAPACITY_EVIDENCE;BUREAU_CREDIT_HISTORY_QUALITY_EVIDENCE;BUREAU_RECENT_CREDIT_ACTIVITY_EVIDENCE;REPAYMENT_PRIOR_CREDIT_EXPERIENCE_EVIDENCE,REPAYMENT_PERFORMANCE_QUALITY_EVIDENCE;BUREAU_CREDIT_HISTORY_QUALITY_EVIDENCE;BUREAU_RECENT_CREDIT_ACTIVITY_EVIDENCE;REPAYMENT_PRIOR_CREDIT_EXPERIENCE_EVIDENCE;BUREAU_ACTIVE_CREDIT_CAPACITY_EVIDENCE
HC_HELDOUT_0000130,0.2347502777010333,Reject,0.1672114443639565,Reject,0.1672114443639565,Reject,False,False,True,True,0.0,0.0,,
HC_HELDOUT_0000131,0.0667778614129571,Approve,0.0667778614129571,Approve,0.0667778614129571,Approve,False,False,False,False,5.0,5.0,REPAYMENT_PERFORMANCE_QUALITY_EVIDENCE;BUREAU_ACTIVE_CREDIT_CAPACITY_EVIDENCE;BUREAU_CREDIT_HISTORY_QUALITY_EVIDENCE;BUREAU_RECENT_CREDIT_ACTIVITY_EVIDENCE;REPAYMENT_PRIOR_CREDIT_EXPERIENCE_EVIDENCE,REPAYMENT_PERFORMANCE_QUALITY_EVIDENCE;BUREAU_ACTIVE_CREDIT_CAPACITY_EVIDENCE;REPAYMENT_PRIOR_CREDIT_EXPERIENCE_EVIDENCE;BUREAU_RECENT_CREDIT_ACTIVITY_EVIDENCE;BUREAU_CREDIT_HISTORY_QUALITY_EVIDENCE
HC_HELDOUT_0000132,0.0184531379800545,Approve,0.0287823225227986,Approve,0.0287823225227986,Approve,False,False,True,True,0.0,0.0,,
HC_HELDOUT_0000133,0.028140253984279,Approve,0.0237836563821995,Approve,0.0237836563821995,Approve,False,False,True,True,0.0,0.0,,
HC_HELDOUT_0000134,0.1686019240361211,Reject,0.1469099955220808,Reject,0.1469099955220808,Reject,False,False,True,True,2.0,2.0,REPAYMENT_PERFORMANCE_QUALITY_EVIDENCE;BUREAU_ACTIVE_CREDIT_CAPACITY_EVIDENCE,REPAYMENT_PERFORMANCE_QUALITY_EVIDENCE;BUREAU_ACTIVE_CREDIT_CAPACITY_EVIDENCE
HC_HELDOUT_0000135,0.0323832763411511,Approve,0.033203179783371,Approve,0.033203179783371,Approve,False,False,True,True,1.0,1.0,REPAYMENT_PERFORMANCE_QUALITY_EVIDENCE,REPAYMENT_PERFORMANCE_QUALITY_EVIDENCE
HC_HELDOUT_0000136,0.0582924976758075,Approve,0.0582924976758075,Approve,0.0582924976758075,Approve,False,False,False,False,5.0,5.0,REPAYMENT_PERFORMANCE_QUALITY_EVIDENCE;BUREAU_ACTIVE_CREDIT_CAPACITY_EVIDENCE;BUREAU_CREDIT_HISTORY_QUALITY_EVIDENCE;BUREAU_RECENT_CREDIT_ACTIVITY_EVIDENCE;REPAYMENT_PRIOR_CREDIT_EXPERIENCE_EVIDENCE,BUREAU_ACTIVE_CREDIT_CAPACITY_EVIDENCE;BUREAU_CREDIT_HISTORY_QUALITY_EVIDENCE;BUREAU_RECENT_CREDIT_ACTIVITY_EVIDENCE;REPAYMENT_PRIOR_CREDIT_EXPERIENCE_EVIDENCE;REPAYMENT_PERFORMANCE_QUALITY_EVIDENCE
HC_HELDOUT_0000137,0.0390556666890128,Approve,0.0299791258140843,Approve,0.0264867958041135,Approve,False,False,True,True,1.0,3.0,REPAYMENT_PERFORMANCE_QUALITY_EVIDENCE,REPAYMENT_PRIOR_CREDIT_EXPERIENCE_EVIDENCE;BUREAU_RECENT_CREDIT_ACTIVITY_EVIDENCE;REPAYMENT_PERFORMANCE_QUALITY_EVIDENCE
HC_HELDOUT_0000138,0.0742932500051765,Approve,0.0742932500051765,Approve,0.0742932500051765,Approve,False,False,False,False,5.0,5.0,REPAYMENT_PERFORMANCE_QUALITY_EVIDENCE;BUREAU_ACTIVE_CREDIT_CAPACITY_EVIDENCE;BUREAU_CREDIT_HISTORY_QUALITY_EVIDENCE;BUREAU_RECENT_CREDIT_ACTIVITY_EVIDENCE;REPAYMENT_PRIOR_CREDIT_EXPERIENCE_EVIDENCE,BUREAU_CREDIT_HISTORY_QUALITY_EVIDENCE;REPAYMENT_PERFORMANCE_QUALITY_EVIDENCE;REPAYMENT_PRIOR_CREDIT_EXPERIENCE_EVIDENCE;BUREAU_ACTIVE_CREDIT_CAPACITY_EVIDENCE;BUREAU_RECENT_CREDIT_ACTIVITY_EVIDENCE
HC_HELDOUT_0000139,0.016241962074343,Approve,0.0211813779942292,Approve,0.0211813779942292,Approve,False,False,True,True,0.0,0.0,,
HC_HELDOUT_0000140,0.032951308824246,Approve,0.0339091392858848,Approve,0.0345877820525773,Approve,False,False,True,True,3.0,1.0,REPAYMENT_PERFORMANCE_QUALITY_EVIDENCE;BUREAU_ACTIVE_CREDIT_CAPACITY_EVIDENCE;BUREAU_CREDIT_HISTORY_QUALITY_EVIDENCE,BUREAU_ACTIVE_CREDIT_CAPACITY_EVIDENCE
HC_HELDOUT_0000141,0.0832094913712643,Approve,0.0832094913712643,Approve,0.0832094913712643,Approve,False,False,False,False,5.0,5.0,REPAYMENT_PERFORMANCE_QUALITY_EVIDENCE;BUREAU_ACTIVE_CREDIT_CAPACITY_EVIDENCE;BUREAU_CREDIT_HISTORY_QUALITY_EVIDENCE;BUREAU_RECENT_CREDIT_ACTIVITY_EVIDENCE;REPAYMENT_PRIOR_CREDIT_EXPERIENCE_EVIDENCE,BUREAU_ACTIVE_CREDIT_CAPACITY_EVIDENCE;REPAYMENT_PRIOR_CREDIT_EXPERIENCE_EVIDENCE;BUREAU_CREDIT_HISTORY_QUALITY_EVIDENCE;REPAYMENT_PERFORMANCE_QUALITY_EVIDENCE;BUREAU_RECENT_CREDIT_ACTIVITY_EVIDENCE
HC_HELDOUT_0000142,0.1090920109792617,Reject,0.1090920109792617,Reject,0.1090920109792617,Reject,False,False,False,False,5.0,5.0,REPAYMENT_PERFORMANCE_QUALITY_EVIDENCE;BUREAU_ACTIVE_CREDIT_CAPACITY_EVIDENCE;BUREAU_CREDIT_HISTORY_QUALITY_EVIDENCE;BUREAU_RECENT_CREDIT_ACTIVITY_EVIDENCE;REPAYMENT_PRIOR_CREDIT_EXPERIENCE_EVIDENCE,REPAYMENT_PRIOR_CREDIT_EXPERIENCE_EVIDENCE;BUREAU_ACTIVE_CREDIT_CAPACITY_EVIDENCE;REPAYMENT_PERFORMANCE_QUALITY_EVIDENCE;BUREAU_CREDIT_HISTORY_QUALITY_EVIDENCE;BUREAU_RECENT_CREDIT_ACTIVITY_EVIDENCE
HC_HELDOUT_0000143,0.0611335959192707,Approve,0.0611335959192707,Approve,0.0611335959192707,Approve,False,False,False,False,5.0,5.0,REPAYMENT_PERFORMANCE_QUALITY_EVIDENCE;BUREAU_ACTIVE_CREDIT_CAPACITY_EVIDENCE;BUREAU_CREDIT_HISTORY_QUALITY_EVIDENCE;BUREAU_RECENT_CREDIT_ACTIVITY_EVIDENCE;REPAYMENT_PRIOR_CREDIT_EXPERIENCE_EVIDENCE,BUREAU_CREDIT_HISTORY_QUALITY_EVIDENCE;BUREAU_ACTIVE_CREDIT_CAPACITY_EVIDENCE;BUREAU_RECENT_CREDIT_ACTIVITY_EVIDENCE;REPAYMENT_PERFORMANCE_QUALITY_EVIDENCE;REPAYMENT_PRIOR_CREDIT_EXPERIENCE_EVIDENCE
HC_HELDOUT_0000144,0.0699847535215222,Approve,0.0699847535215222,Approve,0.0699847535215222,Approve,False,False,False,False,5.0,5.0,REPAYMENT_PERFORMANCE_QUALITY_EVIDENCE;BUREAU_ACTIVE_CREDIT_CAPACITY_EVIDENCE;BUREAU_CREDIT_HISTORY_QUALITY_EVIDENCE;BUREAU_RECENT_CREDIT_ACTIVITY_EVIDENCE;REPAYMENT_PRIOR_CREDIT_EXPERIENCE_EVIDENCE,REPAYMENT_PRIOR_CREDIT_EXPERIENCE_EVIDENCE;BUREAU_RECENT_CREDIT_ACTIVITY_EVIDENCE;BUREAU_CREDIT_HISTORY_QUALITY_EVIDENCE;BUREAU_ACTIVE_CREDIT_CAPACITY_EVIDENCE;REPAYMENT_PERFORMANCE_QUALITY_EVIDENCE
HC_HELDOUT_0000145,0.0334033621676737,Approve,0.0217446291119476,Approve,0.0217446291119476,Approve,False,False,True,True,0.0,0.0,,
HC_HELDOUT_0000146,0.036201957615883,Approve,0.0344540336968451,Approve,0.0344540336968451,Approve,False,False,True,True,1.0,1.0,REPAYMENT_PERFORMANCE_QUALITY_EVIDENCE,REPAYMENT_PERFORMANCE_QUALITY_EVIDENCE
HC_HELDOUT_0000147,0.0343536125529369,Approve,0.0355250639644396,Approve,0.0355226004987585,Approve,False,False,True,True,3.0,2.0,REPAYMENT_PERFORMANCE_QUALITY_EVIDENCE;BUREAU_ACTIVE_CREDIT_CAPACITY_EVIDENCE;BUREAU_CREDIT_HISTORY_QUALITY_EVIDENCE,REPAYMENT_PERFORMANCE_QUALITY_EVIDENCE;BUREAU_CREDIT_HISTORY_QUALITY_EVIDENCE
HC_HELDOUT_0000148,0.0686149151478942,Approve,0.1461440997869956,Reject,0.1461440997869956,Reject,True,True,True,True,0.0,0.0,,
HC_HELDOUT_0000149,0.3015915636468921,Reject,0.1767984152871241,Reject,0.1767984152871241,Reject,False,False,True,True,0.0,0.0,,
HC_HELDOUT_0000150,0.0373186133623288,Approve,0.034530332160009,Approve,0.0360998378260841,Approve,False,False,True,True,2.0,2.0,REPAYMENT_PERFORMANCE_QUALITY_EVIDENCE;BUREAU_ACTIVE_CREDIT_CAPACITY_EVIDENCE,BUREAU_ACTIVE_CREDIT_CAPACITY_EVIDENCE;BUREAU_RECENT_CREDIT_ACTIVITY_EVIDENCE
HC_HELDOUT_0000151,0.1253312017264788,Reject,0.1253312017264788,Reject,0.1253312017264788,Reject,False,False,False,False,5.0,5.0,REPAYMENT_PERFORMANCE_QUALITY_EVIDENCE;BUREAU_ACTIVE_CREDIT_CAPACITY_EVIDENCE;BUREAU_CREDIT_HISTORY_QUALITY_EVIDENCE;BUREAU_RECENT_CREDIT_ACTIVITY_EVIDENCE;REPAYMENT_PRIOR_CREDIT_EXPERIENCE_EVIDENCE,REPAYMENT_PRIOR_CREDIT_EXPERIENCE_EVIDENCE;BUREAU_RECENT_CREDIT_ACTIVITY_EVIDENCE;BUREAU_ACTIVE_CREDIT_CAPACITY_EVIDENCE;BUREAU_CREDIT_HISTORY_QUALITY_EVIDENCE;REPAYMENT_PERFORMANCE_QUALITY_EVIDENCE
HC_HELDOUT_0000152,0.1831306683898453,Reject,0.1912961714250869,Reject,0.1912961714250869,Reject,False,False,True,True,0.0,0.0,,
HC_HELDOUT_0000153,0.0136145953720324,Approve,0.0220472171876256,Approve,0.0220472171876256,Approve,False,False,True,True,0.0,0.0,,
HC_HELDOUT_0000154,0.0396922709715921,Approve,0.0233344924484326,Approve,0.0233344924484326,Approve,False,False,True,True,0.0,0.0,,
HC_HELDOUT_0000155,0.0274908249573777,Approve,0.0321629309915117,Approve,0.0307778692726844,Approve,False,False,True,True,2.0,1.0,REPAYMENT_PERFORMANCE_QUALITY_EVIDENCE;BUREAU_ACTIVE_CREDIT_CAPACITY_EVIDENCE,BUREAU_ACTIVE_CREDIT_CAPACITY_EVIDENCE
HC_HELDOUT_0000156,0.0506393473849396,Approve,0.0506393473849396,Approve,0.0506393473849396,Approve,False,False,False,False,5.0,5.0,REPAYMENT_PERFORMANCE_QUALITY_EVIDENCE;BUREAU_ACTIVE_CREDIT_CAPACITY_EVIDENCE;BUREAU_CREDIT_HISTORY_QUALITY_EVIDENCE;BUREAU_RECENT_CREDIT_ACTIVITY_EVIDENCE;REPAYMENT_PRIOR_CREDIT_EXPERIENCE_EVIDENCE,BUREAU_CREDIT_HISTORY_QUALITY_EVIDENCE;REPAYMENT_PRIOR_CREDIT_EXPERIENCE_EVIDENCE;REPAYMENT_PERFORMANCE_QUALITY_EVIDENCE;BUREAU_RECENT_CREDIT_ACTIVITY_EVIDENCE;BUREAU_ACTIVE_CREDIT_CAPACITY_EVIDENCE
HC_HELDOUT_0000157,0.1025488327484974,Reject,0.1464477566299284,Reject,0.1464477566299284,Reject,False,False,True,True,0.0,0.0,,
HC_HELDOUT_0000158,0.1598477152117954,Reject,0.1403380518428639,Reject,0.1609047977103447,Reject,False,False,True,True,1.0,1.0,REPAYMENT_PERFORMANCE_QUALITY_EVIDENCE,BUREAU_RECENT_CREDIT_ACTIVITY_EVIDENCE
HC_HELDOUT_0000159,0.0980851989731573,Reject,0.0980851989731573,Reject,0.0980851989731573,Reject,False,False,False,False,5.0,5.0,REPAYMENT_PERFORMANCE_QUALITY_EVIDENCE;BUREAU_ACTIVE_CREDIT_CAPACITY_EVIDENCE;BUREAU_CREDIT_HISTORY_QUALITY_EVIDENCE;BUREAU_RECENT_CREDIT_ACTIVITY_EVIDENCE;REPAYMENT_PRIOR_CREDIT_EXPERIENCE_EVIDENCE,BUREAU_RECENT_CREDIT_ACTIVITY_EVIDENCE;BUREAU_CREDIT_HISTORY_QUALITY_EVIDENCE;REPAYMENT_PRIOR_CREDIT_EXPERIENCE_EVIDENCE;BUREAU_ACTIVE_CREDIT_CAPACITY_EVIDENCE;REPAYMENT_PERFORMANCE_QUALITY_EVIDENCE
HC_HELDOUT_0000160,0.1448197182828602,Reject,0.1448197182828602,Reject,0.1448197182828602,Reject,False,False,False,False,5.0,5.0,REPAYMENT_PERFORMANCE_QUALITY_EVIDENCE;BUREAU_ACTIVE_CREDIT_CAPACITY_EVIDENCE;BUREAU_CREDIT_HISTORY_QUALITY_EVIDENCE;BUREAU_RECENT_CREDIT_ACTIVITY_EVIDENCE;REPAYMENT_PRIOR_CREDIT_EXPERIENCE_EVIDENCE,REPAYMENT_PERFORMANCE_QUALITY_EVIDENCE;BUREAU_ACTIVE_CREDIT_CAPACITY_EVIDENCE;BUREAU_CREDIT_HISTORY_QUALITY_EVIDENCE;REPAYMENT_PRIOR_CREDIT_EXPERIENCE_EVIDENCE;BUREAU_RECENT_CREDIT_ACTIVITY_EVIDENCE
HC_HELDOUT_0000161,0.010510662513964,Approve,0.023684900876293,Approve,0.023684900876293,Approve,False,False,True,True,0.0,0.0,,
HC_HELDOUT_0000162,0.0142156609140652,Approve,0.0214106835410666,Approve,0.0214106835410666,Approve,False,False,True,True,0.0,0.0,,
HC_HELDOUT_0000163,0.1091677596126853,Reject,0.1091677596126853,Reject,0.1091677596126853,Reject,False,False,False,False,5.0,5.0,REPAYMENT_PERFORMANCE_QUALITY_EVIDENCE;BUREAU_ACTIVE_CREDIT_CAPACITY_EVIDENCE;BUREAU_CREDIT_HISTORY_QUALITY_EVIDENCE;BUREAU_RECENT_CREDIT_ACTIVITY_EVIDENCE;REPAYMENT_PRIOR_CREDIT_EXPERIENCE_EVIDENCE,REPAYMENT_PRIOR_CREDIT_EXPERIENCE_EVIDENCE;BUREAU_ACTIVE_CREDIT_CAPACITY_EVIDENCE;BUREAU_RECENT_CREDIT_ACTIVITY_EVIDENCE;BUREAU_CREDIT_HISTORY_QUALITY_EVIDENCE;REPAYMENT_PERFORMANCE_QUALITY_EVIDENCE
HC_HELDOUT_0000164,0.1856009279535389,Reject,0.1912961714250869,Reject,0.1912961714250869,Reject,False,False,True,True,0.0,0.0,,
HC_HELDOUT_0000165,0.0346690680093234,Approve,0.0346690680093234,Approve,0.0350245442101487,Approve,False,False,False,True,5.0,3.0,REPAYMENT_PERFORMANCE_QUALITY_EVIDENCE;BUREAU_ACTIVE_CREDIT_CAPACITY_EVIDENCE;BUREAU_CREDIT_HISTORY_QUALITY_EVIDENCE;BUREAU_RECENT_CREDIT_ACTIVITY_EVIDENCE;REPAYMENT_PRIOR_CREDIT_EXPERIENCE_EVIDENCE,BUREAU_CREDIT_HISTORY_QUALITY_EVIDENCE;REPAYMENT_PERFORMANCE_QUALITY_EVIDENCE;BUREAU_RECENT_CREDIT_ACTIVITY_EVIDENCE
HC_HELDOUT_0000166,0.0151175964590132,Approve,0.0219555096396252,Approve,0.0219555096396252,Approve,False,False,True,True,0.0,0.0,,
HC_HELDOUT_0000167,0.0211678469290667,Approve,0.0317970278508396,Approve,0.0317970278508396,Approve,False,False,True,True,0.0,0.0,,
HC_HELDOUT_0000168,0.0483467305804172,Approve,0.035236502524249,Approve,0.0483467305804172,Approve,False,False,True,False,2.0,5.0,REPAYMENT_PERFORMANCE_QUALITY_EVIDENCE;BUREAU_ACTIVE_CREDIT_CAPACITY_EVIDENCE,REPAYMENT_PRIOR_CREDIT_EXPERIENCE_EVIDENCE;BUREAU_CREDIT_HISTORY_QUALITY_EVIDENCE;BUREAU_ACTIVE_CREDIT_CAPACITY_EVIDENCE;REPAYMENT_PERFORMANCE_QUALITY_EVIDENCE;BUREAU_RECENT_CREDIT_ACTIVITY_EVIDENCE
HC_HELDOUT_0000169,0.195138728223511,Reject,0.1678057835483208,Reject,0.1678057835483208,Reject,False,False,True,True,0.0,0.0,,
HC_HELDOUT_0000170,0.194007657677945,Reject,0.1399219057126404,Reject,0.1399219057126404,Reject,False,False,True,True,0.0,0.0,,
HC_HELDOUT_0000171,0.1673189162831113,Reject,0.1513568428039504,Reject,0.1513568428039504,Reject,False,False,True,True,1.0,1.0,REPAYMENT_PERFORMANCE_QUALITY_EVIDENCE,REPAYMENT_PERFORMANCE_QUALITY_EVIDENCE
HC_HELDOUT_0000172,0.0268964824759638,Approve,0.0345481612291848,Approve,0.0345481612291848,Approve,False,False,True,True,0.0,0.0,,
HC_HELDOUT_0000173,0.1401212358558996,Reject,0.1396295665798256,Reject,0.1396295665798256,Reject,False,False,True,True,0.0,0.0,,
HC_HELDOUT_0000174,0.0787722169408863,Approve,0.0787722169408863,Approve,0.0787722169408863,Approve,False,False,False,False,5.0,5.0,REPAYMENT_PERFORMANCE_QUALITY_EVIDENCE;BUREAU_ACTIVE_CREDIT_CAPACITY_EVIDENCE;BUREAU_CREDIT_HISTORY_QUALITY_EVIDENCE;BUREAU_RECENT_CREDIT_ACTIVITY_EVIDENCE;REPAYMENT_PRIOR_CREDIT_EXPERIENCE_EVIDENCE,BUREAU_CREDIT_HISTORY_QUALITY_EVIDENCE;REPAYMENT_PERFORMANCE_QUALITY_EVIDENCE;REPAYMENT_PRIOR_CREDIT_EXPERIENCE_EVIDENCE;BUREAU_RECENT_CREDIT_ACTIVITY_EVIDENCE;BUREAU_ACTIVE_CREDIT_CAPACITY_EVIDENCE
HC_HELDOUT_0000175,0.0818750178899507,Approve,0.0818750178899507,Approve,0.0818750178899507,Approve,False,False,False,False,5.0,5.0,REPAYMENT_PERFORMANCE_QUALITY_EVIDENCE;BUREAU_ACTIVE_CREDIT_CAPACITY_EVIDENCE;BUREAU_CREDIT_HISTORY_QUALITY_EVIDENCE;BUREAU_RECENT_CREDIT_ACTIVITY_EVIDENCE;REPAYMENT_PRIOR_CREDIT_EXPERIENCE_EVIDENCE,BUREAU_ACTIVE_CREDIT_CAPACITY_EVIDENCE;REPAYMENT_PRIOR_CREDIT_EXPERIENCE_EVIDENCE;REPAYMENT_PERFORMANCE_QUALITY_EVIDENCE;BUREAU_CREDIT_HISTORY_QUALITY_EVIDENCE;BUREAU_RECENT_CREDIT_ACTIVITY_EVIDENCE
HC_HELDOUT_0000176,0.0505318374922839,Approve,0.0505318374922839,Approve,0.0505318374922839,Approve,False,False,False,False,5.0,5.0,REPAYMENT_PERFORMANCE_QUALITY_EVIDENCE;BUREAU_ACTIVE_CREDIT_CAPACITY_EVIDENCE;BUREAU_CREDIT_HISTORY_QUALITY_EVIDENCE;BUREAU_RECENT_CREDIT_ACTIVITY_EVIDENCE;REPAYMENT_PRIOR_CREDIT_EXPERIENCE_EVIDENCE,REPAYMENT_PRIOR_CREDIT_EXPERIENCE_EVIDENCE;BUREAU_ACTIVE_CREDIT_CAPACITY_EVIDENCE;BUREAU_CREDIT_HISTORY_QUALITY_EVIDENCE;REPAYMENT_PERFORMANCE_QUALITY_EVIDENCE;BUREAU_RECENT_CREDIT_ACTIVITY_EVIDENCE
HC_HELDOUT_0000177,0.048634226258902,Approve,0.048634226258902,Approve,0.048634226258902,Approve,False,False,False,False,5.0,5.0,REPAYMENT_PERFORMANCE_QUALITY_EVIDENCE;BUREAU_ACTIVE_CREDIT_CAPACITY_EVIDENCE;BUREAU_CREDIT_HISTORY_QUALITY_EVIDENCE;BUREAU_RECENT_CREDIT_ACTIVITY_EVIDENCE;REPAYMENT_PRIOR_CREDIT_EXPERIENCE_EVIDENCE,REPAYMENT_PERFORMANCE_QUALITY_EVIDENCE;BUREAU_RECENT_CREDIT_ACTIVITY_EVIDENCE;BUREAU_ACTIVE_CREDIT_CAPACITY_EVIDENCE;REPAYMENT_PRIOR_CREDIT_EXPERIENCE_EVIDENCE;BUREAU_CREDIT_HISTORY_QUALITY_EVIDENCE
HC_HELDOUT_0000178,0.0704089023549079,Approve,0.0704089023549079,Approve,0.0704089023549079,Approve,False,False,False,False,5.0,5.0,REPAYMENT_PERFORMANCE_QUALITY_EVIDENCE;BUREAU_ACTIVE_CREDIT_CAPACITY_EVIDENCE;BUREAU_CREDIT_HISTORY_QUALITY_EVIDENCE;BUREAU_RECENT_CREDIT_ACTIVITY_EVIDENCE;REPAYMENT_PRIOR_CREDIT_EXPERIENCE_EVIDENCE,BUREAU_CREDIT_HISTORY_QUALITY_EVIDENCE;REPAYMENT_PRIOR_CREDIT_EXPERIENCE_EVIDENCE;BUREAU_RECENT_CREDIT_ACTIVITY_EVIDENCE;REPAYMENT_PERFORMANCE_QUALITY_EVIDENCE;BUREAU_ACTIVE_CREDIT_CAPACITY_EVIDENCE
HC_HELDOUT_0000179,0.0470276630795949,Approve,0.0470276630795949,Approve,0.0470276630795949,Approve,False,False,False,False,5.0,5.0,REPAYMENT_PERFORMANCE_QUALITY_EVIDENCE;BUREAU_ACTIVE_CREDIT_CAPACITY_EVIDENCE;BUREAU_CREDIT_HISTORY_QUALITY_EVIDENCE;BUREAU_RECENT_CREDIT_ACTIVITY_EVIDENCE;REPAYMENT_PRIOR_CREDIT_EXPERIENCE_EVIDENCE,BUREAU_ACTIVE_CREDIT_CAPACITY_EVIDENCE;REPAYMENT_PRIOR_CREDIT_EXPERIENCE_EVIDENCE;BUREAU_RECENT_CREDIT_ACTIVITY_EVIDENCE;REPAYMENT_PERFORMANCE_QUALITY_EVIDENCE;BUREAU_CREDIT_HISTORY_QUALITY_EVIDENCE
HC_HELDOUT_0000180,0.0288377915086891,Approve,0.0349839798435512,Approve,0.0349839798435512,Approve,False,False,True,True,1.0,1.0,REPAYMENT_PERFORMANCE_QUALITY_EVIDENCE,REPAYMENT_PERFORMANCE_QUALITY_EVIDENCE
HC_HELDOUT_0000181,0.1147480178230339,Reject,0.1692551107787835,Reject,0.1147480178230339,Reject,False,False,True,False,1.0,5.0,REPAYMENT_PERFORMANCE_QUALITY_EVIDENCE,REPAYMENT_PRIOR_CREDIT_EXPERIENCE_EVIDENCE;BUREAU_RECENT_CREDIT_ACTIVITY_EVIDENCE;BUREAU_CREDIT_HISTORY_QUALITY_EVIDENCE;BUREAU_ACTIVE_CREDIT_CAPACITY_EVIDENCE;REPAYMENT_PERFORMANCE_QUALITY_EVIDENCE
HC_HELDOUT_0000182,0.14652856628905,Reject,0.1453082884281152,Reject,0.1476260622632957,Reject,False,False,True,True,2.0,2.0,REPAYMENT_PERFORMANCE_QUALITY_EVIDENCE;BUREAU_ACTIVE_CREDIT_CAPACITY_EVIDENCE,BUREAU_ACTIVE_CREDIT_CAPACITY_EVIDENCE;BUREAU_RECENT_CREDIT_ACTIVITY_EVIDENCE
HC_HELDOUT_0000183,0.0325292697638902,Approve,0.0358680943574312,Approve,0.0358680943574312,Approve,False,False,True,True,1.0,1.0,REPAYMENT_PERFORMANCE_QUALITY_EVIDENCE,REPAYMENT_PERFORMANCE_QUALITY_EVIDENCE
HC_HELDOUT_0000184,0.2012744787787916,Reject,0.1797467381734673,Reject,0.1797467381734673,Reject,False,False,True,True,0.0,0.0,,
HC_HELDOUT_0000185,0.0321593814513583,Approve,0.0340404379983923,Approve,0.0329444144952016,Approve,False,False,True,True,1.0,1.0,REPAYMENT_PERFORMANCE_QUALITY_EVIDENCE,BUREAU_CREDIT_HISTORY_QUALITY_EVIDENCE
HC_HELDOUT_0000186,0.0284458364070856,Approve,0.0347597751490054,Approve,0.0323481736979471,Approve,False,False,True,True,1.0,1.0,REPAYMENT_PERFORMANCE_QUALITY_EVIDENCE,BUREAU_CREDIT_HISTORY_QUALITY_EVIDENCE
HC_HELDOUT_0000187,0.095691173333593,Reject,0.1902628328247985,Reject,0.1902628328247985,Reject,False,False,True,True,0.0,0.0,,
HC_HELDOUT_0000188,0.0989267712199179,Reject,0.0989267712199179,Reject,0.0989267712199179,Reject,False,False,False,False,5.0,5.0,REPAYMENT_PERFORMANCE_QUALITY_EVIDENCE;BUREAU_ACTIVE_CREDIT_CAPACITY_EVIDENCE;BUREAU_CREDIT_HISTORY_QUALITY_EVIDENCE;BUREAU_RECENT_CREDIT_ACTIVITY_EVIDENCE;REPAYMENT_PRIOR_CREDIT_EXPERIENCE_EVIDENCE,REPAYMENT_PERFORMANCE_QUALITY_EVIDENCE;BUREAU_CREDIT_HISTORY_QUALITY_EVIDENCE;BUREAU_ACTIVE_CREDIT_CAPACITY_EVIDENCE;REPAYMENT_PRIOR_CREDIT_EXPERIENCE_EVIDENCE;BUREAU_RECENT_CREDIT_ACTIVITY_EVIDENCE
HC_HELDOUT_0000189,0.0358956788593613,Approve,0.0230725762769006,Approve,0.0230725762769006,Approve,False,False,True,True,0.0,0.0,,
HC_HELDOUT_0000190,0.0881966630009663,Reject,0.0881966630009663,Reject,0.0881966630009663,Reject,False,False,False,False,5.0,5.0,REPAYMENT_PERFORMANCE_QUALITY_EVIDENCE;BUREAU_ACTIVE_CREDIT_CAPACITY_EVIDENCE;BUREAU_CREDIT_HISTORY_QUALITY_EVIDENCE;BUREAU_RECENT_CREDIT_ACTIVITY_EVIDENCE;REPAYMENT_PRIOR_CREDIT_EXPERIENCE_EVIDENCE,BUREAU_RECENT_CREDIT_ACTIVITY_EVIDENCE;BUREAU_ACTIVE_CREDIT_CAPACITY_EVIDENCE;BUREAU_CREDIT_HISTORY_QUALITY_EVIDENCE;REPAYMENT_PERFORMANCE_QUALITY_EVIDENCE;REPAYMENT_PRIOR_CREDIT_EXPERIENCE_EVIDENCE
HC_HELDOUT_0000191,0.0454499128055074,Approve,0.0454499128055074,Approve,0.0454499128055074,Approve,False,False,False,False,5.0,5.0,REPAYMENT_PERFORMANCE_QUALITY_EVIDENCE;BUREAU_ACTIVE_CREDIT_CAPACITY_EVIDENCE;BUREAU_CREDIT_HISTORY_QUALITY_EVIDENCE;BUREAU_RECENT_CREDIT_ACTIVITY_EVIDENCE;REPAYMENT_PRIOR_CREDIT_EXPERIENCE_EVIDENCE,BUREAU_CREDIT_HISTORY_QUALITY_EVIDENCE;BUREAU_ACTIVE_CREDIT_CAPACITY_EVIDENCE;REPAYMENT_PERFORMANCE_QUALITY_EVIDENCE;BUREAU_RECENT_CREDIT_ACTIVITY_EVIDENCE;REPAYMENT_PRIOR_CREDIT_EXPERIENCE_EVIDENCE
HC_HELDOUT_0000192,0.0186163018688308,Approve,0.020202054872307,Approve,0.020202054872307,Approve,False,False,True,True,0.0,0.0,,
HC_HELDOUT_0000193,0.0441130768614392,Approve,0.0441130768614392,Approve,0.0441130768614392,Approve,False,False,False,False,5.0,5.0,REPAYMENT_PERFORMANCE_QUALITY_EVIDENCE;BUREAU_ACTIVE_CREDIT_CAPACITY_EVIDENCE;BUREAU_CREDIT_HISTORY_QUALITY_EVIDENCE;BUREAU_RECENT_CREDIT_ACTIVITY_EVIDENCE;REPAYMENT_PRIOR_CREDIT_EXPERIENCE_EVIDENCE,BUREAU_CREDIT_HISTORY_QUALITY_EVIDENCE;REPAYMENT_PERFORMANCE_QUALITY_EVIDENCE;REPAYMENT_PRIOR_CREDIT_EXPERIENCE_EVIDENCE;BUREAU_ACTIVE_CREDIT_CAPACITY_EVIDENCE;BUREAU_RECENT_CREDIT_ACTIVITY_EVIDENCE
HC_HELDOUT_0000194,0.0235865465606187,Approve,0.0211813779942292,Approve,0.0211813779942292,Approve,False,False,True,True,0.0,0.0,,
HC_HELDOUT_0000195,0.0770724649637103,Approve,0.0770724649637103,Approve,0.0770724649637103,Approve,False,False,False,False,5.0,5.0,REPAYMENT_PERFORMANCE_QUALITY_EVIDENCE;BUREAU_ACTIVE_CREDIT_CAPACITY_EVIDENCE;BUREAU_CREDIT_HISTORY_QUALITY_EVIDENCE;BUREAU_RECENT_CREDIT_ACTIVITY_EVIDENCE;REPAYMENT_PRIOR_CREDIT_EXPERIENCE_EVIDENCE,BUREAU_ACTIVE_CREDIT_CAPACITY_EVIDENCE;REPAYMENT_PRIOR_CREDIT_EXPERIENCE_EVIDENCE;BUREAU_CREDIT_HISTORY_QUALITY_EVIDENCE;BUREAU_RECENT_CREDIT_ACTIVITY_EVIDENCE;REPAYMENT_PERFORMANCE_QUALITY_EVIDENCE
HC_HELDOUT_0000196,0.1131062060123671,Reject,0.1131062060123671,Reject,0.1131062060123671,Reject,False,False,False,False,5.0,5.0,REPAYMENT_PERFORMANCE_QUALITY_EVIDENCE;BUREAU_ACTIVE_CREDIT_CAPACITY_EVIDENCE;BUREAU_CREDIT_HISTORY_QUALITY_EVIDENCE;BUREAU_RECENT_CREDIT_ACTIVITY_EVIDENCE;REPAYMENT_PRIOR_CREDIT_EXPERIENCE_EVIDENCE,BUREAU_ACTIVE_CREDIT_CAPACITY_EVIDENCE;REPAYMENT_PERFORMANCE_QUALITY_EVIDENCE;REPAYMENT_PRIOR_CREDIT_EXPERIENCE_EVIDENCE;BUREAU_CREDIT_HISTORY_QUALITY_EVIDENCE;BUREAU_RECENT_CREDIT_ACTIVITY_EVIDENCE
HC_HELDOUT_0000197,0.0175269981172266,Approve,0.0212318447885829,Approve,0.0212318447885829,Approve,False,False,True,True,0.0,0.0,,
HC_HELDOUT_0000198,0.2678893361557665,Reject,0.1895148060040925,Reject,0.1895148060040925,Reject,False,False,True,True,0.0,0.0,,
HC_HELDOUT_0000199,0.0736086523633251,Approve,0.0736086523633251,Approve,0.0736086523633251,Approve,False,False,False,False,5.0,5.0,REPAYMENT_PERFORMANCE_QUALITY_EVIDENCE;BUREAU_ACTIVE_CREDIT_CAPACITY_EVIDENCE;BUREAU_CREDIT_HISTORY_QUALITY_EVIDENCE;BUREAU_RECENT_CREDIT_ACTIVITY_EVIDENCE;REPAYMENT_PRIOR_CREDIT_EXPERIENCE_EVIDENCE,REPAYMENT_PERFORMANCE_QUALITY_EVIDENCE;BUREAU_ACTIVE_CREDIT_CAPACITY_EVIDENCE;BUREAU_CREDIT_HISTORY_QUALITY_EVIDENCE;REPAYMENT_PRIOR_CREDIT_EXPERIENCE_EVIDENCE;BUREAU_RECENT_CREDIT_ACTIVITY_EVIDENCE
HC_HELDOUT_0000200,0.2401867433221206,Reject,0.2051921450771276,Reject,0.2051921450771276,Reject,False,False,True,True,0.0,0.0,,
HC_HELDOUT_0000201,0.040547974921808,Approve,0.040547974921808,Approve,0.040547974921808,Approve,False,False,False,False,5.0,5.0,REPAYMENT_PERFORMANCE_QUALITY_EVIDENCE;BUREAU_ACTIVE_CREDIT_CAPACITY_EVIDENCE;BUREAU_CREDIT_HISTORY_QUALITY_EVIDENCE;BUREAU_RECENT_CREDIT_ACTIVITY_EVIDENCE;REPAYMENT_PRIOR_CREDIT_EXPERIENCE_EVIDENCE,BUREAU_RECENT_CREDIT_ACTIVITY_EVIDENCE;REPAYMENT_PERFORMANCE_QUALITY_EVIDENCE;BUREAU_ACTIVE_CREDIT_CAPACITY_EVIDENCE;REPAYMENT_PRIOR_CREDIT_EXPERIENCE_EVIDENCE;BUREAU_CREDIT_HISTORY_QUALITY_EVIDENCE
HC_HELDOUT_0000202,0.1451166370570027,Reject,0.1399219057126404,Reject,0.1399219057126404,Reject,False,False,True,True,0.0,0.0,,
HC_HELDOUT_0000203,0.0309870230498437,Approve,0.0312337924107239,Approve,0.0312337924107239,Approve,False,False,True,True,1.0,1.0,REPAYMENT_PERFORMANCE_QUALITY_EVIDENCE,REPAYMENT_PERFORMANCE_QUALITY_EVIDENCE
HC_HELDOUT_0000204,0.0906362082960127,Reject,0.0906362082960127,Reject,0.0906362082960127,Reject,False,False,False,False,5.0,5.0,REPAYMENT_PERFORMANCE_QUALITY_EVIDENCE;BUREAU_ACTIVE_CREDIT_CAPACITY_EVIDENCE;BUREAU_CREDIT_HISTORY_QUALITY_EVIDENCE;BUREAU_RECENT_CREDIT_ACTIVITY_EVIDENCE;REPAYMENT_PRIOR_CREDIT_EXPERIENCE_EVIDENCE,REPAYMENT_PERFORMANCE_QUALITY_EVIDENCE;REPAYMENT_PRIOR_CREDIT_EXPERIENCE_EVIDENCE;BUREAU_ACTIVE_CREDIT_CAPACITY_EVIDENCE;BUREAU_CREDIT_HISTORY_QUALITY_EVIDENCE;BUREAU_RECENT_CREDIT_ACTIVITY_EVIDENCE
HC_HELDOUT_0000205,0.0181642927797987,Approve,0.020055399194958,Approve,0.020055399194958,Approve,False,False,True,True,0.0,0.0,,
HC_HELDOUT_0000206,0.1773128538287225,Reject,0.1538741575029781,Reject,0.1538741575029781,Reject,False,False,True,True,0.0,0.0,,
HC_HELDOUT_0000207,0.1601180417027321,Reject,0.1793885474310206,Reject,0.1793885474310206,Reject,False,False,True,True,0.0,0.0,,
HC_HELDOUT_0000208,0.067873632921191,Approve,0.067873632921191,Approve,0.067873632921191,Approve,False,False,False,False,5.0,5.0,REPAYMENT_PERFORMANCE_QUALITY_EVIDENCE;BUREAU_ACTIVE_CREDIT_CAPACITY_EVIDENCE;BUREAU_CREDIT_HISTORY_QUALITY_EVIDENCE;BUREAU_RECENT_CREDIT_ACTIVITY_EVIDENCE;REPAYMENT_PRIOR_CREDIT_EXPERIENCE_EVIDENCE,BUREAU_RECENT_CREDIT_ACTIVITY_EVIDENCE;BUREAU_ACTIVE_CREDIT_CAPACITY_EVIDENCE;REPAYMENT_PRIOR_CREDIT_EXPERIENCE_EVIDENCE;REPAYMENT_PERFORMANCE_QUALITY_EVIDENCE;BUREAU_CREDIT_HISTORY_QUALITY_EVIDENCE
HC_HELDOUT_0000209,0.0326127198649803,Approve,0.0200222297076367,Approve,0.0200222297076367,Approve,False,False,True,True,0.0,0.0,,
HC_HELDOUT_0000210,0.0111217826880197,Approve,0.0215001653925252,Approve,0.0215001653925252,Approve,False,False,True,True,0.0,0.0,,
HC_HELDOUT_0000211,0.0241809548825019,Approve,0.0311279549947789,Approve,0.0311279549947789,Approve,False,False,True,True,0.0,0.0,,
HC_HELDOUT_0000212,0.0221551933159501,Approve,0.0181558222280735,Approve,0.0181558222280735,Approve,False,False,True,True,0.0,0.0,,
HC_HELDOUT_0000213,0.0491885190134031,Approve,0.0491885190134031,Approve,0.0491885190134031,Approve,False,False,False,False,5.0,5.0,REPAYMENT_PERFORMANCE_QUALITY_EVIDENCE;BUREAU_ACTIVE_CREDIT_CAPACITY_EVIDENCE;BUREAU_CREDIT_HISTORY_QUALITY_EVIDENCE;BUREAU_RECENT_CREDIT_ACTIVITY_EVIDENCE;REPAYMENT_PRIOR_CREDIT_EXPERIENCE_EVIDENCE,BUREAU_RECENT_CREDIT_ACTIVITY_EVIDENCE;REPAYMENT_PRIOR_CREDIT_EXPERIENCE_EVIDENCE;BUREAU_CREDIT_HISTORY_QUALITY_EVIDENCE;BUREAU_ACTIVE_CREDIT_CAPACITY_EVIDENCE;REPAYMENT_PERFORMANCE_QUALITY_EVIDENCE
HC_HELDOUT_0000214,0.028360924834752,Approve,0.0367149407751412,Approve,0.0367149407751412,Approve,False,False,True,True,1.0,1.0,REPAYMENT_PERFORMANCE_QUALITY_EVIDENCE,REPAYMENT_PERFORMANCE_QUALITY_EVIDENCE
HC_HELDOUT_0000215,0.0317472259144951,Approve,0.0323067593716622,Approve,0.033893257305466,Approve,False,False,True,True,2.0,1.0,REPAYMENT_PERFORMANCE_QUALITY_EVIDENCE;BUREAU_ACTIVE_CREDIT_CAPACITY_EVIDENCE,REPAYMENT_PRIOR_CREDIT_EXPERIENCE_EVIDENCE
HC_HELDOUT_0000216,0.0641948029224472,Approve,0.0641948029224472,Approve,0.0641948029224472,Approve,False,False,False,False,5.0,5.0,REPAYMENT_PERFORMANCE_QUALITY_EVIDENCE;BUREAU_ACTIVE_CREDIT_CAPACITY_EVIDENCE;BUREAU_CREDIT_HISTORY_QUALITY_EVIDENCE;BUREAU_RECENT_CREDIT_ACTIVITY_EVIDENCE;REPAYMENT_PRIOR_CREDIT_EXPERIENCE_EVIDENCE,REPAYMENT_PRIOR_CREDIT_EXPERIENCE_EVIDENCE;BUREAU_RECENT_CREDIT_ACTIVITY_EVIDENCE;BUREAU_CREDIT_HISTORY_QUALITY_EVIDENCE;REPAYMENT_PERFORMANCE_QUALITY_EVIDENCE;BUREAU_ACTIVE_CREDIT_CAPACITY_EVIDENCE
HC_HELDOUT_0000217,0.0953818262629014,Reject,0.0953818262629014,Reject,0.0953818262629014,Reject,False,False,False,False,5.0,5.0,REPAYMENT_PERFORMANCE_QUALITY_EVIDENCE;BUREAU_ACTIVE_CREDIT_CAPACITY_EVIDENCE;BUREAU_CREDIT_HISTORY_QUALITY_EVIDENCE;BUREAU_RECENT_CREDIT_ACTIVITY_EVIDENCE;REPAYMENT_PRIOR_CREDIT_EXPERIENCE_EVIDENCE,BUREAU_ACTIVE_CREDIT_CAPACITY_EVIDENCE;BUREAU_CREDIT_HISTORY_QUALITY_EVIDENCE;REPAYMENT_PERFORMANCE_QUALITY_EVIDENCE;REPAYMENT_PRIOR_CREDIT_EXPERIENCE_EVIDENCE;BUREAU_RECENT_CREDIT_ACTIVITY_EVIDENCE
HC_HELDOUT_0000218,0.0242208236391959,Approve,0.0181558222280735,Approve,0.0181558222280735,Approve,False,False,True,True,0.0,0.0,,
HC_HELDOUT_0000219,0.0520846153909291,Approve,0.0520846153909291,Approve,0.0520846153909291,Approve,False,False,False,False,5.0,5.0,REPAYMENT_PERFORMANCE_QUALITY_EVIDENCE;BUREAU_ACTIVE_CREDIT_CAPACITY_EVIDENCE;BUREAU_CREDIT_HISTORY_QUALITY_EVIDENCE;BUREAU_RECENT_CREDIT_ACTIVITY_EVIDENCE;REPAYMENT_PRIOR_CREDIT_EXPERIENCE_EVIDENCE,BUREAU_RECENT_CREDIT_ACTIVITY_EVIDENCE;REPAYMENT_PRIOR_CREDIT_EXPERIENCE_EVIDENCE;REPAYMENT_PERFORMANCE_QUALITY_EVIDENCE;BUREAU_CREDIT_HISTORY_QUALITY_EVIDENCE;BUREAU_ACTIVE_CREDIT_CAPACITY_EVIDENCE
HC_HELDOUT_0000220,0.0529910969868023,Approve,0.0529910969868023,Approve,0.0529910969868023,Approve,False,False,False,False,5.0,5.0,REPAYMENT_PERFORMANCE_QUALITY_EVIDENCE;BUREAU_ACTIVE_CREDIT_CAPACITY_EVIDENCE;BUREAU_CREDIT_HISTORY_QUALITY_EVIDENCE;BUREAU_RECENT_CREDIT_ACTIVITY_EVIDENCE;REPAYMENT_PRIOR_CREDIT_EXPERIENCE_EVIDENCE,BUREAU_CREDIT_HISTORY_QUALITY_EVIDENCE;REPAYMENT_PERFORMANCE_QUALITY_EVIDENCE;REPAYMENT_PRIOR_CREDIT_EXPERIENCE_EVIDENCE;BUREAU_ACTIVE_CREDIT_CAPACITY_EVIDENCE;BUREAU_RECENT_CREDIT_ACTIVITY_EVIDENCE
HC_HELDOUT_0000221,0.0980214355238943,Reject,0.1405605621774009,Reject,0.0980214355238943,Reject,False,False,True,False,2.0,5.0,REPAYMENT_PERFORMANCE_QUALITY_EVIDENCE;BUREAU_ACTIVE_CREDIT_CAPACITY_EVIDENCE,BUREAU_CREDIT_HISTORY_QUALITY_EVIDENCE;BUREAU_ACTIVE_CREDIT_CAPACITY_EVIDENCE;BUREAU_RECENT_CREDIT_ACTIVITY_EVIDENCE;REPAYMENT_PERFORMANCE_QUALITY_EVIDENCE;REPAYMENT_PRIOR_CREDIT_EXPERIENCE_EVIDENCE
HC_HELDOUT_0000222,0.029359556662853,Approve,0.0355816799993459,Approve,0.0355816799993459,Approve,False,False,True,True,0.0,0.0,,
HC_HELDOUT_0000223,0.0211840306936504,Approve,0.028528345361521,Approve,0.028528345361521,Approve,False,False,True,True,0.0,0.0,,
HC_HELDOUT_0000224,0.0307557834760677,Approve,0.0234748165195861,Approve,0.0234748165195861,Approve,False,False,True,True,0.0,0.0,,
HC_HELDOUT_0000225,0.0588491025853504,Approve,0.0356652068224927,Approve,0.0356652068224927,Approve,False,False,True,True,0.0,0.0,,
HC_HELDOUT_0000226,0.2409629970831151,Reject,0.1681455855466134,Reject,0.1681455855466134,Reject,False,False,True,True,0.0,0.0,,
HC_HELDOUT_0000227,0.0311202459247211,Approve,0.0351048007021886,Approve,0.0351048007021886,Approve,False,False,True,True,0.0,0.0,,
HC_HELDOUT_0000228,0.254842628098162,Reject,0.1898885374149091,Reject,0.1898885374149091,Reject,False,False,True,True,0.0,0.0,,
HC_HELDOUT_0000229,0.0958404309670349,Reject,0.1506867850893044,Reject,0.1506867850893044,Reject,False,False,True,True,0.0,0.0,,
HC_HELDOUT_0000230,0.0220687983241803,Approve,0.0230178370712914,Approve,0.0230178370712914,Approve,False,False,True,True,0.0,0.0,,
HC_HELDOUT_0000231,0.0206374798019188,Approve,0.0217964080257302,Approve,0.0217964080257302,Approve,False,False,True,True,0.0,0.0,,
HC_HELDOUT_0000232,0.069481549323735,Approve,0.069481549323735,Approve,0.069481549323735,Approve,False,False,False,False,5.0,5.0,REPAYMENT_PERFORMANCE_QUALITY_EVIDENCE;BUREAU_ACTIVE_CREDIT_CAPACITY_EVIDENCE;BUREAU_CREDIT_HISTORY_QUALITY_EVIDENCE;BUREAU_RECENT_CREDIT_ACTIVITY_EVIDENCE;REPAYMENT_PRIOR_CREDIT_EXPERIENCE_EVIDENCE,REPAYMENT_PRIOR_CREDIT_EXPERIENCE_EVIDENCE;BUREAU_RECENT_CREDIT_ACTIVITY_EVIDENCE;BUREAU_CREDIT_HISTORY_QUALITY_EVIDENCE;REPAYMENT_PERFORMANCE_QUALITY_EVIDENCE;BUREAU_ACTIVE_CREDIT_CAPACITY_EVIDENCE
HC_HELDOUT_0000233,0.1005792777956886,Reject,0.1005792777956886,Reject,0.1005792777956886,Reject,False,False,False,False,5.0,5.0,REPAYMENT_PERFORMANCE_QUALITY_EVIDENCE;BUREAU_ACTIVE_CREDIT_CAPACITY_EVIDENCE;BUREAU_CREDIT_HISTORY_QUALITY_EVIDENCE;BUREAU_RECENT_CREDIT_ACTIVITY_EVIDENCE;REPAYMENT_PRIOR_CREDIT_EXPERIENCE_EVIDENCE,REPAYMENT_PRIOR_CREDIT_EXPERIENCE_EVIDENCE;BUREAU_ACTIVE_CREDIT_CAPACITY_EVIDENCE;BUREAU_CREDIT_HISTORY_QUALITY_EVIDENCE;BUREAU_RECENT_CREDIT_ACTIVITY_EVIDENCE;REPAYMENT_PERFORMANCE_QUALITY_EVIDENCE
HC_HELDOUT_0000234,0.0331284527719139,Approve,0.0345481612291848,Approve,0.0345481612291848,Approve,False,False,True,True,0.0,0.0,,
HC_HELDOUT_0000235,0.0283034974994766,Approve,0.034091549183077,Approve,0.034091549183077,Approve,False,False,True,True,1.0,1.0,REPAYMENT_PERFORMANCE_QUALITY_EVIDENCE,REPAYMENT_PERFORMANCE_QUALITY_EVIDENCE
HC_HELDOUT_0000236,0.0909318978620537,Reject,0.140582298755145,Reject,0.0909318978620537,Reject,False,False,True,False,2.0,5.0,REPAYMENT_PERFORMANCE_QUALITY_EVIDENCE;BUREAU_ACTIVE_CREDIT_CAPACITY_EVIDENCE,BUREAU_RECENT_CREDIT_ACTIVITY_EVIDENCE;BUREAU_ACTIVE_CREDIT_CAPACITY_EVIDENCE;REPAYMENT_PRIOR_CREDIT_EXPERIENCE_EVIDENCE;REPAYMENT_PERFORMANCE_QUALITY_EVIDENCE;BUREAU_CREDIT_HISTORY_QUALITY_EVIDENCE
HC_HELDOUT_0000237,0.1116513975440563,Reject,0.1116513975440563,Reject,0.1116513975440563,Reject,False,False,False,False,5.0,5.0,REPAYMENT_PERFORMANCE_QUALITY_EVIDENCE;BUREAU_ACTIVE_CREDIT_CAPACITY_EVIDENCE;BUREAU_CREDIT_HISTORY_QUALITY_EVIDENCE;BUREAU_RECENT_CREDIT_ACTIVITY_EVIDENCE;REPAYMENT_PRIOR_CREDIT_EXPERIENCE_EVIDENCE,BUREAU_ACTIVE_CREDIT_CAPACITY_EVIDENCE;BUREAU_CREDIT_HISTORY_QUALITY_EVIDENCE;BUREAU_RECENT_CREDIT_ACTIVITY_EVIDENCE;REPAYMENT_PERFORMANCE_QUALITY_EVIDENCE;REPAYMENT_PRIOR_CREDIT_EXPERIENCE_EVIDENCE
HC_HELDOUT_0000238,0.036800661461592,Approve,0.0342450998788033,Approve,0.0342450998788033,Approve,False,False,True,True,0.0,0.0,,
HC_HELDOUT_0000239,0.0280786125311018,Approve,0.0198796118769523,Approve,0.0198796118769523,Approve,False,False,True,True,0.0,0.0,,
HC_HELDOUT_0000240,0.0400697340685892,Approve,0.0400697340685892,Approve,0.0325025899242008,Approve,False,False,False,True,5.0,4.0,REPAYMENT_PERFORMANCE_QUALITY_EVIDENCE;BUREAU_ACTIVE_CREDIT_CAPACITY_EVIDENCE;BUREAU_CREDIT_HISTORY_QUALITY_EVIDENCE;BUREAU_RECENT_CREDIT_ACTIVITY_EVIDENCE;REPAYMENT_PRIOR_CREDIT_EXPERIENCE_EVIDENCE,BUREAU_RECENT_CREDIT_ACTIVITY_EVIDENCE;REPAYMENT_PERFORMANCE_QUALITY_EVIDENCE;REPAYMENT_PRIOR_CREDIT_EXPERIENCE_EVIDENCE;BUREAU_CREDIT_HISTORY_QUALITY_EVIDENCE
HC_HELDOUT_0000241,0.0479633930999367,Approve,0.0479633930999367,Approve,0.0479633930999367,Approve,False,False,False,False,5.0,5.0,REPAYMENT_PERFORMANCE_QUALITY_EVIDENCE;BUREAU_ACTIVE_CREDIT_CAPACITY_EVIDENCE;BUREAU_CREDIT_HISTORY_QUALITY_EVIDENCE;BUREAU_RECENT_CREDIT_ACTIVITY_EVIDENCE;REPAYMENT_PRIOR_CREDIT_EXPERIENCE_EVIDENCE,REPAYMENT_PRIOR_CREDIT_EXPERIENCE_EVIDENCE;BUREAU_RECENT_CREDIT_ACTIVITY_EVIDENCE;REPAYMENT_PERFORMANCE_QUALITY_EVIDENCE;BUREAU_CREDIT_HISTORY_QUALITY_EVIDENCE;BUREAU_ACTIVE_CREDIT_CAPACITY_EVIDENCE
HC_HELDOUT_0000242,0.2296334807027132,Reject,0.187097091388543,Reject,0.187097091388543,Reject,False,False,True,True,0.0,0.0,,
HC_HELDOUT_0000243,0.082433627531746,Approve,0.082433627531746,Approve,0.082433627531746,Approve,False,False,False,False,5.0,5.0,REPAYMENT_PERFORMANCE_QUALITY_EVIDENCE;BUREAU_ACTIVE_CREDIT_CAPACITY_EVIDENCE;BUREAU_CREDIT_HISTORY_QUALITY_EVIDENCE;BUREAU_RECENT_CREDIT_ACTIVITY_EVIDENCE;REPAYMENT_PRIOR_CREDIT_EXPERIENCE_EVIDENCE,REPAYMENT_PRIOR_CREDIT_EXPERIENCE_EVIDENCE;BUREAU_ACTIVE_CREDIT_CAPACITY_EVIDENCE;BUREAU_CREDIT_HISTORY_QUALITY_EVIDENCE;BUREAU_RECENT_CREDIT_ACTIVITY_EVIDENCE;REPAYMENT_PERFORMANCE_QUALITY_EVIDENCE
HC_HELDOUT_0000244,0.0459309057181301,Approve,0.0459309057181301,Approve,0.0459309057181301,Approve,False,False,False,False,5.0,5.0,REPAYMENT_PERFORMANCE_QUALITY_EVIDENCE;BUREAU_ACTIVE_CREDIT_CAPACITY_EVIDENCE;BUREAU_CREDIT_HISTORY_QUALITY_EVIDENCE;BUREAU_RECENT_CREDIT_ACTIVITY_EVIDENCE;REPAYMENT_PRIOR_CREDIT_EXPERIENCE_EVIDENCE,REPAYMENT_PERFORMANCE_QUALITY_EVIDENCE;REPAYMENT_PRIOR_CREDIT_EXPERIENCE_EVIDENCE;BUREAU_CREDIT_HISTORY_QUALITY_EVIDENCE;BUREAU_RECENT_CREDIT_ACTIVITY_EVIDENCE;BUREAU_ACTIVE_CREDIT_CAPACITY_EVIDENCE
HC_HELDOUT_0000245,0.019754394216637,Approve,0.0234748165195861,Approve,0.0234748165195861,Approve,False,False,True,True,0.0,0.0,,
HC_HELDOUT_0000246,0.0188190492983693,Approve,0.022099700355055,Approve,0.022099700355055,Approve,False,False,True,True,0.0,0.0,,
HC_HELDOUT_0000247,0.054541212668776,Approve,0.054541212668776,Approve,0.054541212668776,Approve,False,False,False,False,5.0,5.0,REPAYMENT_PERFORMANCE_QUALITY_EVIDENCE;BUREAU_ACTIVE_CREDIT_CAPACITY_EVIDENCE;BUREAU_CREDIT_HISTORY_QUALITY_EVIDENCE;BUREAU_RECENT_CREDIT_ACTIVITY_EVIDENCE;REPAYMENT_PRIOR_CREDIT_EXPERIENCE_EVIDENCE,BUREAU_ACTIVE_CREDIT_CAPACITY_EVIDENCE;REPAYMENT_PRIOR_CREDIT_EXPERIENCE_EVIDENCE;BUREAU_CREDIT_HISTORY_QUALITY_EVIDENCE;REPAYMENT_PERFORMANCE_QUALITY_EVIDENCE;BUREAU_RECENT_CREDIT_ACTIVITY_EVIDENCE
HC_HELDOUT_0000248,0.241616045541209,Reject,0.1706352283042556,Reject,0.1706352283042556,Reject,False,False,True,True,0.0,0.0,,
HC_HELDOUT_0000249,0.1791852590317331,Reject,0.1926255684449422,Reject,0.1926255684449422,Reject,False,False,True,True,0.0,0.0,,
HC_HELDOUT_0000250,0.0767518392633174,Approve,0.0767518392633174,Approve,0.0767518392633174,Approve,False,False,False,False,5.0,5.0,REPAYMENT_PERFORMANCE_QUALITY_EVIDENCE;BUREAU_ACTIVE_CREDIT_CAPACITY_EVIDENCE;BUREAU_CREDIT_HISTORY_QUALITY_EVIDENCE;BUREAU_RECENT_CREDIT_ACTIVITY_EVIDENCE;REPAYMENT_PRIOR_CREDIT_EXPERIENCE_EVIDENCE,REPAYMENT_PRIOR_CREDIT_EXPERIENCE_EVIDENCE;BUREAU_CREDIT_HISTORY_QUALITY_EVIDENCE;BUREAU_RECENT_CREDIT_ACTIVITY_EVIDENCE;BUREAU_ACTIVE_CREDIT_CAPACITY_EVIDENCE;REPAYMENT_PERFORMANCE_QUALITY_EVIDENCE
HC_HELDOUT_0000251,0.098973039879428,Reject,0.098973039879428,Reject,0.098973039879428,Reject,False,False,False,False,5.0,5.0,REPAYMENT_PERFORMANCE_QUALITY_EVIDENCE;BUREAU_ACTIVE_CREDIT_CAPACITY_EVIDENCE;BUREAU_CREDIT_HISTORY_QUALITY_EVIDENCE;BUREAU_RECENT_CREDIT_ACTIVITY_EVIDENCE;REPAYMENT_PRIOR_CREDIT_EXPERIENCE_EVIDENCE,REPAYMENT_PRIOR_CREDIT_EXPERIENCE_EVIDENCE;BUREAU_CREDIT_HISTORY_QUALITY_EVIDENCE;REPAYMENT_PERFORMANCE_QUALITY_EVIDENCE;BUREAU_RECENT_CREDIT_ACTIVITY_EVIDENCE;BUREAU_ACTIVE_CREDIT_CAPACITY_EVIDENCE
HC_HELDOUT_0000252,0.0225153316616419,Approve,0.0369396804877464,Approve,0.0336073097908937,Approve,False,False,True,True,1.0,1.0,REPAYMENT_PERFORMANCE_QUALITY_EVIDENCE,BUREAU_ACTIVE_CREDIT_CAPACITY_EVIDENCE
HC_HELDOUT_0000253,0.1996386658964947,Reject,0.1464477566299284,Reject,0.1464477566299284,Reject,False,False,True,True,0.0,0.0,,
HC_HELDOUT_0000254,0.1409667947232938,Reject,0.1926255684449422,Reject,0.1926255684449422,Reject,False,False,True,True,0.0,0.0,,
HC_HELDOUT_0000255,0.0524522242949591,Approve,0.0524522242949591,Approve,0.0524522242949591,Approve,False,False,False,False,5.0,5.0,REPAYMENT_PERFORMANCE_QUALITY_EVIDENCE;BUREAU_ACTIVE_CREDIT_CAPACITY_EVIDENCE;BUREAU_CREDIT_HISTORY_QUALITY_EVIDENCE;BUREAU_RECENT_CREDIT_ACTIVITY_EVIDENCE;REPAYMENT_PRIOR_CREDIT_EXPERIENCE_EVIDENCE,REPAYMENT_PERFORMANCE_QUALITY_EVIDENCE;BUREAU_ACTIVE_CREDIT_CAPACITY_EVIDENCE;BUREAU_RECENT_CREDIT_ACTIVITY_EVIDENCE;BUREAU_CREDIT_HISTORY_QUALITY_EVIDENCE;REPAYMENT_PRIOR_CREDIT_EXPERIENCE_EVIDENCE
HC_HELDOUT_0000256,0.0537184638979095,Approve,0.0537184638979095,Approve,0.0537184638979095,Approve,False,False,False,False,5.0,5.0,REPAYMENT_PERFORMANCE_QUALITY_EVIDENCE;BUREAU_ACTIVE_CREDIT_CAPACITY_EVIDENCE;BUREAU_CREDIT_HISTORY_QUALITY_EVIDENCE;BUREAU_RECENT_CREDIT_ACTIVITY_EVIDENCE;REPAYMENT_PRIOR_CREDIT_EXPERIENCE_EVIDENCE,BUREAU_RECENT_CREDIT_ACTIVITY_EVIDENCE;BUREAU_CREDIT_HISTORY_QUALITY_EVIDENCE;REPAYMENT_PRIOR_CREDIT_EXPERIENCE_EVIDENCE;BUREAU_ACTIVE_CREDIT_CAPACITY_EVIDENCE;REPAYMENT_PERFORMANCE_QUALITY_EVIDENCE
HC_HELDOUT_0000257,0.1167724140933232,Reject,0.1167724140933232,Reject,0.1167724140933232,Reject,False,False,False,False,5.0,5.0,REPAYMENT_PERFORMANCE_QUALITY_EVIDENCE;BUREAU_ACTIVE_CREDIT_CAPACITY_EVIDENCE;BUREAU_CREDIT_HISTORY_QUALITY_EVIDENCE;BUREAU_RECENT_CREDIT_ACTIVITY_EVIDENCE;REPAYMENT_PRIOR_CREDIT_EXPERIENCE_EVIDENCE,BUREAU_CREDIT_HISTORY_QUALITY_EVIDENCE;REPAYMENT_PRIOR_CREDIT_EXPERIENCE_EVIDENCE;BUREAU_RECENT_CREDIT_ACTIVITY_EVIDENCE;BUREAU_ACTIVE_CREDIT_CAPACITY_EVIDENCE;REPAYMENT_PERFORMANCE_QUALITY_EVIDENCE
HC_HELDOUT_0000258,0.145992459466746,Reject,0.1397592626685883,Reject,0.1422199154374844,Reject,False,False,True,True,4.0,4.0,REPAYMENT_PERFORMANCE_QUALITY_EVIDENCE;BUREAU_ACTIVE_CREDIT_CAPACITY_EVIDENCE;BUREAU_CREDIT_HISTORY_QUALITY_EVIDENCE;BUREAU_RECENT_CREDIT_ACTIVITY_EVIDENCE,REPAYMENT_PERFORMANCE_QUALITY_EVIDENCE;BUREAU_ACTIVE_CREDIT_CAPACITY_EVIDENCE;BUREAU_RECENT_CREDIT_ACTIVITY_EVIDENCE;REPAYMENT_PRIOR_CREDIT_EXPERIENCE_EVIDENCE
HC_HELDOUT_0000259,0.1755886856578761,Reject,0.1711306759499269,Reject,0.1711306759499269,Reject,False,False,True,True,1.0,1.0,REPAYMENT_PERFORMANCE_QUALITY_EVIDENCE,REPAYMENT_PERFORMANCE_QUALITY_EVIDENCE
HC_HELDOUT_0000260,0.0504537823855197,Approve,0.0504537823855197,Approve,0.0504537823855197,Approve,False,False,False,False,5.0,5.0,REPAYMENT_PERFORMANCE_QUALITY_EVIDENCE;BUREAU_ACTIVE_CREDIT_CAPACITY_EVIDENCE;BUREAU_CREDIT_HISTORY_QUALITY_EVIDENCE;BUREAU_RECENT_CREDIT_ACTIVITY_EVIDENCE;REPAYMENT_PRIOR_CREDIT_EXPERIENCE_EVIDENCE,BUREAU_CREDIT_HISTORY_QUALITY_EVIDENCE;BUREAU_RECENT_CREDIT_ACTIVITY_EVIDENCE;BUREAU_ACTIVE_CREDIT_CAPACITY_EVIDENCE;REPAYMENT_PRIOR_CREDIT_EXPERIENCE_EVIDENCE;REPAYMENT_PERFORMANCE_QUALITY_EVIDENCE
HC_HELDOUT_0000261,0.0552659998630618,Approve,0.0552659998630618,Approve,0.0552659998630618,Approve,False,False,False,False,5.0,5.0,REPAYMENT_PERFORMANCE_QUALITY_EVIDENCE;BUREAU_ACTIVE_CREDIT_CAPACITY_EVIDENCE;BUREAU_CREDIT_HISTORY_QUALITY_EVIDENCE;BUREAU_RECENT_CREDIT_ACTIVITY_EVIDENCE;REPAYMENT_PRIOR_CREDIT_EXPERIENCE_EVIDENCE,BUREAU_CREDIT_HISTORY_QUALITY_EVIDENCE;REPAYMENT_PRIOR_CREDIT_EXPERIENCE_EVIDENCE;REPAYMENT_PERFORMANCE_QUALITY_EVIDENCE;BUREAU_ACTIVE_CREDIT_CAPACITY_EVIDENCE;BUREAU_RECENT_CREDIT_ACTIVITY_EVIDENCE
HC_HELDOUT_0000262,0.0579857974949092,Approve,0.0579857974949092,Approve,0.0579857974949092,Approve,False,False,False,False,5.0,5.0,REPAYMENT_PERFORMANCE_QUALITY_EVIDENCE;BUREAU_ACTIVE_CREDIT_CAPACITY_EVIDENCE;BUREAU_CREDIT_HISTORY_QUALITY_EVIDENCE;BUREAU_RECENT_CREDIT_ACTIVITY_EVIDENCE;REPAYMENT_PRIOR_CREDIT_EXPERIENCE_EVIDENCE,BUREAU_CREDIT_HISTORY_QUALITY_EVIDENCE;REPAYMENT_PERFORMANCE_QUALITY_EVIDENCE;BUREAU_ACTIVE_CREDIT_CAPACITY_EVIDENCE;REPAYMENT_PRIOR_CREDIT_EXPERIENCE_EVIDENCE;BUREAU_RECENT_CREDIT_ACTIVITY_EVIDENCE
HC_HELDOUT_0000263,0.0689688386237156,Approve,0.0689688386237156,Approve,0.0689688386237156,Approve,False,False,False,False,5.0,5.0,REPAYMENT_PERFORMANCE_QUALITY_EVIDENCE;BUREAU_ACTIVE_CREDIT_CAPACITY_EVIDENCE;BUREAU_CREDIT_HISTORY_QUALITY_EVIDENCE;BUREAU_RECENT_CREDIT_ACTIVITY_EVIDENCE;REPAYMENT_PRIOR_CREDIT_EXPERIENCE_EVIDENCE,BUREAU_CREDIT_HISTORY_QUALITY_EVIDENCE;REPAYMENT_PERFORMANCE_QUALITY_EVIDENCE;BUREAU_ACTIVE_CREDIT_CAPACITY_EVIDENCE;BUREAU_RECENT_CREDIT_ACTIVITY_EVIDENCE;REPAYMENT_PRIOR_CREDIT_EXPERIENCE_EVIDENCE
HC_HELDOUT_0000264,0.0123582565990513,Approve,0.0198295416651825,Approve,0.0198295416651825,Approve,False,False,True,True,0.0,0.0,,
HC_HELDOUT_0000265,0.1671671275648625,Reject,0.2198231562135669,Reject,0.2198231562135669,Reject,False,False,True,True,0.0,0.0,,
HC_HELDOUT_0000266,0.0161136041960899,Approve,0.0273620482862871,Approve,0.0273620482862871,Approve,False,False,True,True,0.0,0.0,,
HC_HELDOUT_0000267,0.0217374247684499,Approve,0.0347107207353187,Approve,0.0347107207353187,Approve,False,False,True,True,0.0,0.0,,
HC_HELDOUT_0000268,0.0173372631448486,Approve,0.0219033612316654,Approve,0.0219033612316654,Approve,False,False,True,True,0.0,0.0,,
HC_HELDOUT_0000269,0.0662738247565994,Approve,0.0662738247565994,Approve,0.0662738247565994,Approve,False,False,False,False,5.0,5.0,REPAYMENT_PERFORMANCE_QUALITY_EVIDENCE;BUREAU_ACTIVE_CREDIT_CAPACITY_EVIDENCE;BUREAU_CREDIT_HISTORY_QUALITY_EVIDENCE;BUREAU_RECENT_CREDIT_ACTIVITY_EVIDENCE;REPAYMENT_PRIOR_CREDIT_EXPERIENCE_EVIDENCE,REPAYMENT_PERFORMANCE_QUALITY_EVIDENCE;BUREAU_CREDIT_HISTORY_QUALITY_EVIDENCE;BUREAU_RECENT_CREDIT_ACTIVITY_EVIDENCE;BUREAU_ACTIVE_CREDIT_CAPACITY_EVIDENCE;REPAYMENT_PRIOR_CREDIT_EXPERIENCE_EVIDENCE
HC_HELDOUT_0000270,0.0829966089898237,Approve,0.0829966089898237,Approve,0.0829966089898237,Approve,False,False,False,False,5.0,5.0,REPAYMENT_PERFORMANCE_QUALITY_EVIDENCE;BUREAU_ACTIVE_CREDIT_CAPACITY_EVIDENCE;BUREAU_CREDIT_HISTORY_QUALITY_EVIDENCE;BUREAU_RECENT_CREDIT_ACTIVITY_EVIDENCE;REPAYMENT_PRIOR_CREDIT_EXPERIENCE_EVIDENCE,REPAYMENT_PERFORMANCE_QUALITY_EVIDENCE;BUREAU_ACTIVE_CREDIT_CAPACITY_EVIDENCE;REPAYMENT_PRIOR_CREDIT_EXPERIENCE_EVIDENCE;BUREAU_CREDIT_HISTORY_QUALITY_EVIDENCE;BUREAU_RECENT_CREDIT_ACTIVITY_EVIDENCE
HC_HELDOUT_0000271,0.1192404695617769,Reject,0.1518259503330336,Reject,0.1518259503330336,Reject,False,False,True,True,0.0,0.0,,
HC_HELDOUT_0000272,0.0354275435360011,Approve,0.0211813779942292,Approve,0.0211813779942292,Approve,False,False,True,True,0.0,0.0,,
HC_HELDOUT_0000273,0.0568058479868744,Approve,0.0568058479868744,Approve,0.0568058479868744,Approve,False,False,False,False,5.0,5.0,REPAYMENT_PERFORMANCE_QUALITY_EVIDENCE;BUREAU_ACTIVE_CREDIT_CAPACITY_EVIDENCE;BUREAU_CREDIT_HISTORY_QUALITY_EVIDENCE;BUREAU_RECENT_CREDIT_ACTIVITY_EVIDENCE;REPAYMENT_PRIOR_CREDIT_EXPERIENCE_EVIDENCE,REPAYMENT_PERFORMANCE_QUALITY_EVIDENCE;BUREAU_RECENT_CREDIT_ACTIVITY_EVIDENCE;REPAYMENT_PRIOR_CREDIT_EXPERIENCE_EVIDENCE;BUREAU_ACTIVE_CREDIT_CAPACITY_EVIDENCE;BUREAU_CREDIT_HISTORY_QUALITY_EVIDENCE
HC_HELDOUT_0000274,0.1813975664440336,Reject,0.1561921670510206,Reject,0.1561921670510206,Reject,False,False,True,True,0.0,0.0,,
HC_HELDOUT_0000275,0.0489404651809892,Approve,0.0489404651809892,Approve,0.0489404651809892,Approve,False,False,False,False,5.0,5.0,REPAYMENT_PERFORMANCE_QUALITY_EVIDENCE;BUREAU_ACTIVE_CREDIT_CAPACITY_EVIDENCE;BUREAU_CREDIT_HISTORY_QUALITY_EVIDENCE;BUREAU_RECENT_CREDIT_ACTIVITY_EVIDENCE;REPAYMENT_PRIOR_CREDIT_EXPERIENCE_EVIDENCE,REPAYMENT_PERFORMANCE_QUALITY_EVIDENCE;BUREAU_RECENT_CREDIT_ACTIVITY_EVIDENCE;REPAYMENT_PRIOR_CREDIT_EXPERIENCE_EVIDENCE;BUREAU_ACTIVE_CREDIT_CAPACITY_EVIDENCE;BUREAU_CREDIT_HISTORY_QUALITY_EVIDENCE
HC_HELDOUT_0000276,0.1643184062656194,Reject,0.1416716191002659,Reject,0.1416716191002659,Reject,False,False,True,True,1.0,1.0,REPAYMENT_PERFORMANCE_QUALITY_EVIDENCE,REPAYMENT_PERFORMANCE_QUALITY_EVIDENCE
HC_HELDOUT_0000277,0.0664359211954525,Approve,0.0664359211954525,Approve,0.0664359211954525,Approve,False,False,False,False,5.0,5.0,REPAYMENT_PERFORMANCE_QUALITY_EVIDENCE;BUREAU_ACTIVE_CREDIT_CAPACITY_EVIDENCE;BUREAU_CREDIT_HISTORY_QUALITY_EVIDENCE;BUREAU_RECENT_CREDIT_ACTIVITY_EVIDENCE;REPAYMENT_PRIOR_CREDIT_EXPERIENCE_EVIDENCE,REPAYMENT_PRIOR_CREDIT_EXPERIENCE_EVIDENCE;BUREAU_ACTIVE_CREDIT_CAPACITY_EVIDENCE;REPAYMENT_PERFORMANCE_QUALITY_EVIDENCE;BUREAU_CREDIT_HISTORY_QUALITY_EVIDENCE;BUREAU_RECENT_CREDIT_ACTIVITY_EVIDENCE
HC_HELDOUT_0000278,0.0838731978392482,Approve,0.0838731978392482,Approve,0.0838731978392482,Approve,False,False,False,False,5.0,5.0,REPAYMENT_PERFORMANCE_QUALITY_EVIDENCE;BUREAU_ACTIVE_CREDIT_CAPACITY_EVIDENCE;BUREAU_CREDIT_HISTORY_QUALITY_EVIDENCE;BUREAU_RECENT_CREDIT_ACTIVITY_EVIDENCE;REPAYMENT_PRIOR_CREDIT_EXPERIENCE_EVIDENCE,BUREAU_ACTIVE_CREDIT_CAPACITY_EVIDENCE;REPAYMENT_PRIOR_CREDIT_EXPERIENCE_EVIDENCE;REPAYMENT_PERFORMANCE_QUALITY_EVIDENCE;BUREAU_RECENT_CREDIT_ACTIVITY_EVIDENCE;BUREAU_CREDIT_HISTORY_QUALITY_EVIDENCE
HC_HELDOUT_0000279,0.0954489783867209,Reject,0.1390294723327086,Reject,0.1390294723327086,Reject,False,False,True,True,0.0,0.0,,
HC_HELDOUT_0000280,0.0106691189190516,Approve,0.0165239874588905,Approve,0.0165239874588905,Approve,False,False,True,True,0.0,0.0,,
HC_HELDOUT_0000281,0.0147179141024423,Approve,0.0203834615032452,Approve,0.0203834615032452,Approve,False,False,True,True,0.0,0.0,,
HC_HELDOUT_0000282,0.1189091265421111,Reject,0.1807357107244516,Reject,0.1807357107244516,Reject,False,False,True,True,0.0,0.0,,
HC_HELDOUT_0000283,0.0488231919632522,Approve,0.0488231919632522,Approve,0.0488231919632522,Approve,False,False,False,False,5.0,5.0,REPAYMENT_PERFORMANCE_QUALITY_EVIDENCE;BUREAU_ACTIVE_CREDIT_CAPACITY_EVIDENCE;BUREAU_CREDIT_HISTORY_QUALITY_EVIDENCE;BUREAU_RECENT_CREDIT_ACTIVITY_EVIDENCE;REPAYMENT_PRIOR_CREDIT_EXPERIENCE_EVIDENCE,REPAYMENT_PERFORMANCE_QUALITY_EVIDENCE;REPAYMENT_PRIOR_CREDIT_EXPERIENCE_EVIDENCE;BUREAU_RECENT_CREDIT_ACTIVITY_EVIDENCE;BUREAU_ACTIVE_CREDIT_CAPACITY_EVIDENCE;BUREAU_CREDIT_HISTORY_QUALITY_EVIDENCE
HC_HELDOUT_0000284,0.0249361195728888,Approve,0.0339960797338324,Approve,0.0359674818173422,Approve,False,False,True,True,3.0,2.0,REPAYMENT_PERFORMANCE_QUALITY_EVIDENCE;BUREAU_ACTIVE_CREDIT_CAPACITY_EVIDENCE;BUREAU_CREDIT_HISTORY_QUALITY_EVIDENCE,BUREAU_CREDIT_HISTORY_QUALITY_EVIDENCE;REPAYMENT_PERFORMANCE_QUALITY_EVIDENCE
HC_HELDOUT_0000285,0.0672454324573964,Approve,0.0672454324573964,Approve,0.0672454324573964,Approve,False,False,False,False,5.0,5.0,REPAYMENT_PERFORMANCE_QUALITY_EVIDENCE;BUREAU_ACTIVE_CREDIT_CAPACITY_EVIDENCE;BUREAU_CREDIT_HISTORY_QUALITY_EVIDENCE;BUREAU_RECENT_CREDIT_ACTIVITY_EVIDENCE;REPAYMENT_PRIOR_CREDIT_EXPERIENCE_EVIDENCE,BUREAU_ACTIVE_CREDIT_CAPACITY_EVIDENCE;REPAYMENT_PRIOR_CREDIT_EXPERIENCE_EVIDENCE;BUREAU_CREDIT_HISTORY_QUALITY_EVIDENCE;REPAYMENT_PERFORMANCE_QUALITY_EVIDENCE;BUREAU_RECENT_CREDIT_ACTIVITY_EVIDENCE
HC_HELDOUT_0000286,0.0176314661653013,Approve,0.0234748165195861,Approve,0.0234748165195861,Approve,False,False,True,True,0.0,0.0,,
HC_HELDOUT_0000287,0.0995373918923949,Reject,0.0995373918923949,Reject,0.0995373918923949,Reject,False,False,False,False,5.0,5.0,REPAYMENT_PERFORMANCE_QUALITY_EVIDENCE;BUREAU_ACTIVE_CREDIT_CAPACITY_EVIDENCE;BUREAU_CREDIT_HISTORY_QUALITY_EVIDENCE;BUREAU_RECENT_CREDIT_ACTIVITY_EVIDENCE;REPAYMENT_PRIOR_CREDIT_EXPERIENCE_EVIDENCE,BUREAU_CREDIT_HISTORY_QUALITY_EVIDENCE;BUREAU_RECENT_CREDIT_ACTIVITY_EVIDENCE;BUREAU_ACTIVE_CREDIT_CAPACITY_EVIDENCE;REPAYMENT_PERFORMANCE_QUALITY_EVIDENCE;REPAYMENT_PRIOR_CREDIT_EXPERIENCE_EVIDENCE
HC_HELDOUT_0000288,0.1514606445364558,Reject,0.1514606445364558,Reject,0.1435856223232698,Reject,False,False,False,True,5.0,1.0,REPAYMENT_PERFORMANCE_QUALITY_EVIDENCE;BUREAU_ACTIVE_CREDIT_CAPACITY_EVIDENCE;BUREAU_CREDIT_HISTORY_QUALITY_EVIDENCE;BUREAU_RECENT_CREDIT_ACTIVITY_EVIDENCE;REPAYMENT_PRIOR_CREDIT_EXPERIENCE_EVIDENCE,REPAYMENT_PRIOR_CREDIT_EXPERIENCE_EVIDENCE
HC_HELDOUT_0000289,0.0813843449126214,Approve,0.0813843449126214,Approve,0.0813843449126214,Approve,False,False,False,False,5.0,5.0,REPAYMENT_PERFORMANCE_QUALITY_EVIDENCE;BUREAU_ACTIVE_CREDIT_CAPACITY_EVIDENCE;BUREAU_CREDIT_HISTORY_QUALITY_EVIDENCE;BUREAU_RECENT_CREDIT_ACTIVITY_EVIDENCE;REPAYMENT_PRIOR_CREDIT_EXPERIENCE_EVIDENCE,BUREAU_RECENT_CREDIT_ACTIVITY_EVIDENCE;BUREAU_ACTIVE_CREDIT_CAPACITY_EVIDENCE;REPAYMENT_PRIOR_CREDIT_EXPERIENCE_EVIDENCE;REPAYMENT_PERFORMANCE_QUALITY_EVIDENCE;BUREAU_CREDIT_HISTORY_QUALITY_EVIDENCE
HC_HELDOUT_0000290,0.0890118697476164,Reject,0.0890118697476164,Reject,0.0890118697476164,Reject,False,False,False,False,5.0,5.0,REPAYMENT_PERFORMANCE_QUALITY_EVIDENCE;BUREAU_ACTIVE_CREDIT_CAPACITY_EVIDENCE;BUREAU_CREDIT_HISTORY_QUALITY_EVIDENCE;BUREAU_RECENT_CREDIT_ACTIVITY_EVIDENCE;REPAYMENT_PRIOR_CREDIT_EXPERIENCE_EVIDENCE,REPAYMENT_PERFORMANCE_QUALITY_EVIDENCE;BUREAU_ACTIVE_CREDIT_CAPACITY_EVIDENCE;BUREAU_RECENT_CREDIT_ACTIVITY_EVIDENCE;REPAYMENT_PRIOR_CREDIT_EXPERIENCE_EVIDENCE;BUREAU_CREDIT_HISTORY_QUALITY_EVIDENCE
HC_HELDOUT_0000291,0.0420650991937969,Approve,0.0273620482862871,Approve,0.0273620482862871,Approve,False,False,True,True,0.0,0.0,,
HC_HELDOUT_0000292,0.2006739121583193,Reject,0.2209732281784093,Reject,0.2209732281784093,Reject,False,False,True,True,0.0,0.0,,
HC_HELDOUT_0000293,0.0611483487083097,Approve,0.0611483487083097,Approve,0.0611483487083097,Approve,False,False,False,False,5.0,5.0,REPAYMENT_PERFORMANCE_QUALITY_EVIDENCE;BUREAU_ACTIVE_CREDIT_CAPACITY_EVIDENCE;BUREAU_CREDIT_HISTORY_QUALITY_EVIDENCE;BUREAU_RECENT_CREDIT_ACTIVITY_EVIDENCE;REPAYMENT_PRIOR_CREDIT_EXPERIENCE_EVIDENCE,REPAYMENT_PRIOR_CREDIT_EXPERIENCE_EVIDENCE;BUREAU_RECENT_CREDIT_ACTIVITY_EVIDENCE;BUREAU_CREDIT_HISTORY_QUALITY_EVIDENCE;BUREAU_ACTIVE_CREDIT_CAPACITY_EVIDENCE;REPAYMENT_PERFORMANCE_QUALITY_EVIDENCE
HC_HELDOUT_0000294,0.0092239814415764,Approve,0.0166729284896776,Approve,0.0166729284896776,Approve,False,False,True,True,0.0,0.0,,
HC_HELDOUT_0000295,0.0458829909244802,Approve,0.0458829909244802,Approve,0.0458829909244802,Approve,False,False,False,False,5.0,5.0,REPAYMENT_PERFORMANCE_QUALITY_EVIDENCE;BUREAU_ACTIVE_CREDIT_CAPACITY_EVIDENCE;BUREAU_CREDIT_HISTORY_QUALITY_EVIDENCE;BUREAU_RECENT_CREDIT_ACTIVITY_EVIDENCE;REPAYMENT_PRIOR_CREDIT_EXPERIENCE_EVIDENCE,REPAYMENT_PERFORMANCE_QUALITY_EVIDENCE;BUREAU_ACTIVE_CREDIT_CAPACITY_EVIDENCE;REPAYMENT_PRIOR_CREDIT_EXPERIENCE_EVIDENCE;BUREAU_CREDIT_HISTORY_QUALITY_EVIDENCE;BUREAU_RECENT_CREDIT_ACTIVITY_EVIDENCE
HC_HELDOUT_0000296,0.0373316670066057,Approve,0.0299227477929422,Approve,0.0370207808471619,Approve,False,False,True,True,1.0,1.0,REPAYMENT_PERFORMANCE_QUALITY_EVIDENCE,BUREAU_RECENT_CREDIT_ACTIVITY_EVIDENCE
HC_HELDOUT_0000297,0.0162291056569481,Approve,0.0221523056281037,Approve,0.0221523056281037,Approve,False,False,True,True,0.0,0.0,,
HC_HELDOUT_0000298,0.0238046849360856,Approve,0.0230122713956733,Approve,0.0230122713956733,Approve,False,False,True,True,1.0,1.0,REPAYMENT_PERFORMANCE_QUALITY_EVIDENCE,REPAYMENT_PERFORMANCE_QUALITY_EVIDENCE
HC_HELDOUT_0000299,0.1283938039489568,Reject,0.1591821038127215,Reject,0.1591821038127215,Reject,False,False,True,True,0.0,0.0,,
HC_HELDOUT_0000300,0.0584115539913308,Approve,0.0584115539913308,Approve,0.0584115539913308,Approve,False,False,False,False,5.0,5.0,REPAYMENT_PERFORMANCE_QUALITY_EVIDENCE;BUREAU_ACTIVE_CREDIT_CAPACITY_EVIDENCE;BUREAU_CREDIT_HISTORY_QUALITY_EVIDENCE;BUREAU_RECENT_CREDIT_ACTIVITY_EVIDENCE;REPAYMENT_PRIOR_CREDIT_EXPERIENCE_EVIDENCE,BUREAU_RECENT_CREDIT_ACTIVITY_EVIDENCE;BUREAU_ACTIVE_CREDIT_CAPACITY_EVIDENCE;BUREAU_CREDIT_HISTORY_QUALITY_EVIDENCE;REPAYMENT_PERFORMANCE_QUALITY_EVIDENCE;REPAYMENT_PRIOR_CREDIT_EXPERIENCE_EVIDENCE
HC_HELDOUT_0000301,0.1255937230914682,Reject,0.1255937230914682,Reject,0.1405289701460066,Reject,False,False,False,True,5.0,3.0,REPAYMENT_PERFORMANCE_QUALITY_EVIDENCE;BUREAU_ACTIVE_CREDIT_CAPACITY_EVIDENCE;BUREAU_CREDIT_HISTORY_QUALITY_EVIDENCE;BUREAU_RECENT_CREDIT_ACTIVITY_EVIDENCE;REPAYMENT_PRIOR_CREDIT_EXPERIENCE_EVIDENCE,REPAYMENT_PRIOR_CREDIT_EXPERIENCE_EVIDENCE;BUREAU_ACTIVE_CREDIT_CAPACITY_EVIDENCE;BUREAU_CREDIT_HISTORY_QUALITY_EVIDENCE
HC_HELDOUT_0000302,0.0161541593385949,Approve,0.0169747804280785,Approve,0.0169747804280785,Approve,False,False,True,True,0.0,0.0,,
HC_HELDOUT_0000303,0.1565292781802193,Reject,0.1374652297909899,Reject,0.1567229727987012,Reject,False,False,True,True,2.0,2.0,REPAYMENT_PERFORMANCE_QUALITY_EVIDENCE;BUREAU_ACTIVE_CREDIT_CAPACITY_EVIDENCE,REPAYMENT_PERFORMANCE_QUALITY_EVIDENCE;BUREAU_CREDIT_HISTORY_QUALITY_EVIDENCE
HC_HELDOUT_0000304,0.1275319419336365,Reject,0.1275319419336365,Reject,0.1275319419336365,Reject,False,False,False,False,5.0,5.0,REPAYMENT_PERFORMANCE_QUALITY_EVIDENCE;BUREAU_ACTIVE_CREDIT_CAPACITY_EVIDENCE;BUREAU_CREDIT_HISTORY_QUALITY_EVIDENCE;BUREAU_RECENT_CREDIT_ACTIVITY_EVIDENCE;REPAYMENT_PRIOR_CREDIT_EXPERIENCE_EVIDENCE,BUREAU_ACTIVE_CREDIT_CAPACITY_EVIDENCE;REPAYMENT_PRIOR_CREDIT_EXPERIENCE_EVIDENCE;BUREAU_CREDIT_HISTORY_QUALITY_EVIDENCE;REPAYMENT_PERFORMANCE_QUALITY_EVIDENCE;BUREAU_RECENT_CREDIT_ACTIVITY_EVIDENCE
HC_HELDOUT_0000305,0.0913118876518522,Reject,0.0913118876518522,Reject,0.0913118876518522,Reject,False,False,False,False,5.0,5.0,REPAYMENT_PERFORMANCE_QUALITY_EVIDENCE;BUREAU_ACTIVE_CREDIT_CAPACITY_EVIDENCE;BUREAU_CREDIT_HISTORY_QUALITY_EVIDENCE;BUREAU_RECENT_CREDIT_ACTIVITY_EVIDENCE;REPAYMENT_PRIOR_CREDIT_EXPERIENCE_EVIDENCE,BUREAU_ACTIVE_CREDIT_CAPACITY_EVIDENCE;BUREAU_CREDIT_HISTORY_QUALITY_EVIDENCE;BUREAU_RECENT_CREDIT_ACTIVITY_EVIDENCE;REPAYMENT_PERFORMANCE_QUALITY_EVIDENCE;REPAYMENT_PRIOR_CREDIT_EXPERIENCE_EVIDENCE
HC_HELDOUT_0000306,0.0154939948195708,Approve,0.025009451789438,Approve,0.025009451789438,Approve,False,False,True,True,0.0,0.0,,
HC_HELDOUT_0000307,0.2236742262696038,Reject,0.2026244297676002,Reject,0.2026244297676002,Reject,False,False,True,True,0.0,0.0,,
HC_HELDOUT_0000308,0.0253609712660132,Approve,0.0219555096396252,Approve,0.0219555096396252,Approve,False,False,True,True,0.0,0.0,,
HC_HELDOUT_0000309,0.0695669483080902,Approve,0.0695669483080902,Approve,0.0695669483080902,Approve,False,False,False,False,5.0,5.0,REPAYMENT_PERFORMANCE_QUALITY_EVIDENCE;BUREAU_ACTIVE_CREDIT_CAPACITY_EVIDENCE;BUREAU_CREDIT_HISTORY_QUALITY_EVIDENCE;BUREAU_RECENT_CREDIT_ACTIVITY_EVIDENCE;REPAYMENT_PRIOR_CREDIT_EXPERIENCE_EVIDENCE,BUREAU_RECENT_CREDIT_ACTIVITY_EVIDENCE;REPAYMENT_PRIOR_CREDIT_EXPERIENCE_EVIDENCE;BUREAU_CREDIT_HISTORY_QUALITY_EVIDENCE;BUREAU_ACTIVE_CREDIT_CAPACITY_EVIDENCE;REPAYMENT_PERFORMANCE_QUALITY_EVIDENCE
HC_HELDOUT_0000310,0.0129886443423021,Approve,0.0168634509155151,Approve,0.0168634509155151,Approve,False,False,True,True,0.0,0.0,,
HC_HELDOUT_0000311,0.1214065691292923,Reject,0.1399219057126404,Reject,0.1399219057126404,Reject,False,False,True,True,0.0,0.0,,
HC_HELDOUT_0000312,0.0179426426276646,Approve,0.0238968193426018,Approve,0.0238968193426018,Approve,False,False,True,True,0.0,0.0,,
HC_HELDOUT_0000313,0.0092512706893233,Approve,0.0187531494717857,Approve,0.0187531494717857,Approve,False,False,True,True,0.0,0.0,,
HC_HELDOUT_0000314,0.0400460416377968,Approve,0.0360497677309469,Approve,0.0400460416377968,Approve,False,False,True,False,4.0,5.0,REPAYMENT_PERFORMANCE_QUALITY_EVIDENCE;BUREAU_ACTIVE_CREDIT_CAPACITY_EVIDENCE;BUREAU_CREDIT_HISTORY_QUALITY_EVIDENCE;BUREAU_RECENT_CREDIT_ACTIVITY_EVIDENCE,REPAYMENT_PERFORMANCE_QUALITY_EVIDENCE;BUREAU_ACTIVE_CREDIT_CAPACITY_EVIDENCE;BUREAU_CREDIT_HISTORY_QUALITY_EVIDENCE;REPAYMENT_PRIOR_CREDIT_EXPERIENCE_EVIDENCE;BUREAU_RECENT_CREDIT_ACTIVITY_EVIDENCE
HC_HELDOUT_0000315,0.0708432758528212,Approve,0.0708432758528212,Approve,0.0708432758528212,Approve,False,False,False,False,5.0,5.0,REPAYMENT_PERFORMANCE_QUALITY_EVIDENCE;BUREAU_ACTIVE_CREDIT_CAPACITY_EVIDENCE;BUREAU_CREDIT_HISTORY_QUALITY_EVIDENCE;BUREAU_RECENT_CREDIT_ACTIVITY_EVIDENCE;REPAYMENT_PRIOR_CREDIT_EXPERIENCE_EVIDENCE,BUREAU_CREDIT_HISTORY_QUALITY_EVIDENCE;REPAYMENT_PRIOR_CREDIT_EXPERIENCE_EVIDENCE;BUREAU_ACTIVE_CREDIT_CAPACITY_EVIDENCE;BUREAU_RECENT_CREDIT_ACTIVITY_EVIDENCE;REPAYMENT_PERFORMANCE_QUALITY_EVIDENCE
HC_HELDOUT_0000316,0.0953987697821518,Reject,0.0953987697821518,Reject,0.0953987697821518,Reject,False,False,False,False,5.0,5.0,REPAYMENT_PERFORMANCE_QUALITY_EVIDENCE;BUREAU_ACTIVE_CREDIT_CAPACITY_EVIDENCE;BUREAU_CREDIT_HISTORY_QUALITY_EVIDENCE;BUREAU_RECENT_CREDIT_ACTIVITY_EVIDENCE;REPAYMENT_PRIOR_CREDIT_EXPERIENCE_EVIDENCE,REPAYMENT_PRIOR_CREDIT_EXPERIENCE_EVIDENCE;REPAYMENT_PERFORMANCE_QUALITY_EVIDENCE;BUREAU_ACTIVE_CREDIT_CAPACITY_EVIDENCE;BUREAU_RECENT_CREDIT_ACTIVITY_EVIDENCE;BUREAU_CREDIT_HISTORY_QUALITY_EVIDENCE
HC_HELDOUT_0000317,0.154456285460218,Reject,0.165272736059799,Reject,0.165272736059799,Reject,False,False,True,True,0.0,0.0,,
HC_HELDOUT_0000318,0.186853702061295,Reject,0.2018399171450569,Reject,0.2018399171450569,Reject,False,False,True,True,0.0,0.0,,
HC_HELDOUT_0000319,0.0788867383521766,Approve,0.0788867383521766,Approve,0.0788867383521766,Approve,False,False,False,False,5.0,5.0,REPAYMENT_PERFORMANCE_QUALITY_EVIDENCE;BUREAU_ACTIVE_CREDIT_CAPACITY_EVIDENCE;BUREAU_CREDIT_HISTORY_QUALITY_EVIDENCE;BUREAU_RECENT_CREDIT_ACTIVITY_EVIDENCE;REPAYMENT_PRIOR_CREDIT_EXPERIENCE_EVIDENCE,BUREAU_RECENT_CREDIT_ACTIVITY_EVIDENCE;REPAYMENT_PRIOR_CREDIT_EXPERIENCE_EVIDENCE;REPAYMENT_PERFORMANCE_QUALITY_EVIDENCE;BUREAU_CREDIT_HISTORY_QUALITY_EVIDENCE;BUREAU_ACTIVE_CREDIT_CAPACITY_EVIDENCE
HC_HELDOUT_0000320,0.1353979288825924,Reject,0.1922477284848545,Reject,0.1922477284848545,Reject,False,False,True,True,0.0,0.0,,
HC_HELDOUT_0000321,0.0437109725041572,Approve,0.0437109725041572,Approve,0.0437109725041572,Approve,False,False,False,False,5.0,5.0,REPAYMENT_PERFORMANCE_QUALITY_EVIDENCE;BUREAU_ACTIVE_CREDIT_CAPACITY_EVIDENCE;BUREAU_CREDIT_HISTORY_QUALITY_EVIDENCE;BUREAU_RECENT_CREDIT_ACTIVITY_EVIDENCE;REPAYMENT_PRIOR_CREDIT_EXPERIENCE_EVIDENCE,BUREAU_CREDIT_HISTORY_QUALITY_EVIDENCE;REPAYMENT_PRIOR_CREDIT_EXPERIENCE_EVIDENCE;BUREAU_ACTIVE_CREDIT_CAPACITY_EVIDENCE;REPAYMENT_PERFORMANCE_QUALITY_EVIDENCE;BUREAU_RECENT_CREDIT_ACTIVITY_EVIDENCE
HC_HELDOUT_0000322,0.0363801625897852,Approve,0.0359323456661257,Approve,0.0370388198065825,Approve,False,False,True,True,4.0,2.0,REPAYMENT_PERFORMANCE_QUALITY_EVIDENCE;BUREAU_ACTIVE_CREDIT_CAPACITY_EVIDENCE;BUREAU_CREDIT_HISTORY_QUALITY_EVIDENCE;BUREAU_RECENT_CREDIT_ACTIVITY_EVIDENCE,BUREAU_CREDIT_HISTORY_QUALITY_EVIDENCE;REPAYMENT_PERFORMANCE_QUALITY_EVIDENCE
HC_HELDOUT_0000323,0.0286221338539155,Approve,0.0312567511655428,Approve,0.0312567511655428,Approve,False,False,True,True,0.0,0.0,,
HC_HELDOUT_0000324,0.1011091898679639,Reject,0.1011091898679639,Reject,0.1011091898679639,Reject,False,False,False,False,5.0,5.0,REPAYMENT_PERFORMANCE_QUALITY_EVIDENCE;BUREAU_ACTIVE_CREDIT_CAPACITY_EVIDENCE;BUREAU_CREDIT_HISTORY_QUALITY_EVIDENCE;BUREAU_RECENT_CREDIT_ACTIVITY_EVIDENCE;REPAYMENT_PRIOR_CREDIT_EXPERIENCE_EVIDENCE,BUREAU_CREDIT_HISTORY_QUALITY_EVIDENCE;REPAYMENT_PERFORMANCE_QUALITY_EVIDENCE;REPAYMENT_PRIOR_CREDIT_EXPERIENCE_EVIDENCE;BUREAU_ACTIVE_CREDIT_CAPACITY_EVIDENCE;BUREAU_RECENT_CREDIT_ACTIVITY_EVIDENCE
HC_HELDOUT_0000325,0.0544772073466401,Approve,0.0544772073466401,Approve,0.0544772073466401,Approve,False,False,False,False,5.0,5.0,REPAYMENT_PERFORMANCE_QUALITY_EVIDENCE;BUREAU_ACTIVE_CREDIT_CAPACITY_EVIDENCE;BUREAU_CREDIT_HISTORY_QUALITY_EVIDENCE;BUREAU_RECENT_CREDIT_ACTIVITY_EVIDENCE;REPAYMENT_PRIOR_CREDIT_EXPERIENCE_EVIDENCE,REPAYMENT_PERFORMANCE_QUALITY_EVIDENCE;REPAYMENT_PRIOR_CREDIT_EXPERIENCE_EVIDENCE;BUREAU_ACTIVE_CREDIT_CAPACITY_EVIDENCE;BUREAU_CREDIT_HISTORY_QUALITY_EVIDENCE;BUREAU_RECENT_CREDIT_ACTIVITY_EVIDENCE
HC_HELDOUT_0000326,0.0705040545307956,Approve,0.0705040545307956,Approve,0.0705040545307956,Approve,False,False,False,False,5.0,5.0,REPAYMENT_PERFORMANCE_QUALITY_EVIDENCE;BUREAU_ACTIVE_CREDIT_CAPACITY_EVIDENCE;BUREAU_CREDIT_HISTORY_QUALITY_EVIDENCE;BUREAU_RECENT_CREDIT_ACTIVITY_EVIDENCE;REPAYMENT_PRIOR_CREDIT_EXPERIENCE_EVIDENCE,BUREAU_RECENT_CREDIT_ACTIVITY_EVIDENCE;BUREAU_ACTIVE_CREDIT_CAPACITY_EVIDENCE;BUREAU_CREDIT_HISTORY_QUALITY_EVIDENCE;REPAYMENT_PRIOR_CREDIT_EXPERIENCE_EVIDENCE;REPAYMENT_PERFORMANCE_QUALITY_EVIDENCE
HC_HELDOUT_0000327,0.0504824395573841,Approve,0.0504824395573841,Approve,0.0504824395573841,Approve,False,False,False,False,5.0,5.0,REPAYMENT_PERFORMANCE_QUALITY_EVIDENCE;BUREAU_ACTIVE_CREDIT_CAPACITY_EVIDENCE;BUREAU_CREDIT_HISTORY_QUALITY_EVIDENCE;BUREAU_RECENT_CREDIT_ACTIVITY_EVIDENCE;REPAYMENT_PRIOR_CREDIT_EXPERIENCE_EVIDENCE,REPAYMENT_PERFORMANCE_QUALITY_EVIDENCE;BUREAU_CREDIT_HISTORY_QUALITY_EVIDENCE;REPAYMENT_PRIOR_CREDIT_EXPERIENCE_EVIDENCE;BUREAU_RECENT_CREDIT_ACTIVITY_EVIDENCE;BUREAU_ACTIVE_CREDIT_CAPACITY_EVIDENCE
HC_HELDOUT_0000328,0.0310192574777595,Approve,0.0316830732830379,Approve,0.0316830732830379,Approve,False,False,True,True,0.0,0.0,,
HC_HELDOUT_0000329,0.0424921852741637,Approve,0.0424921852741637,Approve,0.0424921852741637,Approve,False,False,False,False,5.0,5.0,REPAYMENT_PERFORMANCE_QUALITY_EVIDENCE;BUREAU_ACTIVE_CREDIT_CAPACITY_EVIDENCE;BUREAU_CREDIT_HISTORY_QUALITY_EVIDENCE;BUREAU_RECENT_CREDIT_ACTIVITY_EVIDENCE;REPAYMENT_PRIOR_CREDIT_EXPERIENCE_EVIDENCE,REPAYMENT_PERFORMANCE_QUALITY_EVIDENCE;BUREAU_RECENT_CREDIT_ACTIVITY_EVIDENCE;BUREAU_CREDIT_HISTORY_QUALITY_EVIDENCE;REPAYMENT_PRIOR_CREDIT_EXPERIENCE_EVIDENCE;BUREAU_ACTIVE_CREDIT_CAPACITY_EVIDENCE
HC_HELDOUT_0000330,0.0249832799789137,Approve,0.0361100293495046,Approve,0.032806902976039,Approve,False,False,True,True,2.0,1.0,REPAYMENT_PERFORMANCE_QUALITY_EVIDENCE;BUREAU_ACTIVE_CREDIT_CAPACITY_EVIDENCE,BUREAU_CREDIT_HISTORY_QUALITY_EVIDENCE
HC_HELDOUT_0000331,0.0596942909145827,Approve,0.0596942909145827,Approve,0.0596942909145827,Approve,False,False,False,False,5.0,5.0,REPAYMENT_PERFORMANCE_QUALITY_EVIDENCE;BUREAU_ACTIVE_CREDIT_CAPACITY_EVIDENCE;BUREAU_CREDIT_HISTORY_QUALITY_EVIDENCE;BUREAU_RECENT_CREDIT_ACTIVITY_EVIDENCE;REPAYMENT_PRIOR_CREDIT_EXPERIENCE_EVIDENCE,BUREAU_ACTIVE_CREDIT_CAPACITY_EVIDENCE;REPAYMENT_PERFORMANCE_QUALITY_EVIDENCE;BUREAU_RECENT_CREDIT_ACTIVITY_EVIDENCE;REPAYMENT_PRIOR_CREDIT_EXPERIENCE_EVIDENCE;BUREAU_CREDIT_HISTORY_QUALITY_EVIDENCE
HC_HELDOUT_0000332,0.029956975581356,Approve,0.0352890346127149,Approve,0.0352890346127149,Approve,False,False,True,True,1.0,1.0,REPAYMENT_PERFORMANCE_QUALITY_EVIDENCE,REPAYMENT_PERFORMANCE_QUALITY_EVIDENCE
HC_HELDOUT_0000333,0.0283727388751548,Approve,0.0264215186777993,Approve,0.0264215186777993,Approve,False,False,True,True,0.0,0.0,,
HC_HELDOUT_0000334,0.0955183384061135,Reject,0.2022318894738626,Reject,0.2022318894738626,Reject,False,False,True,True,0.0,0.0,,
HC_HELDOUT_0000335,0.0444389765633413,Approve,0.0368807786679755,Approve,0.0335817468013916,Approve,False,False,True,True,2.0,4.0,REPAYMENT_PERFORMANCE_QUALITY_EVIDENCE;BUREAU_ACTIVE_CREDIT_CAPACITY_EVIDENCE,BUREAU_CREDIT_HISTORY_QUALITY_EVIDENCE;REPAYMENT_PRIOR_CREDIT_EXPERIENCE_EVIDENCE;BUREAU_RECENT_CREDIT_ACTIVITY_EVIDENCE;BUREAU_ACTIVE_CREDIT_CAPACITY_EVIDENCE
HC_HELDOUT_0000336,0.0377461797192543,Approve,0.0256419547071554,Approve,0.0278770056593532,Approve,False,False,True,True,1.0,2.0,REPAYMENT_PERFORMANCE_QUALITY_EVIDENCE,BUREAU_ACTIVE_CREDIT_CAPACITY_EVIDENCE;REPAYMENT_PERFORMANCE_QUALITY_EVIDENCE
HC_HELDOUT_0000337,0.1121883491090015,Reject,0.1483660801527243,Reject,0.1483660801527243,Reject,False,False,True,True,0.0,0.0,,
HC_HELDOUT_0000338,0.0303900153264241,Approve,0.0345101437563812,Approve,0.0345101437563812,Approve,False,False,True,True,1.0,1.0,REPAYMENT_PERFORMANCE_QUALITY_EVIDENCE,REPAYMENT_PERFORMANCE_QUALITY_EVIDENCE
HC_HELDOUT_0000339,0.0536405537240138,Approve,0.0536405537240138,Approve,0.0536405537240138,Approve,False,False,False,False,5.0,5.0,REPAYMENT_PERFORMANCE_QUALITY_EVIDENCE;BUREAU_ACTIVE_CREDIT_CAPACITY_EVIDENCE;BUREAU_CREDIT_HISTORY_QUALITY_EVIDENCE;BUREAU_RECENT_CREDIT_ACTIVITY_EVIDENCE;REPAYMENT_PRIOR_CREDIT_EXPERIENCE_EVIDENCE,BUREAU_ACTIVE_CREDIT_CAPACITY_EVIDENCE;REPAYMENT_PERFORMANCE_QUALITY_EVIDENCE;BUREAU_RECENT_CREDIT_ACTIVITY_EVIDENCE;BUREAU_CREDIT_HISTORY_QUALITY_EVIDENCE;REPAYMENT_PRIOR_CREDIT_EXPERIENCE_EVIDENCE
HC_HELDOUT_0000340,0.0489229118951168,Approve,0.0489229118951168,Approve,0.0489229118951168,Approve,False,False,False,False,5.0,5.0,REPAYMENT_PERFORMANCE_QUALITY_EVIDENCE;BUREAU_ACTIVE_CREDIT_CAPACITY_EVIDENCE;BUREAU_CREDIT_HISTORY_QUALITY_EVIDENCE;BUREAU_RECENT_CREDIT_ACTIVITY_EVIDENCE;REPAYMENT_PRIOR_CREDIT_EXPERIENCE_EVIDENCE,REPAYMENT_PERFORMANCE_QUALITY_EVIDENCE;BUREAU_CREDIT_HISTORY_QUALITY_EVIDENCE;BUREAU_ACTIVE_CREDIT_CAPACITY_EVIDENCE;BUREAU_RECENT_CREDIT_ACTIVITY_EVIDENCE;REPAYMENT_PRIOR_CREDIT_EXPERIENCE_EVIDENCE
HC_HELDOUT_0000341,0.0332139526487662,Approve,0.0323359109986422,Approve,0.0323359109986422,Approve,False,False,True,True,0.0,0.0,,
HC_HELDOUT_0000342,0.0784168515596706,Approve,0.0784168515596706,Approve,0.0784168515596706,Approve,False,False,False,False,5.0,5.0,REPAYMENT_PERFORMANCE_QUALITY_EVIDENCE;BUREAU_ACTIVE_CREDIT_CAPACITY_EVIDENCE;BUREAU_CREDIT_HISTORY_QUALITY_EVIDENCE;BUREAU_RECENT_CREDIT_ACTIVITY_EVIDENCE;REPAYMENT_PRIOR_CREDIT_EXPERIENCE_EVIDENCE,BUREAU_ACTIVE_CREDIT_CAPACITY_EVIDENCE;REPAYMENT_PERFORMANCE_QUALITY_EVIDENCE;BUREAU_CREDIT_HISTORY_QUALITY_EVIDENCE;BUREAU_RECENT_CREDIT_ACTIVITY_EVIDENCE;REPAYMENT_PRIOR_CREDIT_EXPERIENCE_EVIDENCE
HC_HELDOUT_0000343,0.028603001759295,Approve,0.0218354754832663,Approve,0.0218354754832663,Approve,False,False,True,True,0.0,0.0,,
HC_HELDOUT_0000344,0.0206881038865841,Approve,0.0287823225227986,Approve,0.0287823225227986,Approve,False,False,True,True,0.0,0.0,,
HC_HELDOUT_0000345,0.1833636007044654,Reject,0.1681455855466134,Reject,0.1681455855466134,Reject,False,False,True,True,0.0,0.0,,
HC_HELDOUT_0000346,0.1052416405374208,Reject,0.1052416405374208,Reject,0.1052416405374208,Reject,False,False,False,False,5.0,5.0,REPAYMENT_PERFORMANCE_QUALITY_EVIDENCE;BUREAU_ACTIVE_CREDIT_CAPACITY_EVIDENCE;BUREAU_CREDIT_HISTORY_QUALITY_EVIDENCE;BUREAU_RECENT_CREDIT_ACTIVITY_EVIDENCE;REPAYMENT_PRIOR_CREDIT_EXPERIENCE_EVIDENCE,BUREAU_CREDIT_HISTORY_QUALITY_EVIDENCE;BUREAU_RECENT_CREDIT_ACTIVITY_EVIDENCE;REPAYMENT_PRIOR_CREDIT_EXPERIENCE_EVIDENCE;REPAYMENT_PERFORMANCE_QUALITY_EVIDENCE;BUREAU_ACTIVE_CREDIT_CAPACITY_EVIDENCE
HC_HELDOUT_0000347,0.1761848586671018,Reject,0.2018399171450569,Reject,0.2018399171450569,Reject,False,False,True,True,0.0,0.0,,
HC_HELDOUT_0000348,0.0441049488256974,Approve,0.0441049488256974,Approve,0.0441049488256974,Approve,False,False,False,False,5.0,5.0,REPAYMENT_PERFORMANCE_QUALITY_EVIDENCE;BUREAU_ACTIVE_CREDIT_CAPACITY_EVIDENCE;BUREAU_CREDIT_HISTORY_QUALITY_EVIDENCE;BUREAU_RECENT_CREDIT_ACTIVITY_EVIDENCE;REPAYMENT_PRIOR_CREDIT_EXPERIENCE_EVIDENCE,BUREAU_ACTIVE_CREDIT_CAPACITY_EVIDENCE;REPAYMENT_PERFORMANCE_QUALITY_EVIDENCE;BUREAU_RECENT_CREDIT_ACTIVITY_EVIDENCE;REPAYMENT_PRIOR_CREDIT_EXPERIENCE_EVIDENCE;BUREAU_CREDIT_HISTORY_QUALITY_EVIDENCE
HC_HELDOUT_0000349,0.0170869182590834,Approve,0.0369235624345568,Approve,0.0369235624345568,Approve,False,False,True,True,0.0,0.0,,
HC_HELDOUT_0000350,0.0246849069529203,Approve,0.0251282969734151,Approve,0.0251282969734151,Approve,False,False,True,True,0.0,0.0,,
HC_HELDOUT_0000351,0.1604931954984898,Reject,0.1797467381734673,Reject,0.1797467381734673,Reject,False,False,True,True,0.0,0.0,,
HC_HELDOUT_0000352,0.0992555598831002,Reject,0.1483660801527243,Reject,0.1483660801527243,Reject,False,False,True,True,0.0,0.0,,
HC_HELDOUT_0000353,0.1853627407057164,Reject,0.1672114443639565,Reject,0.1672114443639565,Reject,False,False,True,True,0.0,0.0,,
HC_HELDOUT_0000354,0.0295287009660163,Approve,0.0318578986918448,Approve,0.0298462144827004,Approve,False,False,True,True,1.0,1.0,REPAYMENT_PERFORMANCE_QUALITY_EVIDENCE,BUREAU_CREDIT_HISTORY_QUALITY_EVIDENCE
HC_HELDOUT_0000355,0.0371693114844223,Approve,0.0371693114844223,Approve,0.0371693114844223,Approve,False,False,False,False,5.0,5.0,REPAYMENT_PERFORMANCE_QUALITY_EVIDENCE;BUREAU_ACTIVE_CREDIT_CAPACITY_EVIDENCE;BUREAU_CREDIT_HISTORY_QUALITY_EVIDENCE;BUREAU_RECENT_CREDIT_ACTIVITY_EVIDENCE;REPAYMENT_PRIOR_CREDIT_EXPERIENCE_EVIDENCE,BUREAU_ACTIVE_CREDIT_CAPACITY_EVIDENCE;REPAYMENT_PERFORMANCE_QUALITY_EVIDENCE;BUREAU_CREDIT_HISTORY_QUALITY_EVIDENCE;REPAYMENT_PRIOR_CREDIT_EXPERIENCE_EVIDENCE;BUREAU_RECENT_CREDIT_ACTIVITY_EVIDENCE
HC_HELDOUT_0000356,0.0823022341171038,Approve,0.0823022341171038,Approve,0.0823022341171038,Approve,False,False,False,False,5.0,5.0,REPAYMENT_PERFORMANCE_QUALITY_EVIDENCE;BUREAU_ACTIVE_CREDIT_CAPACITY_EVIDENCE;BUREAU_CREDIT_HISTORY_QUALITY_EVIDENCE;BUREAU_RECENT_CREDIT_ACTIVITY_EVIDENCE;REPAYMENT_PRIOR_CREDIT_EXPERIENCE_EVIDENCE,BUREAU_RECENT_CREDIT_ACTIVITY_EVIDENCE;BUREAU_CREDIT_HISTORY_QUALITY_EVIDENCE;BUREAU_ACTIVE_CREDIT_CAPACITY_EVIDENCE;REPAYMENT_PRIOR_CREDIT_EXPERIENCE_EVIDENCE;REPAYMENT_PERFORMANCE_QUALITY_EVIDENCE
HC_HELDOUT_0000357,0.0334468114931953,Approve,0.0369323798378294,Approve,0.0369323798378294,Approve,False,False,True,True,0.0,0.0,,
HC_HELDOUT_0000358,0.123060386745464,Reject,0.123060386745464,Reject,0.123060386745464,Reject,False,False,False,False,5.0,5.0,REPAYMENT_PERFORMANCE_QUALITY_EVIDENCE;BUREAU_ACTIVE_CREDIT_CAPACITY_EVIDENCE;BUREAU_CREDIT_HISTORY_QUALITY_EVIDENCE;BUREAU_RECENT_CREDIT_ACTIVITY_EVIDENCE;REPAYMENT_PRIOR_CREDIT_EXPERIENCE_EVIDENCE,REPAYMENT_PERFORMANCE_QUALITY_EVIDENCE;REPAYMENT_PRIOR_CREDIT_EXPERIENCE_EVIDENCE;BUREAU_RECENT_CREDIT_ACTIVITY_EVIDENCE;BUREAU_CREDIT_HISTORY_QUALITY_EVIDENCE;BUREAU_ACTIVE_CREDIT_CAPACITY_EVIDENCE
HC_HELDOUT_0000359,0.2839897654635869,Reject,0.2182622629280554,Reject,0.2182622629280554,Reject,False,False,True,True,0.0,0.0,,
HC_HELDOUT_0000360,0.1336558216068227,Reject,0.1512620875350355,Reject,0.1488880497383787,Reject,False,False,True,True,2.0,4.0,REPAYMENT_PERFORMANCE_QUALITY_EVIDENCE;BUREAU_ACTIVE_CREDIT_CAPACITY_EVIDENCE,REPAYMENT_PERFORMANCE_QUALITY_EVIDENCE;BUREAU_CREDIT_HISTORY_QUALITY_EVIDENCE;BUREAU_RECENT_CREDIT_ACTIVITY_EVIDENCE;BUREAU_ACTIVE_CREDIT_CAPACITY_EVIDENCE
HC_HELDOUT_0000361,0.0889328168207305,Reject,0.0889328168207305,Reject,0.1379337856027815,Reject,False,False,False,True,5.0,2.0,REPAYMENT_PERFORMANCE_QUALITY_EVIDENCE;BUREAU_ACTIVE_CREDIT_CAPACITY_EVIDENCE;BUREAU_CREDIT_HISTORY_QUALITY_EVIDENCE;BUREAU_RECENT_CREDIT_ACTIVITY_EVIDENCE;REPAYMENT_PRIOR_CREDIT_EXPERIENCE_EVIDENCE,BUREAU_CREDIT_HISTORY_QUALITY_EVIDENCE;REPAYMENT_PRIOR_CREDIT_EXPERIENCE_EVIDENCE
HC_HELDOUT_0000362,0.0837151350567392,Approve,0.0837151350567392,Approve,0.0837151350567392,Approve,False,False,False,False,5.0,5.0,REPAYMENT_PERFORMANCE_QUALITY_EVIDENCE;BUREAU_ACTIVE_CREDIT_CAPACITY_EVIDENCE;BUREAU_CREDIT_HISTORY_QUALITY_EVIDENCE;BUREAU_RECENT_CREDIT_ACTIVITY_EVIDENCE;REPAYMENT_PRIOR_CREDIT_EXPERIENCE_EVIDENCE,REPAYMENT_PRIOR_CREDIT_EXPERIENCE_EVIDENCE;REPAYMENT_PERFORMANCE_QUALITY_EVIDENCE;BUREAU_CREDIT_HISTORY_QUALITY_EVIDENCE;BUREAU_RECENT_CREDIT_ACTIVITY_EVIDENCE;BUREAU_ACTIVE_CREDIT_CAPACITY_EVIDENCE
HC_HELDOUT_0000363,0.0552186551775728,Approve,0.0552186551775728,Approve,0.0552186551775728,Approve,False,False,False,False,5.0,5.0,REPAYMENT_PERFORMANCE_QUALITY_EVIDENCE;BUREAU_ACTIVE_CREDIT_CAPACITY_EVIDENCE;BUREAU_CREDIT_HISTORY_QUALITY_EVIDENCE;BUREAU_RECENT_CREDIT_ACTIVITY_EVIDENCE;REPAYMENT_PRIOR_CREDIT_EXPERIENCE_EVIDENCE,REPAYMENT_PRIOR_CREDIT_EXPERIENCE_EVIDENCE;BUREAU_CREDIT_HISTORY_QUALITY_EVIDENCE;BUREAU_ACTIVE_CREDIT_CAPACITY_EVIDENCE;REPAYMENT_PERFORMANCE_QUALITY_EVIDENCE;BUREAU_RECENT_CREDIT_ACTIVITY_EVIDENCE
HC_HELDOUT_0000364,0.1084656874234892,Reject,0.1084656874234892,Reject,0.1491715374112006,Reject,False,False,False,True,5.0,4.0,REPAYMENT_PERFORMANCE_QUALITY_EVIDENCE;BUREAU_ACTIVE_CREDIT_CAPACITY_EVIDENCE;BUREAU_CREDIT_HISTORY_QUALITY_EVIDENCE;BUREAU_RECENT_CREDIT_ACTIVITY_EVIDENCE;REPAYMENT_PRIOR_CREDIT_EXPERIENCE_EVIDENCE,BUREAU_RECENT_CREDIT_ACTIVITY_EVIDENCE;BUREAU_ACTIVE_CREDIT_CAPACITY_EVIDENCE;BUREAU_CREDIT_HISTORY_QUALITY_EVIDENCE;REPAYMENT_PRIOR_CREDIT_EXPERIENCE_EVIDENCE
HC_HELDOUT_0000365,0.2582513123946353,Reject,0.2051921450771276,Reject,0.2051921450771276,Reject,False,False,True,True,0.0,0.0,,
HC_HELDOUT_0000366,0.0488312636961042,Approve,0.0318719639362418,Approve,0.0318719639362418,Approve,False,False,True,True,0.0,0.0,,
HC_HELDOUT_0000367,0.085207097678039,Approve,0.085207097678039,Approve,0.085207097678039,Approve,False,False,False,False,5.0,5.0,REPAYMENT_PERFORMANCE_QUALITY_EVIDENCE;BUREAU_ACTIVE_CREDIT_CAPACITY_EVIDENCE;BUREAU_CREDIT_HISTORY_QUALITY_EVIDENCE;BUREAU_RECENT_CREDIT_ACTIVITY_EVIDENCE;REPAYMENT_PRIOR_CREDIT_EXPERIENCE_EVIDENCE,BUREAU_CREDIT_HISTORY_QUALITY_EVIDENCE;BUREAU_RECENT_CREDIT_ACTIVITY_EVIDENCE;REPAYMENT_PERFORMANCE_QUALITY_EVIDENCE;REPAYMENT_PRIOR_CREDIT_EXPERIENCE_EVIDENCE;BUREAU_ACTIVE_CREDIT_CAPACITY_EVIDENCE
HC_HELDOUT_0000368,0.0395750123398802,Approve,0.0345059279433342,Approve,0.0395750123398802,Approve,False,False,True,False,4.0,5.0,REPAYMENT_PERFORMANCE_QUALITY_EVIDENCE;BUREAU_ACTIVE_CREDIT_CAPACITY_EVIDENCE;BUREAU_CREDIT_HISTORY_QUALITY_EVIDENCE;BUREAU_RECENT_CREDIT_ACTIVITY_EVIDENCE,REPAYMENT_PERFORMANCE_QUALITY_EVIDENCE;BUREAU_CREDIT_HISTORY_QUALITY_EVIDENCE;BUREAU_RECENT_CREDIT_ACTIVITY_EVIDENCE;REPAYMENT_PRIOR_CREDIT_EXPERIENCE_EVIDENCE;BUREAU_ACTIVE_CREDIT_CAPACITY_EVIDENCE
HC_HELDOUT_0000369,0.0102443558663499,Approve,0.0211813779942292,Approve,0.0211813779942292,Approve,False,False,True,True,0.0,0.0,,
HC_HELDOUT_0000370,0.0967226223200008,Reject,0.0967226223200008,Reject,0.0967226223200008,Reject,False,False,False,False,5.0,5.0,REPAYMENT_PERFORMANCE_QUALITY_EVIDENCE;BUREAU_ACTIVE_CREDIT_CAPACITY_EVIDENCE;BUREAU_CREDIT_HISTORY_QUALITY_EVIDENCE;BUREAU_RECENT_CREDIT_ACTIVITY_EVIDENCE;REPAYMENT_PRIOR_CREDIT_EXPERIENCE_EVIDENCE,REPAYMENT_PRIOR_CREDIT_EXPERIENCE_EVIDENCE;BUREAU_RECENT_CREDIT_ACTIVITY_EVIDENCE;REPAYMENT_PERFORMANCE_QUALITY_EVIDENCE;BUREAU_ACTIVE_CREDIT_CAPACITY_EVIDENCE;BUREAU_CREDIT_HISTORY_QUALITY_EVIDENCE
HC_HELDOUT_0000371,0.0433672096241958,Approve,0.0433672096241958,Approve,0.0433672096241958,Approve,False,False,False,False,5.0,5.0,REPAYMENT_PERFORMANCE_QUALITY_EVIDENCE;BUREAU_ACTIVE_CREDIT_CAPACITY_EVIDENCE;BUREAU_CREDIT_HISTORY_QUALITY_EVIDENCE;BUREAU_RECENT_CREDIT_ACTIVITY_EVIDENCE;REPAYMENT_PRIOR_CREDIT_EXPERIENCE_EVIDENCE,BUREAU_CREDIT_HISTORY_QUALITY_EVIDENCE;REPAYMENT_PRIOR_CREDIT_EXPERIENCE_EVIDENCE;BUREAU_ACTIVE_CREDIT_CAPACITY_EVIDENCE;REPAYMENT_PERFORMANCE_QUALITY_EVIDENCE;BUREAU_RECENT_CREDIT_ACTIVITY_EVIDENCE
HC_HELDOUT_0000372,0.0092627010812015,Approve,0.0178333495581567,Approve,0.0178333495581567,Approve,False,False,True,True,0.0,0.0,,
HC_HELDOUT_0000373,0.0226408212473151,Approve,0.0240475512868278,Approve,0.0240475512868278,Approve,False,False,True,True,0.0,0.0,,
HC_HELDOUT_0000374,0.0194540348030226,Approve,0.0209930223261765,Approve,0.0209930223261765,Approve,False,False,True,True,0.0,0.0,,
HC_HELDOUT_0000375,0.1652082847819684,Reject,0.1652082847819684,Reject,0.1460756812493749,Reject,False,False,False,True,5.0,2.0,REPAYMENT_PERFORMANCE_QUALITY_EVIDENCE;BUREAU_ACTIVE_CREDIT_CAPACITY_EVIDENCE;BUREAU_CREDIT_HISTORY_QUALITY_EVIDENCE;BUREAU_RECENT_CREDIT_ACTIVITY_EVIDENCE;REPAYMENT_PRIOR_CREDIT_EXPERIENCE_EVIDENCE,REPAYMENT_PRIOR_CREDIT_EXPERIENCE_EVIDENCE;REPAYMENT_PERFORMANCE_QUALITY_EVIDENCE
HC_HELDOUT_0000376,0.1121556800324255,Reject,0.1121556800324255,Reject,0.1121556800324255,Reject,False,False,False,False,5.0,5.0,REPAYMENT_PERFORMANCE_QUALITY_EVIDENCE;BUREAU_ACTIVE_CREDIT_CAPACITY_EVIDENCE;BUREAU_CREDIT_HISTORY_QUALITY_EVIDENCE;BUREAU_RECENT_CREDIT_ACTIVITY_EVIDENCE;REPAYMENT_PRIOR_CREDIT_EXPERIENCE_EVIDENCE,REPAYMENT_PRIOR_CREDIT_EXPERIENCE_EVIDENCE;BUREAU_ACTIVE_CREDIT_CAPACITY_EVIDENCE;REPAYMENT_PERFORMANCE_QUALITY_EVIDENCE;BUREAU_RECENT_CREDIT_ACTIVITY_EVIDENCE;BUREAU_CREDIT_HISTORY_QUALITY_EVIDENCE
HC_HELDOUT_0000377,0.2325975394024913,Reject,0.1741580310839127,Reject,0.1741580310839127,Reject,False,False,True,True,0.0,0.0,,
HC_HELDOUT_0000378,0.1249574261163963,Reject,0.1377165550372484,Reject,0.1249574261163963,Reject,False,False,True,False,3.0,5.0,REPAYMENT_PERFORMANCE_QUALITY_EVIDENCE;BUREAU_ACTIVE_CREDIT_CAPACITY_EVIDENCE;BUREAU_CREDIT_HISTORY_QUALITY_EVIDENCE,REPAYMENT_PRIOR_CREDIT_EXPERIENCE_EVIDENCE;BUREAU_ACTIVE_CREDIT_CAPACITY_EVIDENCE;REPAYMENT_PERFORMANCE_QUALITY_EVIDENCE;BUREAU_RECENT_CREDIT_ACTIVITY_EVIDENCE;BUREAU_CREDIT_HISTORY_QUALITY_EVIDENCE
HC_HELDOUT_0000379,0.0356555785468265,Approve,0.0356555785468265,Approve,0.0355971671413394,Approve,False,False,False,True,5.0,4.0,REPAYMENT_PERFORMANCE_QUALITY_EVIDENCE;BUREAU_ACTIVE_CREDIT_CAPACITY_EVIDENCE;BUREAU_CREDIT_HISTORY_QUALITY_EVIDENCE;BUREAU_RECENT_CREDIT_ACTIVITY_EVIDENCE;REPAYMENT_PRIOR_CREDIT_EXPERIENCE_EVIDENCE,BUREAU_CREDIT_HISTORY_QUALITY_EVIDENCE;REPAYMENT_PERFORMANCE_QUALITY_EVIDENCE;REPAYMENT_PRIOR_CREDIT_EXPERIENCE_EVIDENCE;BUREAU_ACTIVE_CREDIT_CAPACITY_EVIDENCE
HC_HELDOUT_0000380,0.0756928930524772,Approve,0.0756928930524772,Approve,0.0756928930524772,Approve,False,False,False,False,5.0,5.0,REPAYMENT_PERFORMANCE_QUALITY_EVIDENCE;BUREAU_ACTIVE_CREDIT_CAPACITY_EVIDENCE;BUREAU_CREDIT_HISTORY_QUALITY_EVIDENCE;BUREAU_RECENT_CREDIT_ACTIVITY_EVIDENCE;REPAYMENT_PRIOR_CREDIT_EXPERIENCE_EVIDENCE,BUREAU_CREDIT_HISTORY_QUALITY_EVIDENCE;BUREAU_ACTIVE_CREDIT_CAPACITY_EVIDENCE;BUREAU_RECENT_CREDIT_ACTIVITY_EVIDENCE;REPAYMENT_PERFORMANCE_QUALITY_EVIDENCE;REPAYMENT_PRIOR_CREDIT_EXPERIENCE_EVIDENCE
HC_HELDOUT_0000381,0.0506924143442394,Approve,0.0506924143442394,Approve,0.0506924143442394,Approve,False,False,False,False,5.0,5.0,REPAYMENT_PERFORMANCE_QUALITY_EVIDENCE;BUREAU_ACTIVE_CREDIT_CAPACITY_EVIDENCE;BUREAU_CREDIT_HISTORY_QUALITY_EVIDENCE;BUREAU_RECENT_CREDIT_ACTIVITY_EVIDENCE;REPAYMENT_PRIOR_CREDIT_EXPERIENCE_EVIDENCE,REPAYMENT_PERFORMANCE_QUALITY_EVIDENCE;BUREAU_ACTIVE_CREDIT_CAPACITY_EVIDENCE;BUREAU_RECENT_CREDIT_ACTIVITY_EVIDENCE;REPAYMENT_PRIOR_CREDIT_EXPERIENCE_EVIDENCE;BUREAU_CREDIT_HISTORY_QUALITY_EVIDENCE
HC_HELDOUT_0000382,0.254644278258868,Reject,0.1582882841321133,Reject,0.1582882841321133,Reject,False,False,True,True,0.0,0.0,,
HC_HELDOUT_0000383,0.0173190796953424,Approve,0.0230284458770556,Approve,0.0230284458770556,Approve,False,False,True,True,1.0,1.0,REPAYMENT_PERFORMANCE_QUALITY_EVIDENCE,REPAYMENT_PERFORMANCE_QUALITY_EVIDENCE
HC_HELDOUT_0000384,0.0197812207557366,Approve,0.0271348774862917,Approve,0.0271348774862917,Approve,False,False,True,True,0.0,0.0,,
HC_HELDOUT_0000385,0.0200719246313216,Approve,0.023684900876293,Approve,0.023684900876293,Approve,False,False,True,True,0.0,0.0,,
HC_HELDOUT_0000386,0.1056731220496851,Reject,0.1056731220496851,Reject,0.1056731220496851,Reject,False,False,False,False,5.0,5.0,REPAYMENT_PERFORMANCE_QUALITY_EVIDENCE;BUREAU_ACTIVE_CREDIT_CAPACITY_EVIDENCE;BUREAU_CREDIT_HISTORY_QUALITY_EVIDENCE;BUREAU_RECENT_CREDIT_ACTIVITY_EVIDENCE;REPAYMENT_PRIOR_CREDIT_EXPERIENCE_EVIDENCE,BUREAU_RECENT_CREDIT_ACTIVITY_EVIDENCE;REPAYMENT_PRIOR_CREDIT_EXPERIENCE_EVIDENCE;REPAYMENT_PERFORMANCE_QUALITY_EVIDENCE;BUREAU_CREDIT_HISTORY_QUALITY_EVIDENCE;BUREAU_ACTIVE_CREDIT_CAPACITY_EVIDENCE
HC_HELDOUT_0000387,0.0468551504441687,Approve,0.0367798219930843,Approve,0.0468551504441687,Approve,False,False,True,False,2.0,5.0,REPAYMENT_PERFORMANCE_QUALITY_EVIDENCE;BUREAU_ACTIVE_CREDIT_CAPACITY_EVIDENCE,BUREAU_RECENT_CREDIT_ACTIVITY_EVIDENCE;BUREAU_CREDIT_HISTORY_QUALITY_EVIDENCE;REPAYMENT_PERFORMANCE_QUALITY_EVIDENCE;REPAYMENT_PRIOR_CREDIT_EXPERIENCE_EVIDENCE;BUREAU_ACTIVE_CREDIT_CAPACITY_EVIDENCE
HC_HELDOUT_0000388,0.0554725093903436,Approve,0.0554725093903436,Approve,0.0554725093903436,Approve,False,False,False,False,5.0,5.0,REPAYMENT_PERFORMANCE_QUALITY_EVIDENCE;BUREAU_ACTIVE_CREDIT_CAPACITY_EVIDENCE;BUREAU_CREDIT_HISTORY_QUALITY_EVIDENCE;BUREAU_RECENT_CREDIT_ACTIVITY_EVIDENCE;REPAYMENT_PRIOR_CREDIT_EXPERIENCE_EVIDENCE,REPAYMENT_PERFORMANCE_QUALITY_EVIDENCE;BUREAU_ACTIVE_CREDIT_CAPACITY_EVIDENCE;BUREAU_RECENT_CREDIT_ACTIVITY_EVIDENCE;BUREAU_CREDIT_HISTORY_QUALITY_EVIDENCE;REPAYMENT_PRIOR_CREDIT_EXPERIENCE_EVIDENCE
HC_HELDOUT_0000389,0.1068644006384614,Reject,0.1577212655420289,Reject,0.1577212655420289,Reject,False,False,True,True,0.0,0.0,,
HC_HELDOUT_0000390,0.0328209929409187,Approve,0.0343639484807669,Approve,0.0349082618736149,Approve,False,False,True,True,4.0,2.0,REPAYMENT_PERFORMANCE_QUALITY_EVIDENCE;BUREAU_ACTIVE_CREDIT_CAPACITY_EVIDENCE;BUREAU_CREDIT_HISTORY_QUALITY_EVIDENCE;BUREAU_RECENT_CREDIT_ACTIVITY_EVIDENCE,BUREAU_CREDIT_HISTORY_QUALITY_EVIDENCE;REPAYMENT_PERFORMANCE_QUALITY_EVIDENCE
HC_HELDOUT_0000391,0.0435975751551021,Approve,0.0435975751551021,Approve,0.0435975751551021,Approve,False,False,False,False,5.0,5.0,REPAYMENT_PERFORMANCE_QUALITY_EVIDENCE;BUREAU_ACTIVE_CREDIT_CAPACITY_EVIDENCE;BUREAU_CREDIT_HISTORY_QUALITY_EVIDENCE;BUREAU_RECENT_CREDIT_ACTIVITY_EVIDENCE;REPAYMENT_PRIOR_CREDIT_EXPERIENCE_EVIDENCE,BUREAU_ACTIVE_CREDIT_CAPACITY_EVIDENCE;REPAYMENT_PERFORMANCE_QUALITY_EVIDENCE;REPAYMENT_PRIOR_CREDIT_EXPERIENCE_EVIDENCE;BUREAU_CREDIT_HISTORY_QUALITY_EVIDENCE;BUREAU_RECENT_CREDIT_ACTIVITY_EVIDENCE
HC_HELDOUT_0000392,0.0307243466289369,Approve,0.0355816799993459,Approve,0.0355816799993459,Approve,False,False,True,True,0.0,0.0,,
HC_HELDOUT_0000393,0.0340011533712079,Approve,0.0355595202810616,Approve,0.0336288327785063,Approve,False,False,True,True,4.0,1.0,REPAYMENT_PERFORMANCE_QUALITY_EVIDENCE;BUREAU_ACTIVE_CREDIT_CAPACITY_EVIDENCE;BUREAU_CREDIT_HISTORY_QUALITY_EVIDENCE;BUREAU_RECENT_CREDIT_ACTIVITY_EVIDENCE,BUREAU_CREDIT_HISTORY_QUALITY_EVIDENCE
HC_HELDOUT_0000394,0.0205909157435699,Approve,0.0255187146507352,Approve,0.0255187146507352,Approve,False,False,True,True,0.0,0.0,,
HC_HELDOUT_0000395,0.1524883728004213,Reject,0.1741580310839127,Reject,0.1741580310839127,Reject,False,False,True,True,0.0,0.0,,
HC_HELDOUT_0000396,0.0154444263286385,Approve,0.0218874658828761,Approve,0.0218874658828761,Approve,False,False,True,True,0.0,0.0,,
HC_HELDOUT_0000397,0.1321987780209098,Reject,0.1321987780209098,Reject,0.1404533989136818,Reject,False,False,False,True,5.0,2.0,REPAYMENT_PERFORMANCE_QUALITY_EVIDENCE;BUREAU_ACTIVE_CREDIT_CAPACITY_EVIDENCE;BUREAU_CREDIT_HISTORY_QUALITY_EVIDENCE;BUREAU_RECENT_CREDIT_ACTIVITY_EVIDENCE;REPAYMENT_PRIOR_CREDIT_EXPERIENCE_EVIDENCE,REPAYMENT_PERFORMANCE_QUALITY_EVIDENCE;REPAYMENT_PRIOR_CREDIT_EXPERIENCE_EVIDENCE
HC_HELDOUT_0000398,0.0335257874831043,Approve,0.0335257874831043,Approve,0.0359954484143809,Approve,False,False,False,True,5.0,3.0,REPAYMENT_PERFORMANCE_QUALITY_EVIDENCE;BUREAU_ACTIVE_CREDIT_CAPACITY_EVIDENCE;BUREAU_CREDIT_HISTORY_QUALITY_EVIDENCE;BUREAU_RECENT_CREDIT_ACTIVITY_EVIDENCE;REPAYMENT_PRIOR_CREDIT_EXPERIENCE_EVIDENCE,REPAYMENT_PERFORMANCE_QUALITY_EVIDENCE;BUREAU_ACTIVE_CREDIT_CAPACITY_EVIDENCE;REPAYMENT_PRIOR_CREDIT_EXPERIENCE_EVIDENCE
HC_HELDOUT_0000399,0.1510465013973461,Reject,0.1421325726276196,Reject,0.1421325726276196,Reject,False,False,True,True,0.0,0.0,,
HC_HELDOUT_0000400,0.1871832044502302,Reject,0.1390294723327086,Reject,0.1390294723327086,Reject,False,False,True,True,0.0,0.0,,
HC_HELDOUT_0000401,0.133558280136716,Reject,0.1940486319231466,Reject,0.1940486319231466,Reject,False,False,True,True,0.0,0.0,,
HC_HELDOUT_0000402,0.1363077723209313,Reject,0.1432111900189231,Reject,0.1363077723209313,Reject,False,False,True,False,4.0,5.0,REPAYMENT_PERFORMANCE_QUALITY_EVIDENCE;BUREAU_ACTIVE_CREDIT_CAPACITY_EVIDENCE;BUREAU_CREDIT_HISTORY_QUALITY_EVIDENCE;BUREAU_RECENT_CREDIT_ACTIVITY_EVIDENCE,REPAYMENT_PERFORMANCE_QUALITY_EVIDENCE;BUREAU_ACTIVE_CREDIT_CAPACITY_EVIDENCE;BUREAU_CREDIT_HISTORY_QUALITY_EVIDENCE;REPAYMENT_PRIOR_CREDIT_EXPERIENCE_EVIDENCE;BUREAU_RECENT_CREDIT_ACTIVITY_EVIDENCE
HC_HELDOUT_0000403,0.0414743365901001,Approve,0.0346516651208294,Approve,0.0414743365901001,Approve,False,False,True,False,1.0,5.0,REPAYMENT_PERFORMANCE_QUALITY_EVIDENCE,BUREAU_CREDIT_HISTORY_QUALITY_EVIDENCE;BUREAU_RECENT_CREDIT_ACTIVITY_EVIDENCE;REPAYMENT_PRIOR_CREDIT_EXPERIENCE_EVIDENCE;BUREAU_ACTIVE_CREDIT_CAPACITY_EVIDENCE;REPAYMENT_PERFORMANCE_QUALITY_EVIDENCE
HC_HELDOUT_0000404,0.0305035656486811,Approve,0.034787142795333,Approve,0.0341723295077229,Approve,False,False,True,True,3.0,2.0,REPAYMENT_PERFORMANCE_QUALITY_EVIDENCE;BUREAU_ACTIVE_CREDIT_CAPACITY_EVIDENCE;BUREAU_CREDIT_HISTORY_QUALITY_EVIDENCE,REPAYMENT_PERFORMANCE_QUALITY_EVIDENCE;BUREAU_RECENT_CREDIT_ACTIVITY_EVIDENCE
HC_HELDOUT_0000405,0.108517137296052,Reject,0.108517137296052,Reject,0.108517137296052,Reject,False,False,False,False,5.0,5.0,REPAYMENT_PERFORMANCE_QUALITY_EVIDENCE;BUREAU_ACTIVE_CREDIT_CAPACITY_EVIDENCE;BUREAU_CREDIT_HISTORY_QUALITY_EVIDENCE;BUREAU_RECENT_CREDIT_ACTIVITY_EVIDENCE;REPAYMENT_PRIOR_CREDIT_EXPERIENCE_EVIDENCE,REPAYMENT_PRIOR_CREDIT_EXPERIENCE_EVIDENCE;BUREAU_CREDIT_HISTORY_QUALITY_EVIDENCE;BUREAU_RECENT_CREDIT_ACTIVITY_EVIDENCE;REPAYMENT_PERFORMANCE_QUALITY_EVIDENCE;BUREAU_ACTIVE_CREDIT_CAPACITY_EVIDENCE
HC_HELDOUT_0000406,0.0146987983008095,Approve,0.0237836563821995,Approve,0.0237836563821995,Approve,False,False,True,True,0.0,0.0,,
HC_HELDOUT_0000407,0.070858796562387,Approve,0.070858796562387,Approve,0.070858796562387,Approve,False,False,False,False,5.0,5.0,REPAYMENT_PERFORMANCE_QUALITY_EVIDENCE;BUREAU_ACTIVE_CREDIT_CAPACITY_EVIDENCE;BUREAU_CREDIT_HISTORY_QUALITY_EVIDENCE;BUREAU_RECENT_CREDIT_ACTIVITY_EVIDENCE;REPAYMENT_PRIOR_CREDIT_EXPERIENCE_EVIDENCE,REPAYMENT_PERFORMANCE_QUALITY_EVIDENCE;BUREAU_ACTIVE_CREDIT_CAPACITY_EVIDENCE;BUREAU_RECENT_CREDIT_ACTIVITY_EVIDENCE;BUREAU_CREDIT_HISTORY_QUALITY_EVIDENCE;REPAYMENT_PRIOR_CREDIT_EXPERIENCE_EVIDENCE
HC_HELDOUT_0000408,0.0457218737964581,Approve,0.0457218737964581,Approve,0.0457218737964581,Approve,False,False,False,False,5.0,5.0,REPAYMENT_PERFORMANCE_QUALITY_EVIDENCE;BUREAU_ACTIVE_CREDIT_CAPACITY_EVIDENCE;BUREAU_CREDIT_HISTORY_QUALITY_EVIDENCE;BUREAU_RECENT_CREDIT_ACTIVITY_EVIDENCE;REPAYMENT_PRIOR_CREDIT_EXPERIENCE_EVIDENCE,BUREAU_ACTIVE_CREDIT_CAPACITY_EVIDENCE;REPAYMENT_PRIOR_CREDIT_EXPERIENCE_EVIDENCE;REPAYMENT_PERFORMANCE_QUALITY_EVIDENCE;BUREAU_RECENT_CREDIT_ACTIVITY_EVIDENCE;BUREAU_CREDIT_HISTORY_QUALITY_EVIDENCE
HC_HELDOUT_0000409,0.0534282938607406,Approve,0.0534282938607406,Approve,0.0534282938607406,Approve,False,False,False,False,5.0,5.0,REPAYMENT_PERFORMANCE_QUALITY_EVIDENCE;BUREAU_ACTIVE_CREDIT_CAPACITY_EVIDENCE;BUREAU_CREDIT_HISTORY_QUALITY_EVIDENCE;BUREAU_RECENT_CREDIT_ACTIVITY_EVIDENCE;REPAYMENT_PRIOR_CREDIT_EXPERIENCE_EVIDENCE,REPAYMENT_PERFORMANCE_QUALITY_EVIDENCE;BUREAU_ACTIVE_CREDIT_CAPACITY_EVIDENCE;REPAYMENT_PRIOR_CREDIT_EXPERIENCE_EVIDENCE;BUREAU_CREDIT_HISTORY_QUALITY_EVIDENCE;BUREAU_RECENT_CREDIT_ACTIVITY_EVIDENCE
HC_HELDOUT_0000410,0.0288218748336499,Approve,0.034244215430991,Approve,0.0356080347710658,Approve,False,False,True,True,4.0,1.0,REPAYMENT_PERFORMANCE_QUALITY_EVIDENCE;BUREAU_ACTIVE_CREDIT_CAPACITY_EVIDENCE;BUREAU_CREDIT_HISTORY_QUALITY_EVIDENCE;BUREAU_RECENT_CREDIT_ACTIVITY_EVIDENCE,BUREAU_ACTIVE_CREDIT_CAPACITY_EVIDENCE
HC_HELDOUT_0000411,0.0283413025608653,Approve,0.0337450338819017,Approve,0.0337450338819017,Approve,False,False,True,True,1.0,1.0,REPAYMENT_PERFORMANCE_QUALITY_EVIDENCE,REPAYMENT_PERFORMANCE_QUALITY_EVIDENCE
HC_HELDOUT_0000412,0.0245163655193968,Approve,0.0370968694507045,Approve,0.0370968694507045,Approve,False,False,True,True,0.0,0.0,,
HC_HELDOUT_0000413,0.104458411348395,Reject,0.1725380661980665,Reject,0.1725380661980665,Reject,False,False,True,True,0.0,0.0,,
HC_HELDOUT_0000414,0.0969181753990572,Reject,0.0969181753990572,Reject,0.0969181753990572,Reject,False,False,False,False,5.0,5.0,REPAYMENT_PERFORMANCE_QUALITY_EVIDENCE;BUREAU_ACTIVE_CREDIT_CAPACITY_EVIDENCE;BUREAU_CREDIT_HISTORY_QUALITY_EVIDENCE;BUREAU_RECENT_CREDIT_ACTIVITY_EVIDENCE;REPAYMENT_PRIOR_CREDIT_EXPERIENCE_EVIDENCE,BUREAU_CREDIT_HISTORY_QUALITY_EVIDENCE;BUREAU_RECENT_CREDIT_ACTIVITY_EVIDENCE;REPAYMENT_PRIOR_CREDIT_EXPERIENCE_EVIDENCE;REPAYMENT_PERFORMANCE_QUALITY_EVIDENCE;BUREAU_ACTIVE_CREDIT_CAPACITY_EVIDENCE
HC_HELDOUT_0000415,0.0688845789446387,Approve,0.0688845789446387,Approve,0.0688845789446387,Approve,False,False,False,False,5.0,5.0,REPAYMENT_PERFORMANCE_QUALITY_EVIDENCE;BUREAU_ACTIVE_CREDIT_CAPACITY_EVIDENCE;BUREAU_CREDIT_HISTORY_QUALITY_EVIDENCE;BUREAU_RECENT_CREDIT_ACTIVITY_EVIDENCE;REPAYMENT_PRIOR_CREDIT_EXPERIENCE_EVIDENCE,BUREAU_ACTIVE_CREDIT_CAPACITY_EVIDENCE;REPAYMENT_PERFORMANCE_QUALITY_EVIDENCE;REPAYMENT_PRIOR_CREDIT_EXPERIENCE_EVIDENCE;BUREAU_CREDIT_HISTORY_QUALITY_EVIDENCE;BUREAU_RECENT_CREDIT_ACTIVITY_EVIDENCE
HC_HELDOUT_0000416,0.035754186212062,Approve,0.0336449356294776,Approve,0.0355421155094497,Approve,False,False,True,True,1.0,1.0,REPAYMENT_PERFORMANCE_QUALITY_EVIDENCE,BUREAU_RECENT_CREDIT_ACTIVITY_EVIDENCE
HC_HELDOUT_0000417,0.1484686693173934,Reject,0.1421402009548831,Reject,0.1461530782008837,Reject,False,False,True,True,3.0,2.0,REPAYMENT_PERFORMANCE_QUALITY_EVIDENCE;BUREAU_ACTIVE_CREDIT_CAPACITY_EVIDENCE;BUREAU_CREDIT_HISTORY_QUALITY_EVIDENCE,BUREAU_RECENT_CREDIT_ACTIVITY_EVIDENCE;REPAYMENT_PERFORMANCE_QUALITY_EVIDENCE
HC_HELDOUT_0000418,0.0346691573441552,Approve,0.0318446035091957,Approve,0.0318446035091957,Approve,False,False,True,True,0.0,0.0,,
HC_HELDOUT_0000419,0.0426339984481763,Approve,0.0251282969734151,Approve,0.0251282969734151,Approve,False,False,True,True,0.0,0.0,,
HC_HELDOUT_0000420,0.0212915468088208,Approve,0.0368459987255243,Approve,0.0368459987255243,Approve,False,False,True,True,0.0,0.0,,
HC_HELDOUT_0000421,0.0363099610461554,Approve,0.0219555096396252,Approve,0.0219555096396252,Approve,False,False,True,True,0.0,0.0,,
HC_HELDOUT_0000422,0.1378645242480949,Reject,0.1586687632903904,Reject,0.1524531665197677,Reject,False,False,True,True,2.0,3.0,REPAYMENT_PERFORMANCE_QUALITY_EVIDENCE;BUREAU_ACTIVE_CREDIT_CAPACITY_EVIDENCE,REPAYMENT_PERFORMANCE_QUALITY_EVIDENCE;BUREAU_CREDIT_HISTORY_QUALITY_EVIDENCE;BUREAU_ACTIVE_CREDIT_CAPACITY_EVIDENCE
HC_HELDOUT_0000423,0.0906541644162806,Reject,0.0906541644162806,Reject,0.0906541644162806,Reject,False,False,False,False,5.0,5.0,REPAYMENT_PERFORMANCE_QUALITY_EVIDENCE;BUREAU_ACTIVE_CREDIT_CAPACITY_EVIDENCE;BUREAU_CREDIT_HISTORY_QUALITY_EVIDENCE;BUREAU_RECENT_CREDIT_ACTIVITY_EVIDENCE;REPAYMENT_PRIOR_CREDIT_EXPERIENCE_EVIDENCE,BUREAU_CREDIT_HISTORY_QUALITY_EVIDENCE;REPAYMENT_PRIOR_CREDIT_EXPERIENCE_EVIDENCE;BUREAU_RECENT_CREDIT_ACTIVITY_EVIDENCE;REPAYMENT_PERFORMANCE_QUALITY_EVIDENCE;BUREAU_ACTIVE_CREDIT_CAPACITY_EVIDENCE
HC_HELDOUT_0000424,0.0562588427579256,Approve,0.0562588427579256,Approve,0.0562588427579256,Approve,False,False,False,False,5.0,5.0,REPAYMENT_PERFORMANCE_QUALITY_EVIDENCE;BUREAU_ACTIVE_CREDIT_CAPACITY_EVIDENCE;BUREAU_CREDIT_HISTORY_QUALITY_EVIDENCE;BUREAU_RECENT_CREDIT_ACTIVITY_EVIDENCE;REPAYMENT_PRIOR_CREDIT_EXPERIENCE_EVIDENCE,REPAYMENT_PERFORMANCE_QUALITY_EVIDENCE;BUREAU_CREDIT_HISTORY_QUALITY_EVIDENCE;BUREAU_RECENT_CREDIT_ACTIVITY_EVIDENCE;BUREAU_ACTIVE_CREDIT_CAPACITY_EVIDENCE;REPAYMENT_PRIOR_CREDIT_EXPERIENCE_EVIDENCE
HC_HELDOUT_0000425,0.1301581967735419,Reject,0.1301581967735419,Reject,0.1301581967735419,Reject,False,False,False,False,5.0,5.0,REPAYMENT_PERFORMANCE_QUALITY_EVIDENCE;BUREAU_ACTIVE_CREDIT_CAPACITY_EVIDENCE;BUREAU_CREDIT_HISTORY_QUALITY_EVIDENCE;BUREAU_RECENT_CREDIT_ACTIVITY_EVIDENCE;REPAYMENT_PRIOR_CREDIT_EXPERIENCE_EVIDENCE,REPAYMENT_PERFORMANCE_QUALITY_EVIDENCE;BUREAU_CREDIT_HISTORY_QUALITY_EVIDENCE;REPAYMENT_PRIOR_CREDIT_EXPERIENCE_EVIDENCE;BUREAU_ACTIVE_CREDIT_CAPACITY_EVIDENCE;BUREAU_RECENT_CREDIT_ACTIVITY_EVIDENCE
HC_HELDOUT_0000426,0.1115662820572808,Reject,0.1115662820572808,Reject,0.1115662820572808,Reject,False,False,False,False,5.0,5.0,REPAYMENT_PERFORMANCE_QUALITY_EVIDENCE;BUREAU_ACTIVE_CREDIT_CAPACITY_EVIDENCE;BUREAU_CREDIT_HISTORY_QUALITY_EVIDENCE;BUREAU_RECENT_CREDIT_ACTIVITY_EVIDENCE;REPAYMENT_PRIOR_CREDIT_EXPERIENCE_EVIDENCE,REPAYMENT_PERFORMANCE_QUALITY_EVIDENCE;BUREAU_ACTIVE_CREDIT_CAPACITY_EVIDENCE;REPAYMENT_PRIOR_CREDIT_EXPERIENCE_EVIDENCE;BUREAU_RECENT_CREDIT_ACTIVITY_EVIDENCE;BUREAU_CREDIT_HISTORY_QUALITY_EVIDENCE
HC_HELDOUT_0000427,0.1649482902648572,Reject,0.1767984152871241,Reject,0.1767984152871241,Reject,False,False,True,True,0.0,0.0,,
HC_HELDOUT_0000428,0.0488426057502238,Approve,0.0488426057502238,Approve,0.0488426057502238,Approve,False,False,False,False,5.0,5.0,REPAYMENT_PERFORMANCE_QUALITY_EVIDENCE;BUREAU_ACTIVE_CREDIT_CAPACITY_EVIDENCE;BUREAU_CREDIT_HISTORY_QUALITY_EVIDENCE;BUREAU_RECENT_CREDIT_ACTIVITY_EVIDENCE;REPAYMENT_PRIOR_CREDIT_EXPERIENCE_EVIDENCE,BUREAU_ACTIVE_CREDIT_CAPACITY_EVIDENCE;BUREAU_RECENT_CREDIT_ACTIVITY_EVIDENCE;BUREAU_CREDIT_HISTORY_QUALITY_EVIDENCE;REPAYMENT_PRIOR_CREDIT_EXPERIENCE_EVIDENCE;REPAYMENT_PERFORMANCE_QUALITY_EVIDENCE
HC_HELDOUT_0000429,0.0228658896771577,Approve,0.0181690578834225,Approve,0.0181690578834225,Approve,False,False,True,True,0.0,0.0,,
HC_HELDOUT_0000430,0.1163721417277125,Reject,0.1163721417277125,Reject,0.1163721417277125,Reject,False,False,False,False,5.0,5.0,REPAYMENT_PERFORMANCE_QUALITY_EVIDENCE;BUREAU_ACTIVE_CREDIT_CAPACITY_EVIDENCE;BUREAU_CREDIT_HISTORY_QUALITY_EVIDENCE;BUREAU_RECENT_CREDIT_ACTIVITY_EVIDENCE;REPAYMENT_PRIOR_CREDIT_EXPERIENCE_EVIDENCE,BUREAU_ACTIVE_CREDIT_CAPACITY_EVIDENCE;REPAYMENT_PRIOR_CREDIT_EXPERIENCE_EVIDENCE;BUREAU_CREDIT_HISTORY_QUALITY_EVIDENCE;REPAYMENT_PERFORMANCE_QUALITY_EVIDENCE;BUREAU_RECENT_CREDIT_ACTIVITY_EVIDENCE
HC_HELDOUT_0000431,0.0468436940881507,Approve,0.0468436940881507,Approve,0.0468436940881507,Approve,False,False,False,False,5.0,5.0,REPAYMENT_PERFORMANCE_QUALITY_EVIDENCE;BUREAU_ACTIVE_CREDIT_CAPACITY_EVIDENCE;BUREAU_CREDIT_HISTORY_QUALITY_EVIDENCE;BUREAU_RECENT_CREDIT_ACTIVITY_EVIDENCE;REPAYMENT_PRIOR_CREDIT_EXPERIENCE_EVIDENCE,BUREAU_RECENT_CREDIT_ACTIVITY_EVIDENCE;REPAYMENT_PERFORMANCE_QUALITY_EVIDENCE;REPAYMENT_PRIOR_CREDIT_EXPERIENCE_EVIDENCE;BUREAU_CREDIT_HISTORY_QUALITY_EVIDENCE;BUREAU_ACTIVE_CREDIT_CAPACITY_EVIDENCE
HC_HELDOUT_0000432,0.1748881544732809,Reject,0.1874671577736545,Reject,0.1874671577736545,Reject,False,False,True,True,0.0,0.0,,
HC_HELDOUT_0000433,0.0470276630795949,Approve,0.0470276630795949,Approve,0.0470276630795949,Approve,False,False,False,False,5.0,5.0,REPAYMENT_PERFORMANCE_QUALITY_EVIDENCE;BUREAU_ACTIVE_CREDIT_CAPACITY_EVIDENCE;BUREAU_CREDIT_HISTORY_QUALITY_EVIDENCE;BUREAU_RECENT_CREDIT_ACTIVITY_EVIDENCE;REPAYMENT_PRIOR_CREDIT_EXPERIENCE_EVIDENCE,BUREAU_ACTIVE_CREDIT_CAPACITY_EVIDENCE;REPAYMENT_PRIOR_CREDIT_EXPERIENCE_EVIDENCE;BUREAU_RECENT_CREDIT_ACTIVITY_EVIDENCE;REPAYMENT_PERFORMANCE_QUALITY_EVIDENCE;BUREAU_CREDIT_HISTORY_QUALITY_EVIDENCE
HC_HELDOUT_0000434,0.0175019671915865,Approve,0.0237836563821995,Approve,0.0237836563821995,Approve,False,False,True,True,0.0,0.0,,
HC_HELDOUT_0000435,0.0412693959797375,Approve,0.0412693959797375,Approve,0.0363011155264877,Approve,False,False,False,True,5.0,3.0,REPAYMENT_PERFORMANCE_QUALITY_EVIDENCE;BUREAU_ACTIVE_CREDIT_CAPACITY_EVIDENCE;BUREAU_CREDIT_HISTORY_QUALITY_EVIDENCE;BUREAU_RECENT_CREDIT_ACTIVITY_EVIDENCE;REPAYMENT_PRIOR_CREDIT_EXPERIENCE_EVIDENCE,BUREAU_ACTIVE_CREDIT_CAPACITY_EVIDENCE;REPAYMENT_PRIOR_CREDIT_EXPERIENCE_EVIDENCE;BUREAU_CREDIT_HISTORY_QUALITY_EVIDENCE
HC_HELDOUT_0000436,0.21196152379977,Reject,0.1645006123295487,Reject,0.1714323013149446,Reject,False,False,True,True,3.0,1.0,REPAYMENT_PERFORMANCE_QUALITY_EVIDENCE;BUREAU_ACTIVE_CREDIT_CAPACITY_EVIDENCE;BUREAU_CREDIT_HISTORY_QUALITY_EVIDENCE,BUREAU_CREDIT_HISTORY_QUALITY_EVIDENCE
HC_HELDOUT_0000437,0.0120586320372827,Approve,0.0194779311478567,Approve,0.0194779311478567,Approve,False,False,True,True,0.0,0.0,,
HC_HELDOUT_0000438,0.0626940662291841,Approve,0.0352698836817152,Approve,0.0352698836817152,Approve,False,False,True,True,0.0,0.0,,
HC_HELDOUT_0000439,0.2132713808167197,Reject,0.1810959977665173,Reject,0.1810959977665173,Reject,False,False,True,True,0.0,0.0,,
HC_HELDOUT_0000440,0.045391999008225,Approve,0.0362299152726475,Approve,0.045391999008225,Approve,False,False,True,False,1.0,5.0,REPAYMENT_PERFORMANCE_QUALITY_EVIDENCE,BUREAU_RECENT_CREDIT_ACTIVITY_EVIDENCE;BUREAU_CREDIT_HISTORY_QUALITY_EVIDENCE;REPAYMENT_PERFORMANCE_QUALITY_EVIDENCE;BUREAU_ACTIVE_CREDIT_CAPACITY_EVIDENCE;REPAYMENT_PRIOR_CREDIT_EXPERIENCE_EVIDENCE
HC_HELDOUT_0000441,0.0177455662396036,Approve,0.0219555096396252,Approve,0.0219555096396252,Approve,False,False,True,True,0.0,0.0,,
HC_HELDOUT_0000442,0.023772742444497,Approve,0.0299791258140843,Approve,0.0299791258140843,Approve,False,False,True,True,1.0,1.0,REPAYMENT_PERFORMANCE_QUALITY_EVIDENCE,REPAYMENT_PERFORMANCE_QUALITY_EVIDENCE
HC_HELDOUT_0000443,0.0134253706362141,Approve,0.0200581823688229,Approve,0.0200581823688229,Approve,False,False,True,True,0.0,0.0,,
HC_HELDOUT_0000444,0.082028625545492,Approve,0.082028625545492,Approve,0.082028625545492,Approve,False,False,False,False,5.0,5.0,REPAYMENT_PERFORMANCE_QUALITY_EVIDENCE;BUREAU_ACTIVE_CREDIT_CAPACITY_EVIDENCE;BUREAU_CREDIT_HISTORY_QUALITY_EVIDENCE;BUREAU_RECENT_CREDIT_ACTIVITY_EVIDENCE;REPAYMENT_PRIOR_CREDIT_EXPERIENCE_EVIDENCE,BUREAU_RECENT_CREDIT_ACTIVITY_EVIDENCE;REPAYMENT_PRIOR_CREDIT_EXPERIENCE_EVIDENCE;BUREAU_ACTIVE_CREDIT_CAPACITY_EVIDENCE;BUREAU_CREDIT_HISTORY_QUALITY_EVIDENCE;REPAYMENT_PERFORMANCE_QUALITY_EVIDENCE
HC_HELDOUT_0000445,0.071881777060322,Approve,0.071881777060322,Approve,0.071881777060322,Approve,False,False,False,False,5.0,5.0,REPAYMENT_PERFORMANCE_QUALITY_EVIDENCE;BUREAU_ACTIVE_CREDIT_CAPACITY_EVIDENCE;BUREAU_CREDIT_HISTORY_QUALITY_EVIDENCE;BUREAU_RECENT_CREDIT_ACTIVITY_EVIDENCE;REPAYMENT_PRIOR_CREDIT_EXPERIENCE_EVIDENCE,BUREAU_CREDIT_HISTORY_QUALITY_EVIDENCE;REPAYMENT_PERFORMANCE_QUALITY_EVIDENCE;REPAYMENT_PRIOR_CREDIT_EXPERIENCE_EVIDENCE;BUREAU_RECENT_CREDIT_ACTIVITY_EVIDENCE;BUREAU_ACTIVE_CREDIT_CAPACITY_EVIDENCE
HC_HELDOUT_0000446,0.0723042402464955,Approve,0.0723042402464955,Approve,0.0723042402464955,Approve,False,False,False,False,5.0,5.0,REPAYMENT_PERFORMANCE_QUALITY_EVIDENCE;BUREAU_ACTIVE_CREDIT_CAPACITY_EVIDENCE;BUREAU_CREDIT_HISTORY_QUALITY_EVIDENCE;BUREAU_RECENT_CREDIT_ACTIVITY_EVIDENCE;REPAYMENT_PRIOR_CREDIT_EXPERIENCE_EVIDENCE,REPAYMENT_PERFORMANCE_QUALITY_EVIDENCE;BUREAU_ACTIVE_CREDIT_CAPACITY_EVIDENCE;BUREAU_RECENT_CREDIT_ACTIVITY_EVIDENCE;REPAYMENT_PRIOR_CREDIT_EXPERIENCE_EVIDENCE;BUREAU_CREDIT_HISTORY_QUALITY_EVIDENCE
HC_HELDOUT_0000447,0.1715208475954742,Reject,0.1475920350962241,Reject,0.1475920350962241,Reject,False,False,True,True,0.0,0.0,,
HC_HELDOUT_0000448,0.2007151392144352,Reject,0.1385804495283722,Reject,0.1385804495283722,Reject,False,False,True,True,1.0,1.0,REPAYMENT_PERFORMANCE_QUALITY_EVIDENCE,REPAYMENT_PERFORMANCE_QUALITY_EVIDENCE
HC_HELDOUT_0000449,0.0604422659159175,Approve,0.0604422659159175,Approve,0.0604422659159175,Approve,False,False,False,False,5.0,5.0,REPAYMENT_PERFORMANCE_QUALITY_EVIDENCE;BUREAU_ACTIVE_CREDIT_CAPACITY_EVIDENCE;BUREAU_CREDIT_HISTORY_QUALITY_EVIDENCE;BUREAU_RECENT_CREDIT_ACTIVITY_EVIDENCE;REPAYMENT_PRIOR_CREDIT_EXPERIENCE_EVIDENCE,BUREAU_CREDIT_HISTORY_QUALITY_EVIDENCE;REPAYMENT_PRIOR_CREDIT_EXPERIENCE_EVIDENCE;BUREAU_RECENT_CREDIT_ACTIVITY_EVIDENCE;BUREAU_ACTIVE_CREDIT_CAPACITY_EVIDENCE;REPAYMENT_PERFORMANCE_QUALITY_EVIDENCE
HC_HELDOUT_0000450,0.0189797530946633,Approve,0.0233899666702224,Approve,0.0233899666702224,Approve,False,False,True,True,0.0,0.0,,
HC_HELDOUT_0000451,0.066926860315631,Approve,0.1515131214066957,Reject,0.1515131214066957,Reject,True,True,True,True,0.0,0.0,,
HC_HELDOUT_0000452,0.1214441745469818,Reject,0.1214441745469818,Reject,0.1214441745469818,Reject,False,False,False,False,5.0,5.0,REPAYMENT_PERFORMANCE_QUALITY_EVIDENCE;BUREAU_ACTIVE_CREDIT_CAPACITY_EVIDENCE;BUREAU_CREDIT_HISTORY_QUALITY_EVIDENCE;BUREAU_RECENT_CREDIT_ACTIVITY_EVIDENCE;REPAYMENT_PRIOR_CREDIT_EXPERIENCE_EVIDENCE,BUREAU_RECENT_CREDIT_ACTIVITY_EVIDENCE;BUREAU_ACTIVE_CREDIT_CAPACITY_EVIDENCE;BUREAU_CREDIT_HISTORY_QUALITY_EVIDENCE;REPAYMENT_PERFORMANCE_QUALITY_EVIDENCE;REPAYMENT_PRIOR_CREDIT_EXPERIENCE_EVIDENCE
HC_HELDOUT_0000453,0.0199427066687121,Approve,0.0217964080257302,Approve,0.0217964080257302,Approve,False,False,True,True,0.0,0.0,,
HC_HELDOUT_0000454,0.0156999044141475,Approve,0.023840172358003,Approve,0.023840172358003,Approve,False,False,True,True,0.0,0.0,,
HC_HELDOUT_0000455,0.1260381575594476,Reject,0.1260381575594476,Reject,0.1260381575594476,Reject,False,False,False,False,5.0,5.0,REPAYMENT_PERFORMANCE_QUALITY_EVIDENCE;BUREAU_ACTIVE_CREDIT_CAPACITY_EVIDENCE;BUREAU_CREDIT_HISTORY_QUALITY_EVIDENCE;BUREAU_RECENT_CREDIT_ACTIVITY_EVIDENCE;REPAYMENT_PRIOR_CREDIT_EXPERIENCE_EVIDENCE,BUREAU_CREDIT_HISTORY_QUALITY_EVIDENCE;REPAYMENT_PERFORMANCE_QUALITY_EVIDENCE;REPAYMENT_PRIOR_CREDIT_EXPERIENCE_EVIDENCE;BUREAU_ACTIVE_CREDIT_CAPACITY_EVIDENCE;BUREAU_RECENT_CREDIT_ACTIVITY_EVIDENCE
HC_HELDOUT_0000456,0.1197291151929918,Reject,0.1197291151929918,Reject,0.1197291151929918,Reject,False,False,False,False,5.0,5.0,REPAYMENT_PERFORMANCE_QUALITY_EVIDENCE;BUREAU_ACTIVE_CREDIT_CAPACITY_EVIDENCE;BUREAU_CREDIT_HISTORY_QUALITY_EVIDENCE;BUREAU_RECENT_CREDIT_ACTIVITY_EVIDENCE;REPAYMENT_PRIOR_CREDIT_EXPERIENCE_EVIDENCE,BUREAU_CREDIT_HISTORY_QUALITY_EVIDENCE;BUREAU_ACTIVE_CREDIT_CAPACITY_EVIDENCE;BUREAU_RECENT_CREDIT_ACTIVITY_EVIDENCE;REPAYMENT_PERFORMANCE_QUALITY_EVIDENCE;REPAYMENT_PRIOR_CREDIT_EXPERIENCE_EVIDENCE
HC_HELDOUT_0000457,0.0320928443146071,Approve,0.0358141786817048,Approve,0.0328234734677599,Approve,False,False,True,True,3.0,2.0,REPAYMENT_PERFORMANCE_QUALITY_EVIDENCE;BUREAU_ACTIVE_CREDIT_CAPACITY_EVIDENCE;BUREAU_CREDIT_HISTORY_QUALITY_EVIDENCE,BUREAU_ACTIVE_CREDIT_CAPACITY_EVIDENCE;BUREAU_CREDIT_HISTORY_QUALITY_EVIDENCE
HC_HELDOUT_0000458,0.0923007243047852,Reject,0.0923007243047852,Reject,0.0923007243047852,Reject,False,False,False,False,5.0,5.0,REPAYMENT_PERFORMANCE_QUALITY_EVIDENCE;BUREAU_ACTIVE_CREDIT_CAPACITY_EVIDENCE;BUREAU_CREDIT_HISTORY_QUALITY_EVIDENCE;BUREAU_RECENT_CREDIT_ACTIVITY_EVIDENCE;REPAYMENT_PRIOR_CREDIT_EXPERIENCE_EVIDENCE,BUREAU_RECENT_CREDIT_ACTIVITY_EVIDENCE;BUREAU_ACTIVE_CREDIT_CAPACITY_EVIDENCE;BUREAU_CREDIT_HISTORY_QUALITY_EVIDENCE;REPAYMENT_PERFORMANCE_QUALITY_EVIDENCE;REPAYMENT_PRIOR_CREDIT_EXPERIENCE_EVIDENCE
HC_HELDOUT_0000459,0.0660395710572665,Approve,0.0660395710572665,Approve,0.0660395710572665,Approve,False,False,False,False,5.0,5.0,REPAYMENT_PERFORMANCE_QUALITY_EVIDENCE;BUREAU_ACTIVE_CREDIT_CAPACITY_EVIDENCE;BUREAU_CREDIT_HISTORY_QUALITY_EVIDENCE;BUREAU_RECENT_CREDIT_ACTIVITY_EVIDENCE;REPAYMENT_PRIOR_CREDIT_EXPERIENCE_EVIDENCE,REPAYMENT_PERFORMANCE_QUALITY_EVIDENCE;REPAYMENT_PRIOR_CREDIT_EXPERIENCE_EVIDENCE;BUREAU_CREDIT_HISTORY_QUALITY_EVIDENCE;BUREAU_ACTIVE_CREDIT_CAPACITY_EVIDENCE;BUREAU_RECENT_CREDIT_ACTIVITY_EVIDENCE
HC_HELDOUT_0000460,0.0352025423715266,Approve,0.0341470289070476,Approve,0.0346670430429053,Approve,False,False,True,True,3.0,3.0,REPAYMENT_PERFORMANCE_QUALITY_EVIDENCE;BUREAU_ACTIVE_CREDIT_CAPACITY_EVIDENCE;BUREAU_CREDIT_HISTORY_QUALITY_EVIDENCE,REPAYMENT_PERFORMANCE_QUALITY_EVIDENCE;BUREAU_ACTIVE_CREDIT_CAPACITY_EVIDENCE;REPAYMENT_PRIOR_CREDIT_EXPERIENCE_EVIDENCE
HC_HELDOUT_0000461,0.0742607464263139,Approve,0.0742607464263139,Approve,0.0742607464263139,Approve,False,False,False,False,5.0,5.0,REPAYMENT_PERFORMANCE_QUALITY_EVIDENCE;BUREAU_ACTIVE_CREDIT_CAPACITY_EVIDENCE;BUREAU_CREDIT_HISTORY_QUALITY_EVIDENCE;BUREAU_RECENT_CREDIT_ACTIVITY_EVIDENCE;REPAYMENT_PRIOR_CREDIT_EXPERIENCE_EVIDENCE,REPAYMENT_PERFORMANCE_QUALITY_EVIDENCE;BUREAU_RECENT_CREDIT_ACTIVITY_EVIDENCE;BUREAU_CREDIT_HISTORY_QUALITY_EVIDENCE;REPAYMENT_PRIOR_CREDIT_EXPERIENCE_EVIDENCE;BUREAU_ACTIVE_CREDIT_CAPACITY_EVIDENCE
HC_HELDOUT_0000462,0.1039633725228185,Reject,0.1039633725228185,Reject,0.1039633725228185,Reject,False,False,False,False,5.0,5.0,REPAYMENT_PERFORMANCE_QUALITY_EVIDENCE;BUREAU_ACTIVE_CREDIT_CAPACITY_EVIDENCE;BUREAU_CREDIT_HISTORY_QUALITY_EVIDENCE;BUREAU_RECENT_CREDIT_ACTIVITY_EVIDENCE;REPAYMENT_PRIOR_CREDIT_EXPERIENCE_EVIDENCE,REPAYMENT_PERFORMANCE_QUALITY_EVIDENCE;BUREAU_RECENT_CREDIT_ACTIVITY_EVIDENCE;BUREAU_CREDIT_HISTORY_QUALITY_EVIDENCE;BUREAU_ACTIVE_CREDIT_CAPACITY_EVIDENCE;REPAYMENT_PRIOR_CREDIT_EXPERIENCE_EVIDENCE
HC_HELDOUT_0000463,0.0149573586398599,Approve,0.0219033612316654,Approve,0.0219033612316654,Approve,False,False,True,True,0.0,0.0,,
HC_HELDOUT_0000464,0.0213782995386357,Approve,0.0265942419601595,Approve,0.0265942419601595,Approve,False,False,True,True,0.0,0.0,,
HC_HELDOUT_0000465,0.0493219300625079,Approve,0.0324120745557281,Approve,0.0324120745557281,Approve,False,False,True,True,0.0,0.0,,
HC_HELDOUT_0000466,0.0971060771353584,Reject,0.1387386969912738,Reject,0.1387386969912738,Reject,False,False,True,True,0.0,0.0,,
HC_HELDOUT_0000467,0.0219760114984461,Approve,0.0181558222280735,Approve,0.0181558222280735,Approve,False,False,True,True,0.0,0.0,,
HC_HELDOUT_0000468,0.1317039304565889,Reject,0.1390294723327086,Reject,0.1390294723327086,Reject,False,False,True,True,0.0,0.0,,
HC_HELDOUT_0000469,0.0105892994573425,Approve,0.0186193995159462,Approve,0.0186193995159462,Approve,False,False,True,True,0.0,0.0,,
HC_HELDOUT_0000470,0.1416363162646928,Reject,0.1684859363238943,Reject,0.1684859363238943,Reject,False,False,True,True,0.0,0.0,,
HC_HELDOUT_0000471,0.0787422704796447,Approve,0.0787422704796447,Approve,0.0787422704796447,Approve,False,False,False,False,5.0,5.0,REPAYMENT_PERFORMANCE_QUALITY_EVIDENCE;BUREAU_ACTIVE_CREDIT_CAPACITY_EVIDENCE;BUREAU_CREDIT_HISTORY_QUALITY_EVIDENCE;BUREAU_RECENT_CREDIT_ACTIVITY_EVIDENCE;REPAYMENT_PRIOR_CREDIT_EXPERIENCE_EVIDENCE,BUREAU_ACTIVE_CREDIT_CAPACITY_EVIDENCE;REPAYMENT_PRIOR_CREDIT_EXPERIENCE_EVIDENCE;BUREAU_CREDIT_HISTORY_QUALITY_EVIDENCE;BUREAU_RECENT_CREDIT_ACTIVITY_EVIDENCE;REPAYMENT_PERFORMANCE_QUALITY_EVIDENCE
HC_HELDOUT_0000472,0.145374052574385,Reject,0.145374052574385,Reject,0.1501997747338795,Reject,False,False,False,True,5.0,2.0,REPAYMENT_PERFORMANCE_QUALITY_EVIDENCE;BUREAU_ACTIVE_CREDIT_CAPACITY_EVIDENCE;BUREAU_CREDIT_HISTORY_QUALITY_EVIDENCE;BUREAU_RECENT_CREDIT_ACTIVITY_EVIDENCE;REPAYMENT_PRIOR_CREDIT_EXPERIENCE_EVIDENCE,REPAYMENT_PERFORMANCE_QUALITY_EVIDENCE;REPAYMENT_PRIOR_CREDIT_EXPERIENCE_EVIDENCE
HC_HELDOUT_0000473,0.1073186829990728,Reject,0.1073186829990728,Reject,0.1073186829990728,Reject,False,False,False,False,5.0,5.0,REPAYMENT_PERFORMANCE_QUALITY_EVIDENCE;BUREAU_ACTIVE_CREDIT_CAPACITY_EVIDENCE;BUREAU_CREDIT_HISTORY_QUALITY_EVIDENCE;BUREAU_RECENT_CREDIT_ACTIVITY_EVIDENCE;REPAYMENT_PRIOR_CREDIT_EXPERIENCE_EVIDENCE,BUREAU_ACTIVE_CREDIT_CAPACITY_EVIDENCE;REPAYMENT_PRIOR_CREDIT_EXPERIENCE_EVIDENCE;BUREAU_CREDIT_HISTORY_QUALITY_EVIDENCE;REPAYMENT_PERFORMANCE_QUALITY_EVIDENCE;BUREAU_RECENT_CREDIT_ACTIVITY_EVIDENCE
HC_HELDOUT_0000474,0.1347851506114402,Reject,0.1406269242371827,Reject,0.1454698488975995,Reject,False,False,True,True,3.0,2.0,REPAYMENT_PERFORMANCE_QUALITY_EVIDENCE;BUREAU_ACTIVE_CREDIT_CAPACITY_EVIDENCE;BUREAU_CREDIT_HISTORY_QUALITY_EVIDENCE,REPAYMENT_PRIOR_CREDIT_EXPERIENCE_EVIDENCE;BUREAU_ACTIVE_CREDIT_CAPACITY_EVIDENCE
HC_HELDOUT_0000475,0.1721260688443869,Reject,0.1550659208321977,Reject,0.1550659208321977,Reject,False,False,True,True,0.0,0.0,,
HC_HELDOUT_0000476,0.152985667986704,Reject,0.152985667986704,Reject,0.1398329297459272,Reject,False,False,False,True,5.0,1.0,REPAYMENT_PERFORMANCE_QUALITY_EVIDENCE;BUREAU_ACTIVE_CREDIT_CAPACITY_EVIDENCE;BUREAU_CREDIT_HISTORY_QUALITY_EVIDENCE;BUREAU_RECENT_CREDIT_ACTIVITY_EVIDENCE;REPAYMENT_PRIOR_CREDIT_EXPERIENCE_EVIDENCE,REPAYMENT_PRIOR_CREDIT_EXPERIENCE_EVIDENCE
HC_HELDOUT_0000477,0.0490372088172345,Approve,0.0324399062090317,Approve,0.0324399062090317,Approve,False,False,True,True,0.0,0.0,,
HC_HELDOUT_0000478,0.0360079744906635,Approve,0.0288503655558518,Approve,0.0288503655558518,Approve,False,False,True,True,0.0,0.0,,
HC_HELDOUT_0000479,0.2097848044367213,Reject,0.1909203224794596,Reject,0.1909203224794596,Reject,False,False,True,True,0.0,0.0,,
HC_HELDOUT_0000480,0.2204353735061862,Reject,0.2178477045053976,Reject,0.2178477045053976,Reject,False,False,True,True,0.0,0.0,,
HC_HELDOUT_0000481,0.1090125219346234,Reject,0.1393377392810322,Reject,0.1393377392810322,Reject,False,False,True,True,0.0,0.0,,
HC_HELDOUT_0000482,0.0214328218143269,Approve,0.0328768427845415,Approve,0.0293269316422799,Approve,False,False,True,True,1.0,1.0,REPAYMENT_PERFORMANCE_QUALITY_EVIDENCE,BUREAU_ACTIVE_CREDIT_CAPACITY_EVIDENCE
HC_HELDOUT_0000483,0.0316428304688697,Approve,0.029734093229803,Approve,0.029734093229803,Approve,False,False,True,True,0.0,0.0,,
HC_HELDOUT_0000484,0.0329341421208441,Approve,0.0295415962479883,Approve,0.0295415962479883,Approve,False,False,True,True,0.0,0.0,,
HC_HELDOUT_0000485,0.1254868147227888,Reject,0.1784053412026324,Reject,0.1784053412026324,Reject,False,False,True,True,0.0,0.0,,
HC_HELDOUT_0000486,0.1444215538082522,Reject,0.1643514018304631,Reject,0.1643514018304631,Reject,False,False,True,True,0.0,0.0,,
HC_HELDOUT_0000487,0.0431865518034499,Approve,0.0431865518034499,Approve,0.0431865518034499,Approve,False,False,False,False,5.0,5.0,REPAYMENT_PERFORMANCE_QUALITY_EVIDENCE;BUREAU_ACTIVE_CREDIT_CAPACITY_EVIDENCE;BUREAU_CREDIT_HISTORY_QUALITY_EVIDENCE;BUREAU_RECENT_CREDIT_ACTIVITY_EVIDENCE;REPAYMENT_PRIOR_CREDIT_EXPERIENCE_EVIDENCE,REPAYMENT_PERFORMANCE_QUALITY_EVIDENCE;BUREAU_RECENT_CREDIT_ACTIVITY_EVIDENCE;REPAYMENT_PRIOR_CREDIT_EXPERIENCE_EVIDENCE;BUREAU_ACTIVE_CREDIT_CAPACITY_EVIDENCE;BUREAU_CREDIT_HISTORY_QUALITY_EVIDENCE
HC_HELDOUT_0000488,0.050502229472111,Approve,0.050502229472111,Approve,0.050502229472111,Approve,False,False,False,False,5.0,5.0,REPAYMENT_PERFORMANCE_QUALITY_EVIDENCE;BUREAU_ACTIVE_CREDIT_CAPACITY_EVIDENCE;BUREAU_CREDIT_HISTORY_QUALITY_EVIDENCE;BUREAU_RECENT_CREDIT_ACTIVITY_EVIDENCE;REPAYMENT_PRIOR_CREDIT_EXPERIENCE_EVIDENCE,BUREAU_CREDIT_HISTORY_QUALITY_EVIDENCE;BUREAU_ACTIVE_CREDIT_CAPACITY_EVIDENCE;BUREAU_RECENT_CREDIT_ACTIVITY_EVIDENCE;REPAYMENT_PRIOR_CREDIT_EXPERIENCE_EVIDENCE;REPAYMENT_PERFORMANCE_QUALITY_EVIDENCE
HC_HELDOUT_0000489,0.088726158144031,Reject,0.088726158144031,Reject,0.088726158144031,Reject,False,False,False,False,5.0,5.0,REPAYMENT_PERFORMANCE_QUALITY_EVIDENCE;BUREAU_ACTIVE_CREDIT_CAPACITY_EVIDENCE;BUREAU_CREDIT_HISTORY_QUALITY_EVIDENCE;BUREAU_RECENT_CREDIT_ACTIVITY_EVIDENCE;REPAYMENT_PRIOR_CREDIT_EXPERIENCE_EVIDENCE,REPAYMENT_PRIOR_CREDIT_EXPERIENCE_EVIDENCE;BUREAU_RECENT_CREDIT_ACTIVITY_EVIDENCE;REPAYMENT_PERFORMANCE_QUALITY_EVIDENCE;BUREAU_CREDIT_HISTORY_QUALITY_EVIDENCE;BUREAU_ACTIVE_CREDIT_CAPACITY_EVIDENCE
HC_HELDOUT_0000490,0.1125551035415385,Reject,0.1125551035415385,Reject,0.1125551035415385,Reject,False,False,False,False,5.0,5.0,REPAYMENT_PERFORMANCE_QUALITY_EVIDENCE;BUREAU_ACTIVE_CREDIT_CAPACITY_EVIDENCE;BUREAU_CREDIT_HISTORY_QUALITY_EVIDENCE;BUREAU_RECENT_CREDIT_ACTIVITY_EVIDENCE;REPAYMENT_PRIOR_CREDIT_EXPERIENCE_EVIDENCE,REPAYMENT_PRIOR_CREDIT_EXPERIENCE_EVIDENCE;BUREAU_RECENT_CREDIT_ACTIVITY_EVIDENCE;REPAYMENT_PERFORMANCE_QUALITY_EVIDENCE;BUREAU_ACTIVE_CREDIT_CAPACITY_EVIDENCE;BUREAU_CREDIT_HISTORY_QUALITY_EVIDENCE
HC_HELDOUT_0000491,0.1812663174393178,Reject,0.1867275876457087,Reject,0.1867275876457087,Reject,False,False,True,True,0.0,0.0,,
HC_HELDOUT_0000492,0.0275621213225895,Approve,0.0336449356294776,Approve,0.030583522430164,Approve,False,False,True,True,1.0,1.0,REPAYMENT_PERFORMANCE_QUALITY_EVIDENCE,BUREAU_ACTIVE_CREDIT_CAPACITY_EVIDENCE
HC_HELDOUT_0000493,0.1581978187469953,Reject,0.2182622629280554,Reject,0.2182622629280554,Reject,False,False,True,True,0.0,0.0,,
HC_HELDOUT_0000494,0.0358131967220041,Approve,0.0358680943574312,Approve,0.0358680943574312,Approve,False,False,True,True,1.0,1.0,REPAYMENT_PERFORMANCE_QUALITY_EVIDENCE,REPAYMENT_PERFORMANCE_QUALITY_EVIDENCE
HC_HELDOUT_0000495,0.0427520339070845,Approve,0.0427520339070845,Approve,0.0427520339070845,Approve,False,False,False,False,5.0,5.0,REPAYMENT_PERFORMANCE_QUALITY_EVIDENCE;BUREAU_ACTIVE_CREDIT_CAPACITY_EVIDENCE;BUREAU_CREDIT_HISTORY_QUALITY_EVIDENCE;BUREAU_RECENT_CREDIT_ACTIVITY_EVIDENCE;REPAYMENT_PRIOR_CREDIT_EXPERIENCE_EVIDENCE,BUREAU_ACTIVE_CREDIT_CAPACITY_EVIDENCE;REPAYMENT_PERFORMANCE_QUALITY_EVIDENCE;REPAYMENT_PRIOR_CREDIT_EXPERIENCE_EVIDENCE;BUREAU_CREDIT_HISTORY_QUALITY_EVIDENCE;BUREAU_RECENT_CREDIT_ACTIVITY_EVIDENCE
HC_HELDOUT_0000496,0.0771208683784713,Approve,0.0771208683784713,Approve,0.0771208683784713,Approve,False,False,False,False,5.0,5.0,REPAYMENT_PERFORMANCE_QUALITY_EVIDENCE;BUREAU_ACTIVE_CREDIT_CAPACITY_EVIDENCE;BUREAU_CREDIT_HISTORY_QUALITY_EVIDENCE;BUREAU_RECENT_CREDIT_ACTIVITY_EVIDENCE;REPAYMENT_PRIOR_CREDIT_EXPERIENCE_EVIDENCE,BUREAU_CREDIT_HISTORY_QUALITY_EVIDENCE;BUREAU_ACTIVE_CREDIT_CAPACITY_EVIDENCE;BUREAU_RECENT_CREDIT_ACTIVITY_EVIDENCE;REPAYMENT_PERFORMANCE_QUALITY_EVIDENCE;REPAYMENT_PRIOR_CREDIT_EXPERIENCE_EVIDENCE
HC_HELDOUT_0000497,0.064993698171674,Approve,0.064993698171674,Approve,0.064993698171674,Approve,False,False,False,False,5.0,5.0,REPAYMENT_PERFORMANCE_QUALITY_EVIDENCE;BUREAU_ACTIVE_CREDIT_CAPACITY_EVIDENCE;BUREAU_CREDIT_HISTORY_QUALITY_EVIDENCE;BUREAU_RECENT_CREDIT_ACTIVITY_EVIDENCE;REPAYMENT_PRIOR_CREDIT_EXPERIENCE_EVIDENCE,REPAYMENT_PRIOR_CREDIT_EXPERIENCE_EVIDENCE;BUREAU_ACTIVE_CREDIT_CAPACITY_EVIDENCE;REPAYMENT_PERFORMANCE_QUALITY_EVIDENCE;BUREAU_RECENT_CREDIT_ACTIVITY_EVIDENCE;BUREAU_CREDIT_HISTORY_QUALITY_EVIDENCE
HC_HELDOUT_0000498,0.1144749213162892,Reject,0.1640177555930791,Reject,0.1640177555930791,Reject,False,False,True,True,0.0,0.0,,
HC_HELDOUT_0000499,0.0344735638807006,Approve,0.0317484993696865,Approve,0.0327185065543918,Approve,False,False,True,True,1.0,1.0,REPAYMENT_PERFORMANCE_QUALITY_EVIDENCE,BUREAU_CREDIT_HISTORY_QUALITY_EVIDENCE
HC_HELDOUT_0000500,0.0190743559676335,Approve,0.0185416799758183,Approve,0.0185416799758183,Approve,False,False,True,True,0.0,0.0,,
HC_HELDOUT_0000501,0.0151591783738062,Approve,0.0181558222280735,Approve,0.0181558222280735,Approve,False,False,True,True,0.0,0.0,,
HC_HELDOUT_0000502,0.0504836904166549,Approve,0.0504836904166549,Approve,0.0504836904166549,Approve,False,False,False,False,5.0,5.0,REPAYMENT_PERFORMANCE_QUALITY_EVIDENCE;BUREAU_ACTIVE_CREDIT_CAPACITY_EVIDENCE;BUREAU_CREDIT_HISTORY_QUALITY_EVIDENCE;BUREAU_RECENT_CREDIT_ACTIVITY_EVIDENCE;REPAYMENT_PRIOR_CREDIT_EXPERIENCE_EVIDENCE,BUREAU_ACTIVE_CREDIT_CAPACITY_EVIDENCE;BUREAU_RECENT_CREDIT_ACTIVITY_EVIDENCE;REPAYMENT_PRIOR_CREDIT_EXPERIENCE_EVIDENCE;BUREAU_CREDIT_HISTORY_QUALITY_EVIDENCE;REPAYMENT_PERFORMANCE_QUALITY_EVIDENCE
HC_HELDOUT_0000503,0.1331201952606784,Reject,0.1467288169454197,Reject,0.142488839387667,Reject,False,False,True,True,1.0,4.0,REPAYMENT_PERFORMANCE_QUALITY_EVIDENCE,BUREAU_RECENT_CREDIT_ACTIVITY_EVIDENCE;REPAYMENT_PRIOR_CREDIT_EXPERIENCE_EVIDENCE;BUREAU_CREDIT_HISTORY_QUALITY_EVIDENCE;REPAYMENT_PERFORMANCE_QUALITY_EVIDENCE
HC_HELDOUT_0000504,0.0396014709002112,Approve,0.0396014709002112,Approve,0.0396014709002112,Approve,False,False,False,False,5.0,5.0,REPAYMENT_PERFORMANCE_QUALITY_EVIDENCE;BUREAU_ACTIVE_CREDIT_CAPACITY_EVIDENCE;BUREAU_CREDIT_HISTORY_QUALITY_EVIDENCE;BUREAU_RECENT_CREDIT_ACTIVITY_EVIDENCE;REPAYMENT_PRIOR_CREDIT_EXPERIENCE_EVIDENCE,REPAYMENT_PERFORMANCE_QUALITY_EVIDENCE;BUREAU_RECENT_CREDIT_ACTIVITY_EVIDENCE;BUREAU_ACTIVE_CREDIT_CAPACITY_EVIDENCE;REPAYMENT_PRIOR_CREDIT_EXPERIENCE_EVIDENCE;BUREAU_CREDIT_HISTORY_QUALITY_EVIDENCE
HC_HELDOUT_0000505,0.1429092558133514,Reject,0.165272736059799,Reject,0.165272736059799,Reject,False,False,True,True,0.0,0.0,,
HC_HELDOUT_0000506,0.0121362822319333,Approve,0.0219033612316654,Approve,0.0219033612316654,Approve,False,False,True,True,0.0,0.0,,
HC_HELDOUT_0000507,0.1286202767272357,Reject,0.2037080156660617,Reject,0.2037080156660617,Reject,False,False,True,True,0.0,0.0,,
HC_HELDOUT_0000508,0.0418834021351151,Approve,0.0278519381362978,Approve,0.0278519381362978,Approve,False,False,True,True,0.0,0.0,,
HC_HELDOUT_0000509,0.0288004138433385,Approve,0.0317697296415461,Approve,0.0317697296415461,Approve,False,False,True,True,0.0,0.0,,
HC_HELDOUT_0000510,0.0226040407788335,Approve,0.0269587401510511,Approve,0.0269587401510511,Approve,False,False,True,True,0.0,0.0,,
HC_HELDOUT_0000511,0.0401840502765303,Approve,0.0359242007089496,Approve,0.0331612973690892,Approve,False,False,True,True,2.0,4.0,REPAYMENT_PERFORMANCE_QUALITY_EVIDENCE;BUREAU_ACTIVE_CREDIT_CAPACITY_EVIDENCE,BUREAU_RECENT_CREDIT_ACTIVITY_EVIDENCE;BUREAU_CREDIT_HISTORY_QUALITY_EVIDENCE;REPAYMENT_PRIOR_CREDIT_EXPERIENCE_EVIDENCE;BUREAU_ACTIVE_CREDIT_CAPACITY_EVIDENCE
HC_HELDOUT_0000512,0.01711390412764,Approve,0.0170561126884343,Approve,0.0170561126884343,Approve,False,False,True,True,0.0,0.0,,
HC_HELDOUT_0000513,0.1414524389691282,Reject,0.1616447477571928,Reject,0.1559627693811374,Reject,False,False,True,True,1.0,4.0,REPAYMENT_PERFORMANCE_QUALITY_EVIDENCE,REPAYMENT_PRIOR_CREDIT_EXPERIENCE_EVIDENCE;BUREAU_CREDIT_HISTORY_QUALITY_EVIDENCE;BUREAU_RECENT_CREDIT_ACTIVITY_EVIDENCE;REPAYMENT_PERFORMANCE_QUALITY_EVIDENCE
HC_HELDOUT_0000514,0.0640665314697928,Approve,0.0640665314697928,Approve,0.0640665314697928,Approve,False,False,False,False,5.0,5.0,REPAYMENT_PERFORMANCE_QUALITY_EVIDENCE;BUREAU_ACTIVE_CREDIT_CAPACITY_EVIDENCE;BUREAU_CREDIT_HISTORY_QUALITY_EVIDENCE;BUREAU_RECENT_CREDIT_ACTIVITY_EVIDENCE;REPAYMENT_PRIOR_CREDIT_EXPERIENCE_EVIDENCE,BUREAU_ACTIVE_CREDIT_CAPACITY_EVIDENCE;REPAYMENT_PERFORMANCE_QUALITY_EVIDENCE;BUREAU_RECENT_CREDIT_ACTIVITY_EVIDENCE;BUREAU_CREDIT_HISTORY_QUALITY_EVIDENCE;REPAYMENT_PRIOR_CREDIT_EXPERIENCE_EVIDENCE
HC_HELDOUT_0000515,0.0134474704616971,Approve,0.0233636041134365,Approve,0.0233636041134365,Approve,False,False,True,True,0.0,0.0,,
HC_HELDOUT_0000516,0.0185234311325006,Approve,0.0198796118769523,Approve,0.0198796118769523,Approve,False,False,True,True,0.0,0.0,,
HC_HELDOUT_0000517,0.0308332649115049,Approve,0.0249854557207139,Approve,0.0249854557207139,Approve,False,False,True,True,1.0,1.0,REPAYMENT_PERFORMANCE_QUALITY_EVIDENCE,REPAYMENT_PERFORMANCE_QUALITY_EVIDENCE
HC_HELDOUT_0000518,0.1592155944794417,Reject,0.1399219057126404,Reject,0.1399219057126404,Reject,False,False,True,True,0.0,0.0,,
HC_HELDOUT_0000519,0.0971350867250617,Reject,0.0971350867250617,Reject,0.0971350867250617,Reject,False,False,False,False,5.0,5.0,REPAYMENT_PERFORMANCE_QUALITY_EVIDENCE;BUREAU_ACTIVE_CREDIT_CAPACITY_EVIDENCE;BUREAU_CREDIT_HISTORY_QUALITY_EVIDENCE;BUREAU_RECENT_CREDIT_ACTIVITY_EVIDENCE;REPAYMENT_PRIOR_CREDIT_EXPERIENCE_EVIDENCE,BUREAU_ACTIVE_CREDIT_CAPACITY_EVIDENCE;REPAYMENT_PRIOR_CREDIT_EXPERIENCE_EVIDENCE;BUREAU_RECENT_CREDIT_ACTIVITY_EVIDENCE;REPAYMENT_PERFORMANCE_QUALITY_EVIDENCE;BUREAU_CREDIT_HISTORY_QUALITY_EVIDENCE
HC_HELDOUT_0000520,0.0224680115096254,Approve,0.0238968193426018,Approve,0.0238968193426018,Approve,False,False,True,True,0.0,0.0,,
HC_HELDOUT_0000521,0.1579929479656592,Reject,0.1387422257026312,Reject,0.1692390566069762,Reject,False,False,True,True,2.0,2.0,REPAYMENT_PERFORMANCE_QUALITY_EVIDENCE;BUREAU_ACTIVE_CREDIT_CAPACITY_EVIDENCE,REPAYMENT_PRIOR_CREDIT_EXPERIENCE_EVIDENCE;REPAYMENT_PERFORMANCE_QUALITY_EVIDENCE
HC_HELDOUT_0000522,0.0544571062763006,Approve,0.0354983415925528,Approve,0.0354983415925528,Approve,False,False,True,True,0.0,0.0,,
HC_HELDOUT_0000523,0.0226240533231766,Approve,0.0211813779942292,Approve,0.0211813779942292,Approve,False,False,True,True,0.0,0.0,,
HC_HELDOUT_0000524,0.0195156081659041,Approve,0.0198295416651825,Approve,0.0198295416651825,Approve,False,False,True,True,0.0,0.0,,
HC_HELDOUT_0000525,0.0704651115675825,Approve,0.0704651115675825,Approve,0.0704651115675825,Approve,False,False,False,False,5.0,5.0,REPAYMENT_PERFORMANCE_QUALITY_EVIDENCE;BUREAU_ACTIVE_CREDIT_CAPACITY_EVIDENCE;BUREAU_CREDIT_HISTORY_QUALITY_EVIDENCE;BUREAU_RECENT_CREDIT_ACTIVITY_EVIDENCE;REPAYMENT_PRIOR_CREDIT_EXPERIENCE_EVIDENCE,BUREAU_CREDIT_HISTORY_QUALITY_EVIDENCE;BUREAU_ACTIVE_CREDIT_CAPACITY_EVIDENCE;BUREAU_RECENT_CREDIT_ACTIVITY_EVIDENCE;REPAYMENT_PERFORMANCE_QUALITY_EVIDENCE;REPAYMENT_PRIOR_CREDIT_EXPERIENCE_EVIDENCE
HC_HELDOUT_0000526,0.0192101776761295,Approve,0.0211813779942292,Approve,0.0211813779942292,Approve,False,False,True,True,0.0,0.0,,
HC_HELDOUT_0000527,0.1381260460726765,Reject,0.1508213109101454,Reject,0.1378993402098869,Reject,False,False,True,True,1.0,1.0,REPAYMENT_PERFORMANCE_QUALITY_EVIDENCE,BUREAU_ACTIVE_CREDIT_CAPACITY_EVIDENCE
HC_HELDOUT_0000528,0.0253219952455555,Approve,0.0181690578834225,Approve,0.0181690578834225,Approve,False,False,True,True,0.0,0.0,,
HC_HELDOUT_0000529,0.0239230239717019,Approve,0.0268950349271416,Approve,0.0268950349271416,Approve,False,False,True,True,0.0,0.0,,
HC_HELDOUT_0000530,0.0431253272600111,Approve,0.0431253272600111,Approve,0.0431253272600111,Approve,False,False,False,False,5.0,5.0,REPAYMENT_PERFORMANCE_QUALITY_EVIDENCE;BUREAU_ACTIVE_CREDIT_CAPACITY_EVIDENCE;BUREAU_CREDIT_HISTORY_QUALITY_EVIDENCE;BUREAU_RECENT_CREDIT_ACTIVITY_EVIDENCE;REPAYMENT_PRIOR_CREDIT_EXPERIENCE_EVIDENCE,BUREAU_RECENT_CREDIT_ACTIVITY_EVIDENCE;REPAYMENT_PRIOR_CREDIT_EXPERIENCE_EVIDENCE;REPAYMENT_PERFORMANCE_QUALITY_EVIDENCE;BUREAU_CREDIT_HISTORY_QUALITY_EVIDENCE;BUREAU_ACTIVE_CREDIT_CAPACITY_EVIDENCE
HC_HELDOUT_0000531,0.02582994662062,Approve,0.0197823406908118,Approve,0.0197823406908118,Approve,False,False,True,True,0.0,0.0,,
HC_HELDOUT_0000532,0.0541539184755943,Approve,0.0541539184755943,Approve,0.0541539184755943,Approve,False,False,False,False,5.0,5.0,REPAYMENT_PERFORMANCE_QUALITY_EVIDENCE;BUREAU_ACTIVE_CREDIT_CAPACITY_EVIDENCE;BUREAU_CREDIT_HISTORY_QUALITY_EVIDENCE;BUREAU_RECENT_CREDIT_ACTIVITY_EVIDENCE;REPAYMENT_PRIOR_CREDIT_EXPERIENCE_EVIDENCE,BUREAU_RECENT_CREDIT_ACTIVITY_EVIDENCE;REPAYMENT_PRIOR_CREDIT_EXPERIENCE_EVIDENCE;BUREAU_CREDIT_HISTORY_QUALITY_EVIDENCE;REPAYMENT_PERFORMANCE_QUALITY_EVIDENCE;BUREAU_ACTIVE_CREDIT_CAPACITY_EVIDENCE
HC_HELDOUT_0000533,0.0579212347013576,Approve,0.0579212347013576,Approve,0.0579212347013576,Approve,False,False,False,False,5.0,5.0,REPAYMENT_PERFORMANCE_QUALITY_EVIDENCE;BUREAU_ACTIVE_CREDIT_CAPACITY_EVIDENCE;BUREAU_CREDIT_HISTORY_QUALITY_EVIDENCE;BUREAU_RECENT_CREDIT_ACTIVITY_EVIDENCE;REPAYMENT_PRIOR_CREDIT_EXPERIENCE_EVIDENCE,REPAYMENT_PERFORMANCE_QUALITY_EVIDENCE;BUREAU_ACTIVE_CREDIT_CAPACITY_EVIDENCE;BUREAU_CREDIT_HISTORY_QUALITY_EVIDENCE;REPAYMENT_PRIOR_CREDIT_EXPERIENCE_EVIDENCE;BUREAU_RECENT_CREDIT_ACTIVITY_EVIDENCE
HC_HELDOUT_0000534,0.1275656948441377,Reject,0.1447079578253211,Reject,0.1447079578253211,Reject,False,False,True,True,0.0,0.0,,
HC_HELDOUT_0000535,0.0461038335686807,Approve,0.0461038335686807,Approve,0.0461038335686807,Approve,False,False,False,False,5.0,5.0,REPAYMENT_PERFORMANCE_QUALITY_EVIDENCE;BUREAU_ACTIVE_CREDIT_CAPACITY_EVIDENCE;BUREAU_CREDIT_HISTORY_QUALITY_EVIDENCE;BUREAU_RECENT_CREDIT_ACTIVITY_EVIDENCE;REPAYMENT_PRIOR_CREDIT_EXPERIENCE_EVIDENCE,REPAYMENT_PRIOR_CREDIT_EXPERIENCE_EVIDENCE;BUREAU_CREDIT_HISTORY_QUALITY_EVIDENCE;BUREAU_RECENT_CREDIT_ACTIVITY_EVIDENCE;REPAYMENT_PERFORMANCE_QUALITY_EVIDENCE;BUREAU_ACTIVE_CREDIT_CAPACITY_EVIDENCE
HC_HELDOUT_0000536,0.1939895096050236,Reject,0.1381586768822227,Reject,0.1381586768822227,Reject,False,False,True,True,0.0,0.0,,
HC_HELDOUT_0000537,0.0952117475990994,Reject,0.0952117475990994,Reject,0.0952117475990994,Reject,False,False,False,False,5.0,5.0,REPAYMENT_PERFORMANCE_QUALITY_EVIDENCE;BUREAU_ACTIVE_CREDIT_CAPACITY_EVIDENCE;BUREAU_CREDIT_HISTORY_QUALITY_EVIDENCE;BUREAU_RECENT_CREDIT_ACTIVITY_EVIDENCE;REPAYMENT_PRIOR_CREDIT_EXPERIENCE_EVIDENCE,BUREAU_RECENT_CREDIT_ACTIVITY_EVIDENCE;REPAYMENT_PRIOR_CREDIT_EXPERIENCE_EVIDENCE;BUREAU_ACTIVE_CREDIT_CAPACITY_EVIDENCE;BUREAU_CREDIT_HISTORY_QUALITY_EVIDENCE;REPAYMENT_PERFORMANCE_QUALITY_EVIDENCE
HC_HELDOUT_0000538,0.1189629499567031,Reject,0.1459557643871151,Reject,0.1189629499567031,Reject,False,False,True,False,2.0,5.0,REPAYMENT_PERFORMANCE_QUALITY_EVIDENCE;BUREAU_ACTIVE_CREDIT_CAPACITY_EVIDENCE,BUREAU_ACTIVE_CREDIT_CAPACITY_EVIDENCE;REPAYMENT_PRIOR_CREDIT_EXPERIENCE_EVIDENCE;BUREAU_RECENT_CREDIT_ACTIVITY_EVIDENCE;BUREAU_CREDIT_HISTORY_QUALITY_EVIDENCE;REPAYMENT_PERFORMANCE_QUALITY_EVIDENCE
HC_HELDOUT_0000539,0.0917857508911268,Reject,0.0917857508911268,Reject,0.0917857508911268,Reject,False,False,False,False,5.0,5.0,REPAYMENT_PERFORMANCE_QUALITY_EVIDENCE;BUREAU_ACTIVE_CREDIT_CAPACITY_EVIDENCE;BUREAU_CREDIT_HISTORY_QUALITY_EVIDENCE;BUREAU_RECENT_CREDIT_ACTIVITY_EVIDENCE;REPAYMENT_PRIOR_CREDIT_EXPERIENCE_EVIDENCE,REPAYMENT_PRIOR_CREDIT_EXPERIENCE_EVIDENCE;BUREAU_CREDIT_HISTORY_QUALITY_EVIDENCE;REPAYMENT_PERFORMANCE_QUALITY_EVIDENCE;BUREAU_RECENT_CREDIT_ACTIVITY_EVIDENCE;BUREAU_ACTIVE_CREDIT_CAPACITY_EVIDENCE
HC_HELDOUT_0000540,0.0322343715468796,Approve,0.033633541590122,Approve,0.033633541590122,Approve,False,False,True,True,1.0,1.0,REPAYMENT_PERFORMANCE_QUALITY_EVIDENCE,REPAYMENT_PERFORMANCE_QUALITY_EVIDENCE
HC_HELDOUT_0000541,0.1070984462810479,Reject,0.1070984462810479,Reject,0.1070984462810479,Reject,False,False,False,False,5.0,5.0,REPAYMENT_PERFORMANCE_QUALITY_EVIDENCE;BUREAU_ACTIVE_CREDIT_CAPACITY_EVIDENCE;BUREAU_CREDIT_HISTORY_QUALITY_EVIDENCE;BUREAU_RECENT_CREDIT_ACTIVITY_EVIDENCE;REPAYMENT_PRIOR_CREDIT_EXPERIENCE_EVIDENCE,BUREAU_RECENT_CREDIT_ACTIVITY_EVIDENCE;REPAYMENT_PRIOR_CREDIT_EXPERIENCE_EVIDENCE;BUREAU_CREDIT_HISTORY_QUALITY_EVIDENCE;BUREAU_ACTIVE_CREDIT_CAPACITY_EVIDENCE;REPAYMENT_PERFORMANCE_QUALITY_EVIDENCE
HC_HELDOUT_0000542,0.0674980123042989,Approve,0.0674980123042989,Approve,0.0674980123042989,Approve,False,False,False,False,5.0,5.0,REPAYMENT_PERFORMANCE_QUALITY_EVIDENCE;BUREAU_ACTIVE_CREDIT_CAPACITY_EVIDENCE;BUREAU_CREDIT_HISTORY_QUALITY_EVIDENCE;BUREAU_RECENT_CREDIT_ACTIVITY_EVIDENCE;REPAYMENT_PRIOR_CREDIT_EXPERIENCE_EVIDENCE,REPAYMENT_PRIOR_CREDIT_EXPERIENCE_EVIDENCE;BUREAU_CREDIT_HISTORY_QUALITY_EVIDENCE;BUREAU_RECENT_CREDIT_ACTIVITY_EVIDENCE;REPAYMENT_PERFORMANCE_QUALITY_EVIDENCE;BUREAU_ACTIVE_CREDIT_CAPACITY_EVIDENCE
HC_HELDOUT_0000543,0.0237705499781912,Approve,0.0234748165195861,Approve,0.0234748165195861,Approve,False,False,True,True,0.0,0.0,,
HC_HELDOUT_0000544,0.0399394904098753,Approve,0.0399394904098753,Approve,0.0399394904098753,Approve,False,False,False,False,5.0,5.0,REPAYMENT_PERFORMANCE_QUALITY_EVIDENCE;BUREAU_ACTIVE_CREDIT_CAPACITY_EVIDENCE;BUREAU_CREDIT_HISTORY_QUALITY_EVIDENCE;BUREAU_RECENT_CREDIT_ACTIVITY_EVIDENCE;REPAYMENT_PRIOR_CREDIT_EXPERIENCE_EVIDENCE,REPAYMENT_PRIOR_CREDIT_EXPERIENCE_EVIDENCE;BUREAU_RECENT_CREDIT_ACTIVITY_EVIDENCE;BUREAU_CREDIT_HISTORY_QUALITY_EVIDENCE;REPAYMENT_PERFORMANCE_QUALITY_EVIDENCE;BUREAU_ACTIVE_CREDIT_CAPACITY_EVIDENCE
HC_HELDOUT_0000545,0.0307883960244247,Approve,0.0289185646568446,Approve,0.0289185646568446,Approve,False,False,True,True,0.0,0.0,,
HC_HELDOUT_0000546,0.0519148333965646,Approve,0.0519148333965646,Approve,0.0519148333965646,Approve,False,False,False,False,5.0,5.0,REPAYMENT_PERFORMANCE_QUALITY_EVIDENCE;BUREAU_ACTIVE_CREDIT_CAPACITY_EVIDENCE;BUREAU_CREDIT_HISTORY_QUALITY_EVIDENCE;BUREAU_RECENT_CREDIT_ACTIVITY_EVIDENCE;REPAYMENT_PRIOR_CREDIT_EXPERIENCE_EVIDENCE,BUREAU_CREDIT_HISTORY_QUALITY_EVIDENCE;REPAYMENT_PERFORMANCE_QUALITY_EVIDENCE;BUREAU_RECENT_CREDIT_ACTIVITY_EVIDENCE;REPAYMENT_PRIOR_CREDIT_EXPERIENCE_EVIDENCE;BUREAU_ACTIVE_CREDIT_CAPACITY_EVIDENCE
HC_HELDOUT_0000547,0.0371136009354593,Approve,0.0285044447017261,Approve,0.037119311838978,Approve,False,False,True,True,2.0,1.0,REPAYMENT_PERFORMANCE_QUALITY_EVIDENCE;BUREAU_ACTIVE_CREDIT_CAPACITY_EVIDENCE,BUREAU_RECENT_CREDIT_ACTIVITY_EVIDENCE
HC_HELDOUT_0000548,0.0609806707659362,Approve,0.0609806707659362,Approve,0.0609806707659362,Approve,False,False,False,False,5.0,5.0,REPAYMENT_PERFORMANCE_QUALITY_EVIDENCE;BUREAU_ACTIVE_CREDIT_CAPACITY_EVIDENCE;BUREAU_CREDIT_HISTORY_QUALITY_EVIDENCE;BUREAU_RECENT_CREDIT_ACTIVITY_EVIDENCE;REPAYMENT_PRIOR_CREDIT_EXPERIENCE_EVIDENCE,BUREAU_CREDIT_HISTORY_QUALITY_EVIDENCE;BUREAU_ACTIVE_CREDIT_CAPACITY_EVIDENCE;BUREAU_RECENT_CREDIT_ACTIVITY_EVIDENCE;REPAYMENT_PERFORMANCE_QUALITY_EVIDENCE;REPAYMENT_PRIOR_CREDIT_EXPERIENCE_EVIDENCE
HC_HELDOUT_0000549,0.026624238748307,Approve,0.0290914688079846,Approve,0.0290914688079846,Approve,False,False,True,True,0.0,0.0,,
HC_HELDOUT_0000550,0.0350409156228929,Approve,0.0345481612291848,Approve,0.0345481612291848,Approve,False,False,True,True,0.0,0.0,,
HC_HELDOUT_0000551,0.1947701039577123,Reject,0.2033139114168669,Reject,0.2033139114168669,Reject,False,False,True,True,0.0,0.0,,
HC_HELDOUT_0000552,0.1664003729803921,Reject,0.187097091388543,Reject,0.187097091388543,Reject,False,False,True,True,0.0,0.0,,
HC_HELDOUT_0000553,0.0387784951432585,Approve,0.0387784951432585,Approve,0.0347976023897842,Approve,False,False,False,True,5.0,4.0,REPAYMENT_PERFORMANCE_QUALITY_EVIDENCE;BUREAU_ACTIVE_CREDIT_CAPACITY_EVIDENCE;BUREAU_CREDIT_HISTORY_QUALITY_EVIDENCE;BUREAU_RECENT_CREDIT_ACTIVITY_EVIDENCE;REPAYMENT_PRIOR_CREDIT_EXPERIENCE_EVIDENCE,BUREAU_ACTIVE_CREDIT_CAPACITY_EVIDENCE;REPAYMENT_PERFORMANCE_QUALITY_EVIDENCE;BUREAU_RECENT_CREDIT_ACTIVITY_EVIDENCE;REPAYMENT_PRIOR_CREDIT_EXPERIENCE_EVIDENCE
HC_HELDOUT_0000554,0.0889178943864848,Reject,0.0889178943864848,Reject,0.0889178943864848,Reject,False,False,False,False,5.0,5.0,REPAYMENT_PERFORMANCE_QUALITY_EVIDENCE;BUREAU_ACTIVE_CREDIT_CAPACITY_EVIDENCE;BUREAU_CREDIT_HISTORY_QUALITY_EVIDENCE;BUREAU_RECENT_CREDIT_ACTIVITY_EVIDENCE;REPAYMENT_PRIOR_CREDIT_EXPERIENCE_EVIDENCE,BUREAU_ACTIVE_CREDIT_CAPACITY_EVIDENCE;REPAYMENT_PRIOR_CREDIT_EXPERIENCE_EVIDENCE;BUREAU_CREDIT_HISTORY_QUALITY_EVIDENCE;REPAYMENT_PERFORMANCE_QUALITY_EVIDENCE;BUREAU_RECENT_CREDIT_ACTIVITY_EVIDENCE
HC_HELDOUT_0000555,0.0559067159176346,Approve,0.0559067159176346,Approve,0.0559067159176346,Approve,False,False,False,False,5.0,5.0,REPAYMENT_PERFORMANCE_QUALITY_EVIDENCE;BUREAU_ACTIVE_CREDIT_CAPACITY_EVIDENCE;BUREAU_CREDIT_HISTORY_QUALITY_EVIDENCE;BUREAU_RECENT_CREDIT_ACTIVITY_EVIDENCE;REPAYMENT_PRIOR_CREDIT_EXPERIENCE_EVIDENCE,BUREAU_ACTIVE_CREDIT_CAPACITY_EVIDENCE;BUREAU_RECENT_CREDIT_ACTIVITY_EVIDENCE;REPAYMENT_PRIOR_CREDIT_EXPERIENCE_EVIDENCE;REPAYMENT_PERFORMANCE_QUALITY_EVIDENCE;BUREAU_CREDIT_HISTORY_QUALITY_EVIDENCE
HC_HELDOUT_0000556,0.1920817350436532,Reject,0.179079290778147,Reject,0.179079290778147,Reject,False,False,True,True,1.0,1.0,REPAYMENT_PERFORMANCE_QUALITY_EVIDENCE,REPAYMENT_PERFORMANCE_QUALITY_EVIDENCE
HC_HELDOUT_0000557,0.1903270780939076,Reject,0.1706352283042556,Reject,0.1706352283042556,Reject,False,False,True,True,0.0,0.0,,
HC_HELDOUT_0000558,0.0807618486650866,Approve,0.0807618486650866,Approve,0.0807618486650866,Approve,False,False,False,False,5.0,5.0,REPAYMENT_PERFORMANCE_QUALITY_EVIDENCE;BUREAU_ACTIVE_CREDIT_CAPACITY_EVIDENCE;BUREAU_CREDIT_HISTORY_QUALITY_EVIDENCE;BUREAU_RECENT_CREDIT_ACTIVITY_EVIDENCE;REPAYMENT_PRIOR_CREDIT_EXPERIENCE_EVIDENCE,BUREAU_RECENT_CREDIT_ACTIVITY_EVIDENCE;BUREAU_ACTIVE_CREDIT_CAPACITY_EVIDENCE;REPAYMENT_PRIOR_CREDIT_EXPERIENCE_EVIDENCE;REPAYMENT_PERFORMANCE_QUALITY_EVIDENCE;BUREAU_CREDIT_HISTORY_QUALITY_EVIDENCE
HC_HELDOUT_0000559,0.0688969931616823,Approve,0.0688969931616823,Approve,0.0688969931616823,Approve,False,False,False,False,5.0,5.0,REPAYMENT_PERFORMANCE_QUALITY_EVIDENCE;BUREAU_ACTIVE_CREDIT_CAPACITY_EVIDENCE;BUREAU_CREDIT_HISTORY_QUALITY_EVIDENCE;BUREAU_RECENT_CREDIT_ACTIVITY_EVIDENCE;REPAYMENT_PRIOR_CREDIT_EXPERIENCE_EVIDENCE,BUREAU_ACTIVE_CREDIT_CAPACITY_EVIDENCE;BUREAU_RECENT_CREDIT_ACTIVITY_EVIDENCE;BUREAU_CREDIT_HISTORY_QUALITY_EVIDENCE;REPAYMENT_PERFORMANCE_QUALITY_EVIDENCE;REPAYMENT_PRIOR_CREDIT_EXPERIENCE_EVIDENCE
HC_HELDOUT_0000560,0.2472117663003864,Reject,0.1926255684449422,Reject,0.1926255684449422,Reject,False,False,True,True,0.0,0.0,,
HC_HELDOUT_0000561,0.2008264581791442,Reject,0.2018399171450569,Reject,0.2018399171450569,Reject,False,False,True,True,0.0,0.0,,
HC_HELDOUT_0000562,0.0448727066057545,Approve,0.0448727066057545,Approve,0.0448727066057545,Approve,False,False,False,False,5.0,5.0,REPAYMENT_PERFORMANCE_QUALITY_EVIDENCE;BUREAU_ACTIVE_CREDIT_CAPACITY_EVIDENCE;BUREAU_CREDIT_HISTORY_QUALITY_EVIDENCE;BUREAU_RECENT_CREDIT_ACTIVITY_EVIDENCE;REPAYMENT_PRIOR_CREDIT_EXPERIENCE_EVIDENCE,REPAYMENT_PRIOR_CREDIT_EXPERIENCE_EVIDENCE;BUREAU_CREDIT_HISTORY_QUALITY_EVIDENCE;BUREAU_ACTIVE_CREDIT_CAPACITY_EVIDENCE;REPAYMENT_PERFORMANCE_QUALITY_EVIDENCE;BUREAU_RECENT_CREDIT_ACTIVITY_EVIDENCE
HC_HELDOUT_0000563,0.1592285886187926,Reject,0.2198231562135669,Reject,0.2198231562135669,Reject,False,False,True,True,0.0,0.0,,
HC_HELDOUT_0000564,0.0594170279451686,Approve,0.0594170279451686,Approve,0.0594170279451686,Approve,False,False,False,False,5.0,5.0,REPAYMENT_PERFORMANCE_QUALITY_EVIDENCE;BUREAU_ACTIVE_CREDIT_CAPACITY_EVIDENCE;BUREAU_CREDIT_HISTORY_QUALITY_EVIDENCE;BUREAU_RECENT_CREDIT_ACTIVITY_EVIDENCE;REPAYMENT_PRIOR_CREDIT_EXPERIENCE_EVIDENCE,BUREAU_ACTIVE_CREDIT_CAPACITY_EVIDENCE;BUREAU_RECENT_CREDIT_ACTIVITY_EVIDENCE;BUREAU_CREDIT_HISTORY_QUALITY_EVIDENCE;REPAYMENT_PRIOR_CREDIT_EXPERIENCE_EVIDENCE;REPAYMENT_PERFORMANCE_QUALITY_EVIDENCE
HC_HELDOUT_0000565,0.0628444206842648,Approve,0.0628444206842648,Approve,0.0628444206842648,Approve,False,False,False,False,5.0,5.0,REPAYMENT_PERFORMANCE_QUALITY_EVIDENCE;BUREAU_ACTIVE_CREDIT_CAPACITY_EVIDENCE;BUREAU_CREDIT_HISTORY_QUALITY_EVIDENCE;BUREAU_RECENT_CREDIT_ACTIVITY_EVIDENCE;REPAYMENT_PRIOR_CREDIT_EXPERIENCE_EVIDENCE,BUREAU_ACTIVE_CREDIT_CAPACITY_EVIDENCE;BUREAU_RECENT_CREDIT_ACTIVITY_EVIDENCE;BUREAU_CREDIT_HISTORY_QUALITY_EVIDENCE;REPAYMENT_PERFORMANCE_QUALITY_EVIDENCE;REPAYMENT_PRIOR_CREDIT_EXPERIENCE_EVIDENCE
HC_HELDOUT_0000566,0.1401039396031038,Reject,0.1668731514553823,Reject,0.1668731514553823,Reject,False,False,True,True,0.0,0.0,,
HC_HELDOUT_0000567,0.0242656962667804,Approve,0.0232791466592552,Approve,0.0232791466592552,Approve,False,False,True,True,0.0,0.0,,
HC_HELDOUT_0000568,0.0226310238430451,Approve,0.0337177167868191,Approve,0.0337177167868191,Approve,False,False,True,True,0.0,0.0,,
HC_HELDOUT_0000569,0.0240240714293166,Approve,0.0352391432164869,Approve,0.0342751279779329,Approve,False,False,True,True,2.0,1.0,REPAYMENT_PERFORMANCE_QUALITY_EVIDENCE;BUREAU_ACTIVE_CREDIT_CAPACITY_EVIDENCE,BUREAU_ACTIVE_CREDIT_CAPACITY_EVIDENCE
HC_HELDOUT_0000570,0.1051857203044289,Reject,0.1497003359988668,Reject,0.1051857203044289,Reject,False,False,True,False,1.0,5.0,REPAYMENT_PERFORMANCE_QUALITY_EVIDENCE,BUREAU_ACTIVE_CREDIT_CAPACITY_EVIDENCE;BUREAU_RECENT_CREDIT_ACTIVITY_EVIDENCE;BUREAU_CREDIT_HISTORY_QUALITY_EVIDENCE;REPAYMENT_PERFORMANCE_QUALITY_EVIDENCE;REPAYMENT_PRIOR_CREDIT_EXPERIENCE_EVIDENCE
HC_HELDOUT_0000571,0.096354406863486,Reject,0.096354406863486,Reject,0.096354406863486,Reject,False,False,False,False,5.0,5.0,REPAYMENT_PERFORMANCE_QUALITY_EVIDENCE;BUREAU_ACTIVE_CREDIT_CAPACITY_EVIDENCE;BUREAU_CREDIT_HISTORY_QUALITY_EVIDENCE;BUREAU_RECENT_CREDIT_ACTIVITY_EVIDENCE;REPAYMENT_PRIOR_CREDIT_EXPERIENCE_EVIDENCE,REPAYMENT_PERFORMANCE_QUALITY_EVIDENCE;BUREAU_CREDIT_HISTORY_QUALITY_EVIDENCE;BUREAU_RECENT_CREDIT_ACTIVITY_EVIDENCE;BUREAU_ACTIVE_CREDIT_CAPACITY_EVIDENCE;REPAYMENT_PRIOR_CREDIT_EXPERIENCE_EVIDENCE
HC_HELDOUT_0000572,0.1566703017144234,Reject,0.2022318894738626,Reject,0.2022318894738626,Reject,False,False,True,True,0.0,0.0,,
HC_HELDOUT_0000573,0.016679898134458,Approve,0.0241030185934349,Approve,0.0241030185934349,Approve,False,False,True,True,1.0,1.0,REPAYMENT_PERFORMANCE_QUALITY_EVIDENCE,REPAYMENT_PERFORMANCE_QUALITY_EVIDENCE
HC_HELDOUT_0000574,0.0319652250972709,Approve,0.0288503655558518,Approve,0.0288503655558518,Approve,False,False,True,True,0.0,0.0,,
HC_HELDOUT_0000575,0.0306764857824162,Approve,0.0292811211979216,Approve,0.0292811211979216,Approve,False,False,True,True,0.0,0.0,,
HC_HELDOUT_0000576,0.0142421809771119,Approve,0.0232239290202066,Approve,0.0232239290202066,Approve,False,False,True,True,0.0,0.0,,
HC_HELDOUT_0000577,0.1214490897823897,Reject,0.153379328167836,Reject,0.1469812985157499,Reject,False,False,True,True,1.0,4.0,REPAYMENT_PERFORMANCE_QUALITY_EVIDENCE,BUREAU_RECENT_CREDIT_ACTIVITY_EVIDENCE;REPAYMENT_PRIOR_CREDIT_EXPERIENCE_EVIDENCE;BUREAU_ACTIVE_CREDIT_CAPACITY_EVIDENCE;REPAYMENT_PERFORMANCE_QUALITY_EVIDENCE
HC_HELDOUT_0000578,0.0891646032303495,Reject,0.0891646032303495,Reject,0.0891646032303495,Reject,False,False,False,False,5.0,5.0,REPAYMENT_PERFORMANCE_QUALITY_EVIDENCE;BUREAU_ACTIVE_CREDIT_CAPACITY_EVIDENCE;BUREAU_CREDIT_HISTORY_QUALITY_EVIDENCE;BUREAU_RECENT_CREDIT_ACTIVITY_EVIDENCE;REPAYMENT_PRIOR_CREDIT_EXPERIENCE_EVIDENCE,BUREAU_CREDIT_HISTORY_QUALITY_EVIDENCE;REPAYMENT_PRIOR_CREDIT_EXPERIENCE_EVIDENCE;BUREAU_RECENT_CREDIT_ACTIVITY_EVIDENCE;BUREAU_ACTIVE_CREDIT_CAPACITY_EVIDENCE;REPAYMENT_PERFORMANCE_QUALITY_EVIDENCE
HC_HELDOUT_0000579,0.034065740701337,Approve,0.0219033612316654,Approve,0.0219033612316654,Approve,False,False,True,True,0.0,0.0,,
HC_HELDOUT_0000580,0.0877602767419418,Reject,0.0877602767419418,Reject,0.0877602767419418,Reject,False,False,False,False,5.0,5.0,REPAYMENT_PERFORMANCE_QUALITY_EVIDENCE;BUREAU_ACTIVE_CREDIT_CAPACITY_EVIDENCE;BUREAU_CREDIT_HISTORY_QUALITY_EVIDENCE;BUREAU_RECENT_CREDIT_ACTIVITY_EVIDENCE;REPAYMENT_PRIOR_CREDIT_EXPERIENCE_EVIDENCE,BUREAU_ACTIVE_CREDIT_CAPACITY_EVIDENCE;BUREAU_RECENT_CREDIT_ACTIVITY_EVIDENCE;REPAYMENT_PRIOR_CREDIT_EXPERIENCE_EVIDENCE;BUREAU_CREDIT_HISTORY_QUALITY_EVIDENCE;REPAYMENT_PERFORMANCE_QUALITY_EVIDENCE
HC_HELDOUT_0000581,0.0222859330400633,Approve,0.0345481612291848,Approve,0.0345481612291848,Approve,False,False,True,True,0.0,0.0,,
HC_HELDOUT_0000582,0.0375650600551804,Approve,0.0292811211979216,Approve,0.0292811211979216,Approve,False,False,True,True,0.0,0.0,,
HC_HELDOUT_0000583,0.0769686579169351,Approve,0.0769686579169351,Approve,0.0769686579169351,Approve,False,False,False,False,5.0,5.0,REPAYMENT_PERFORMANCE_QUALITY_EVIDENCE;BUREAU_ACTIVE_CREDIT_CAPACITY_EVIDENCE;BUREAU_CREDIT_HISTORY_QUALITY_EVIDENCE;BUREAU_RECENT_CREDIT_ACTIVITY_EVIDENCE;REPAYMENT_PRIOR_CREDIT_EXPERIENCE_EVIDENCE,BUREAU_CREDIT_HISTORY_QUALITY_EVIDENCE;BUREAU_RECENT_CREDIT_ACTIVITY_EVIDENCE;REPAYMENT_PRIOR_CREDIT_EXPERIENCE_EVIDENCE;BUREAU_ACTIVE_CREDIT_CAPACITY_EVIDENCE;REPAYMENT_PERFORMANCE_QUALITY_EVIDENCE
HC_HELDOUT_0000584,0.0274491948036931,Approve,0.0370101183985208,Approve,0.0370101183985208,Approve,False,False,True,True,0.0,0.0,,
HC_HELDOUT_0000585,0.2623133355802874,Reject,0.1538741575029781,Reject,0.1538741575029781,Reject,False,False,True,True,0.0,0.0,,
HC_HELDOUT_0000586,0.0196918699121019,Approve,0.0236287440801725,Approve,0.0236287440801725,Approve,False,False,True,True,0.0,0.0,,
HC_HELDOUT_0000587,0.0409039613381477,Approve,0.0409039613381477,Approve,0.034800264169944,Approve,False,False,False,True,5.0,4.0,REPAYMENT_PERFORMANCE_QUALITY_EVIDENCE;BUREAU_ACTIVE_CREDIT_CAPACITY_EVIDENCE;BUREAU_CREDIT_HISTORY_QUALITY_EVIDENCE;BUREAU_RECENT_CREDIT_ACTIVITY_EVIDENCE;REPAYMENT_PRIOR_CREDIT_EXPERIENCE_EVIDENCE,BUREAU_ACTIVE_CREDIT_CAPACITY_EVIDENCE;BUREAU_CREDIT_HISTORY_QUALITY_EVIDENCE;REPAYMENT_PERFORMANCE_QUALITY_EVIDENCE;REPAYMENT_PRIOR_CREDIT_EXPERIENCE_EVIDENCE
HC_HELDOUT_0000588,0.0371288025193993,Approve,0.0345729261660335,Approve,0.0345729261660335,Approve,False,False,True,True,0.0,0.0,,
HC_HELDOUT_0000589,0.0156806567260066,Approve,0.0202865902059904,Approve,0.0202865902059904,Approve,False,False,True,True,0.0,0.0,,
HC_HELDOUT_0000590,0.1720912945972263,Reject,0.143881503998363,Reject,0.143881503998363,Reject,False,False,True,True,0.0,0.0,,
HC_HELDOUT_0000591,0.0377281229271971,Approve,0.0336438131735033,Approve,0.0344753093436411,Approve,False,False,True,True,1.0,1.0,REPAYMENT_PERFORMANCE_QUALITY_EVIDENCE,REPAYMENT_PRIOR_CREDIT_EXPERIENCE_EVIDENCE
HC_HELDOUT_0000592,0.0239760712156885,Approve,0.0205664629027565,Approve,0.0205664629027565,Approve,False,False,True,True,0.0,0.0,,
HC_HELDOUT_0000593,0.0280896184102282,Approve,0.0321366022947509,Approve,0.0321366022947509,Approve,False,False,True,True,1.0,1.0,REPAYMENT_PERFORMANCE_QUALITY_EVIDENCE,REPAYMENT_PERFORMANCE_QUALITY_EVIDENCE
HC_HELDOUT_0000594,0.2241859957826017,Reject,0.1867275876457087,Reject,0.1867275876457087,Reject,False,False,True,True,0.0,0.0,,
HC_HELDOUT_0000595,0.0480527287965875,Approve,0.0480527287965875,Approve,0.0480527287965875,Approve,False,False,False,False,5.0,5.0,REPAYMENT_PERFORMANCE_QUALITY_EVIDENCE;BUREAU_ACTIVE_CREDIT_CAPACITY_EVIDENCE;BUREAU_CREDIT_HISTORY_QUALITY_EVIDENCE;BUREAU_RECENT_CREDIT_ACTIVITY_EVIDENCE;REPAYMENT_PRIOR_CREDIT_EXPERIENCE_EVIDENCE,BUREAU_RECENT_CREDIT_ACTIVITY_EVIDENCE;BUREAU_CREDIT_HISTORY_QUALITY_EVIDENCE;REPAYMENT_PRIOR_CREDIT_EXPERIENCE_EVIDENCE;BUREAU_ACTIVE_CREDIT_CAPACITY_EVIDENCE;REPAYMENT_PERFORMANCE_QUALITY_EVIDENCE
HC_HELDOUT_0000596,0.2098674374426233,Reject,0.1725380661980665,Reject,0.1725380661980665,Reject,False,False,True,True,0.0,0.0,,
HC_HELDOUT_0000597,0.1650836226802027,Reject,0.1820907459833536,Reject,0.1820907459833536,Reject,False,False,True,True,0.0,0.0,,
HC_HELDOUT_0000598,0.0234038866046653,Approve,0.0168231890545276,Approve,0.0168231890545276,Approve,False,False,True,True,0.0,0.0,,
HC_HELDOUT_0000599,0.1683370705721053,Reject,0.1912961714250869,Reject,0.1912961714250869,Reject,False,False,True,True,0.0,0.0,,
HC_HELDOUT_0000600,0.0447094624586793,Approve,0.0447094624586793,Approve,0.0447094624586793,Approve,False,False,False,False,5.0,5.0,REPAYMENT_PERFORMANCE_QUALITY_EVIDENCE;BUREAU_ACTIVE_CREDIT_CAPACITY_EVIDENCE;BUREAU_CREDIT_HISTORY_QUALITY_EVIDENCE;BUREAU_RECENT_CREDIT_ACTIVITY_EVIDENCE;REPAYMENT_PRIOR_CREDIT_EXPERIENCE_EVIDENCE,BUREAU_CREDIT_HISTORY_QUALITY_EVIDENCE;REPAYMENT_PERFORMANCE_QUALITY_EVIDENCE;REPAYMENT_PRIOR_CREDIT_EXPERIENCE_EVIDENCE;BUREAU_ACTIVE_CREDIT_CAPACITY_EVIDENCE;BUREAU_RECENT_CREDIT_ACTIVITY_EVIDENCE
HC_HELDOUT_0000601,0.0249836347802986,Approve,0.0345481612291848,Approve,0.0345481612291848,Approve,False,False,True,True,0.0,0.0,,
HC_HELDOUT_0000602,0.0196632898068362,Approve,0.0280932099650493,Approve,0.0280932099650493,Approve,False,False,True,True,0.0,0.0,,
HC_HELDOUT_0000603,0.1909080733803168,Reject,0.1665493021728198,Reject,0.1665493021728198,Reject,False,False,True,True,1.0,1.0,REPAYMENT_PERFORMANCE_QUALITY_EVIDENCE,REPAYMENT_PERFORMANCE_QUALITY_EVIDENCE
HC_HELDOUT_0000604,0.0271438558388003,Approve,0.0307813187108203,Approve,0.0307813187108203,Approve,False,False,True,True,0.0,0.0,,
HC_HELDOUT_0000605,0.0169658728770059,Approve,0.021991809989356,Approve,0.021991809989356,Approve,False,False,True,True,0.0,0.0,,
HC_HELDOUT_0000606,0.2496929502885742,Reject,0.2022318894738626,Reject,0.2022318894738626,Reject,False,False,True,True,0.0,0.0,,
HC_HELDOUT_0000607,0.0242636473067292,Approve,0.0343980483563677,Approve,0.0343980483563677,Approve,False,False,True,True,0.0,0.0,,
HC_HELDOUT_0000608,0.0140557886350929,Approve,0.0278519381362978,Approve,0.0278519381362978,Approve,False,False,True,True,0.0,0.0,,
HC_HELDOUT_0000609,0.035637292669262,Approve,0.0340755745389975,Approve,0.0369494843212226,Approve,False,False,True,True,4.0,3.0,REPAYMENT_PERFORMANCE_QUALITY_EVIDENCE;BUREAU_ACTIVE_CREDIT_CAPACITY_EVIDENCE;BUREAU_CREDIT_HISTORY_QUALITY_EVIDENCE;BUREAU_RECENT_CREDIT_ACTIVITY_EVIDENCE,REPAYMENT_PERFORMANCE_QUALITY_EVIDENCE;BUREAU_ACTIVE_CREDIT_CAPACITY_EVIDENCE;BUREAU_RECENT_CREDIT_ACTIVITY_EVIDENCE
HC_HELDOUT_0000610,0.1012948567928844,Reject,0.1012948567928844,Reject,0.1012948567928844,Reject,False,False,False,False,5.0,5.0,REPAYMENT_PERFORMANCE_QUALITY_EVIDENCE;BUREAU_ACTIVE_CREDIT_CAPACITY_EVIDENCE;BUREAU_CREDIT_HISTORY_QUALITY_EVIDENCE;BUREAU_RECENT_CREDIT_ACTIVITY_EVIDENCE;REPAYMENT_PRIOR_CREDIT_EXPERIENCE_EVIDENCE,REPAYMENT_PERFORMANCE_QUALITY_EVIDENCE;BUREAU_RECENT_CREDIT_ACTIVITY_EVIDENCE;BUREAU_CREDIT_HISTORY_QUALITY_EVIDENCE;REPAYMENT_PRIOR_CREDIT_EXPERIENCE_EVIDENCE;BUREAU_ACTIVE_CREDIT_CAPACITY_EVIDENCE
HC_HELDOUT_0000611,0.0243251660719467,Approve,0.028528345361521,Approve,0.028528345361521,Approve,False,False,True,True,0.0,0.0,,
HC_HELDOUT_0000612,0.036145489982777,Approve,0.0368807786679755,Approve,0.0339623896450434,Approve,False,False,True,True,2.0,1.0,REPAYMENT_PERFORMANCE_QUALITY_EVIDENCE;BUREAU_ACTIVE_CREDIT_CAPACITY_EVIDENCE,REPAYMENT_PRIOR_CREDIT_EXPERIENCE_EVIDENCE
HC_HELDOUT_0000613,0.1011521161187791,Reject,0.1011521161187791,Reject,0.1011521161187791,Reject,False,False,False,False,5.0,5.0,REPAYMENT_PERFORMANCE_QUALITY_EVIDENCE;BUREAU_ACTIVE_CREDIT_CAPACITY_EVIDENCE;BUREAU_CREDIT_HISTORY_QUALITY_EVIDENCE;BUREAU_RECENT_CREDIT_ACTIVITY_EVIDENCE;REPAYMENT_PRIOR_CREDIT_EXPERIENCE_EVIDENCE,REPAYMENT_PRIOR_CREDIT_EXPERIENCE_EVIDENCE;BUREAU_ACTIVE_CREDIT_CAPACITY_EVIDENCE;REPAYMENT_PERFORMANCE_QUALITY_EVIDENCE;BUREAU_CREDIT_HISTORY_QUALITY_EVIDENCE;BUREAU_RECENT_CREDIT_ACTIVITY_EVIDENCE
HC_HELDOUT_0000614,0.0914246331078117,Reject,0.0914246331078117,Reject,0.0914246331078117,Reject,False,False,False,False,5.0,5.0,REPAYMENT_PERFORMANCE_QUALITY_EVIDENCE;BUREAU_ACTIVE_CREDIT_CAPACITY_EVIDENCE;BUREAU_CREDIT_HISTORY_QUALITY_EVIDENCE;BUREAU_RECENT_CREDIT_ACTIVITY_EVIDENCE;REPAYMENT_PRIOR_CREDIT_EXPERIENCE_EVIDENCE,REPAYMENT_PRIOR_CREDIT_EXPERIENCE_EVIDENCE;BUREAU_RECENT_CREDIT_ACTIVITY_EVIDENCE;BUREAU_CREDIT_HISTORY_QUALITY_EVIDENCE;REPAYMENT_PERFORMANCE_QUALITY_EVIDENCE;BUREAU_ACTIVE_CREDIT_CAPACITY_EVIDENCE
HC_HELDOUT_0000615,0.0522495863272309,Approve,0.0251879257135856,Approve,0.0251879257135856,Approve,False,False,True,True,0.0,0.0,,
HC_HELDOUT_0000616,0.0302765555125733,Approve,0.0187531494717857,Approve,0.0187531494717857,Approve,False,False,True,True,0.0,0.0,,
HC_HELDOUT_0000617,0.0654342389287468,Approve,0.0654342389287468,Approve,0.0654342389287468,Approve,False,False,False,False,5.0,5.0,REPAYMENT_PERFORMANCE_QUALITY_EVIDENCE;BUREAU_ACTIVE_CREDIT_CAPACITY_EVIDENCE;BUREAU_CREDIT_HISTORY_QUALITY_EVIDENCE;BUREAU_RECENT_CREDIT_ACTIVITY_EVIDENCE;REPAYMENT_PRIOR_CREDIT_EXPERIENCE_EVIDENCE,BUREAU_CREDIT_HISTORY_QUALITY_EVIDENCE;REPAYMENT_PERFORMANCE_QUALITY_EVIDENCE;REPAYMENT_PRIOR_CREDIT_EXPERIENCE_EVIDENCE;BUREAU_RECENT_CREDIT_ACTIVITY_EVIDENCE;BUREAU_ACTIVE_CREDIT_CAPACITY_EVIDENCE
HC_HELDOUT_0000618,0.1099279384879867,Reject,0.1099279384879867,Reject,0.1099279384879867,Reject,False,False,False,False,5.0,5.0,REPAYMENT_PERFORMANCE_QUALITY_EVIDENCE;BUREAU_ACTIVE_CREDIT_CAPACITY_EVIDENCE;BUREAU_CREDIT_HISTORY_QUALITY_EVIDENCE;BUREAU_RECENT_CREDIT_ACTIVITY_EVIDENCE;REPAYMENT_PRIOR_CREDIT_EXPERIENCE_EVIDENCE,REPAYMENT_PRIOR_CREDIT_EXPERIENCE_EVIDENCE;BUREAU_ACTIVE_CREDIT_CAPACITY_EVIDENCE;REPAYMENT_PERFORMANCE_QUALITY_EVIDENCE;BUREAU_CREDIT_HISTORY_QUALITY_EVIDENCE;BUREAU_RECENT_CREDIT_ACTIVITY_EVIDENCE
HC_HELDOUT_0000619,0.0412916999886813,Approve,0.0412916999886813,Approve,0.030691475873136,Approve,False,False,False,True,5.0,4.0,REPAYMENT_PERFORMANCE_QUALITY_EVIDENCE;BUREAU_ACTIVE_CREDIT_CAPACITY_EVIDENCE;BUREAU_CREDIT_HISTORY_QUALITY_EVIDENCE;BUREAU_RECENT_CREDIT_ACTIVITY_EVIDENCE;REPAYMENT_PRIOR_CREDIT_EXPERIENCE_EVIDENCE,REPAYMENT_PRIOR_CREDIT_EXPERIENCE_EVIDENCE;BUREAU_RECENT_CREDIT_ACTIVITY_EVIDENCE;BUREAU_CREDIT_HISTORY_QUALITY_EVIDENCE;BUREAU_ACTIVE_CREDIT_CAPACITY_EVIDENCE
HC_HELDOUT_0000620,0.0156657985304393,Approve,0.0218513339185368,Approve,0.0218513339185368,Approve,False,False,True,True,0.0,0.0,,
HC_HELDOUT_0000621,0.0250194076897922,Approve,0.0230725762769006,Approve,0.0230725762769006,Approve,False,False,True,True,0.0,0.0,,
HC_HELDOUT_0000622,0.068346737839193,Approve,0.068346737839193,Approve,0.068346737839193,Approve,False,False,False,False,5.0,5.0,REPAYMENT_PERFORMANCE_QUALITY_EVIDENCE;BUREAU_ACTIVE_CREDIT_CAPACITY_EVIDENCE;BUREAU_CREDIT_HISTORY_QUALITY_EVIDENCE;BUREAU_RECENT_CREDIT_ACTIVITY_EVIDENCE;REPAYMENT_PRIOR_CREDIT_EXPERIENCE_EVIDENCE,REPAYMENT_PRIOR_CREDIT_EXPERIENCE_EVIDENCE;BUREAU_CREDIT_HISTORY_QUALITY_EVIDENCE;BUREAU_ACTIVE_CREDIT_CAPACITY_EVIDENCE;REPAYMENT_PERFORMANCE_QUALITY_EVIDENCE;BUREAU_RECENT_CREDIT_ACTIVITY_EVIDENCE
HC_HELDOUT_0000623,0.032350111488493,Approve,0.0187084617685347,Approve,0.0187084617685347,Approve,False,False,True,True,0.0,0.0,,
HC_HELDOUT_0000624,0.2931346820898027,Reject,0.2217077860524299,Reject,0.2217077860524299,Reject,False,False,True,True,0.0,0.0,,
HC_HELDOUT_0000625,0.1228009501143632,Reject,0.1228009501143632,Reject,0.1228009501143632,Reject,False,False,False,False,5.0,5.0,REPAYMENT_PERFORMANCE_QUALITY_EVIDENCE;BUREAU_ACTIVE_CREDIT_CAPACITY_EVIDENCE;BUREAU_CREDIT_HISTORY_QUALITY_EVIDENCE;BUREAU_RECENT_CREDIT_ACTIVITY_EVIDENCE;REPAYMENT_PRIOR_CREDIT_EXPERIENCE_EVIDENCE,REPAYMENT_PRIOR_CREDIT_EXPERIENCE_EVIDENCE;REPAYMENT_PERFORMANCE_QUALITY_EVIDENCE;BUREAU_ACTIVE_CREDIT_CAPACITY_EVIDENCE;BUREAU_RECENT_CREDIT_ACTIVITY_EVIDENCE;BUREAU_CREDIT_HISTORY_QUALITY_EVIDENCE
HC_HELDOUT_0000626,0.1620605484898626,Reject,0.1881172308682833,Reject,0.1881172308682833,Reject,False,False,True,True,0.0,0.0,,
HC_HELDOUT_0000627,0.0772684840214099,Approve,0.0772684840214099,Approve,0.0772684840214099,Approve,False,False,False,False,5.0,5.0,REPAYMENT_PERFORMANCE_QUALITY_EVIDENCE;BUREAU_ACTIVE_CREDIT_CAPACITY_EVIDENCE;BUREAU_CREDIT_HISTORY_QUALITY_EVIDENCE;BUREAU_RECENT_CREDIT_ACTIVITY_EVIDENCE;REPAYMENT_PRIOR_CREDIT_EXPERIENCE_EVIDENCE,REPAYMENT_PERFORMANCE_QUALITY_EVIDENCE;BUREAU_ACTIVE_CREDIT_CAPACITY_EVIDENCE;REPAYMENT_PRIOR_CREDIT_EXPERIENCE_EVIDENCE;BUREAU_RECENT_CREDIT_ACTIVITY_EVIDENCE;BUREAU_CREDIT_HISTORY_QUALITY_EVIDENCE
HC_HELDOUT_0000628,0.0554857049833734,Approve,0.0554857049833734,Approve,0.0554857049833734,Approve,False,False,False,False,5.0,5.0,REPAYMENT_PERFORMANCE_QUALITY_EVIDENCE;BUREAU_ACTIVE_CREDIT_CAPACITY_EVIDENCE;BUREAU_CREDIT_HISTORY_QUALITY_EVIDENCE;BUREAU_RECENT_CREDIT_ACTIVITY_EVIDENCE;REPAYMENT_PRIOR_CREDIT_EXPERIENCE_EVIDENCE,BUREAU_CREDIT_HISTORY_QUALITY_EVIDENCE;REPAYMENT_PRIOR_CREDIT_EXPERIENCE_EVIDENCE;BUREAU_RECENT_CREDIT_ACTIVITY_EVIDENCE;REPAYMENT_PERFORMANCE_QUALITY_EVIDENCE;BUREAU_ACTIVE_CREDIT_CAPACITY_EVIDENCE
HC_HELDOUT_0000629,0.0344062571447082,Approve,0.0289544363704073,Approve,0.0289544363704073,Approve,False,False,True,True,0.0,0.0,,
HC_HELDOUT_0000630,0.0815681769892248,Approve,0.0815681769892248,Approve,0.0815681769892248,Approve,False,False,False,False,5.0,5.0,REPAYMENT_PERFORMANCE_QUALITY_EVIDENCE;BUREAU_ACTIVE_CREDIT_CAPACITY_EVIDENCE;BUREAU_CREDIT_HISTORY_QUALITY_EVIDENCE;BUREAU_RECENT_CREDIT_ACTIVITY_EVIDENCE;REPAYMENT_PRIOR_CREDIT_EXPERIENCE_EVIDENCE,BUREAU_RECENT_CREDIT_ACTIVITY_EVIDENCE;BUREAU_CREDIT_HISTORY_QUALITY_EVIDENCE;REPAYMENT_PERFORMANCE_QUALITY_EVIDENCE;REPAYMENT_PRIOR_CREDIT_EXPERIENCE_EVIDENCE;BUREAU_ACTIVE_CREDIT_CAPACITY_EVIDENCE
HC_HELDOUT_0000631,0.0305037967179305,Approve,0.0256399162165102,Approve,0.0256399162165102,Approve,False,False,True,True,0.0,0.0,,
HC_HELDOUT_0000632,0.0243625711524639,Approve,0.0219033612316654,Approve,0.0219033612316654,Approve,False,False,True,True,0.0,0.0,,
HC_HELDOUT_0000633,0.1587505642517075,Reject,0.1780492432986715,Reject,0.1780492432986715,Reject,False,False,True,True,0.0,0.0,,
HC_HELDOUT_0000634,0.0775454448425625,Approve,0.0775454448425625,Approve,0.0775454448425625,Approve,False,False,False,False,5.0,5.0,REPAYMENT_PERFORMANCE_QUALITY_EVIDENCE;BUREAU_ACTIVE_CREDIT_CAPACITY_EVIDENCE;BUREAU_CREDIT_HISTORY_QUALITY_EVIDENCE;BUREAU_RECENT_CREDIT_ACTIVITY_EVIDENCE;REPAYMENT_PRIOR_CREDIT_EXPERIENCE_EVIDENCE,BUREAU_ACTIVE_CREDIT_CAPACITY_EVIDENCE;REPAYMENT_PRIOR_CREDIT_EXPERIENCE_EVIDENCE;REPAYMENT_PERFORMANCE_QUALITY_EVIDENCE;BUREAU_CREDIT_HISTORY_QUALITY_EVIDENCE;BUREAU_RECENT_CREDIT_ACTIVITY_EVIDENCE
HC_HELDOUT_0000635,0.0168931428323258,Approve,0.0273620482862871,Approve,0.0273620482862871,Approve,False,False,True,True,0.0,0.0,,
HC_HELDOUT_0000636,0.0478435723943252,Approve,0.036354177091304,Approve,0.0478435723943252,Approve,False,False,True,False,2.0,5.0,REPAYMENT_PERFORMANCE_QUALITY_EVIDENCE;BUREAU_ACTIVE_CREDIT_CAPACITY_EVIDENCE,REPAYMENT_PERFORMANCE_QUALITY_EVIDENCE;BUREAU_RECENT_CREDIT_ACTIVITY_EVIDENCE;REPAYMENT_PRIOR_CREDIT_EXPERIENCE_EVIDENCE;BUREAU_CREDIT_HISTORY_QUALITY_EVIDENCE;BUREAU_ACTIVE_CREDIT_CAPACITY_EVIDENCE
HC_HELDOUT_0000637,0.1826871246712512,Reject,0.1492733315455896,Reject,0.1500793476919657,Reject,False,False,True,True,3.0,1.0,REPAYMENT_PERFORMANCE_QUALITY_EVIDENCE;BUREAU_ACTIVE_CREDIT_CAPACITY_EVIDENCE;BUREAU_CREDIT_HISTORY_QUALITY_EVIDENCE,BUREAU_ACTIVE_CREDIT_CAPACITY_EVIDENCE
HC_HELDOUT_0000638,0.0456439926312757,Approve,0.035581581980582,Approve,0.0456439926312757,Approve,False,False,True,False,3.0,5.0,REPAYMENT_PERFORMANCE_QUALITY_EVIDENCE;BUREAU_ACTIVE_CREDIT_CAPACITY_EVIDENCE;BUREAU_CREDIT_HISTORY_QUALITY_EVIDENCE,BUREAU_ACTIVE_CREDIT_CAPACITY_EVIDENCE;REPAYMENT_PERFORMANCE_QUALITY_EVIDENCE;BUREAU_RECENT_CREDIT_ACTIVITY_EVIDENCE;REPAYMENT_PRIOR_CREDIT_EXPERIENCE_EVIDENCE;BUREAU_CREDIT_HISTORY_QUALITY_EVIDENCE
HC_HELDOUT_0000639,0.0533703804848339,Approve,0.0533703804848339,Approve,0.0533703804848339,Approve,False,False,False,False,5.0,5.0,REPAYMENT_PERFORMANCE_QUALITY_EVIDENCE;BUREAU_ACTIVE_CREDIT_CAPACITY_EVIDENCE;BUREAU_CREDIT_HISTORY_QUALITY_EVIDENCE;BUREAU_RECENT_CREDIT_ACTIVITY_EVIDENCE;REPAYMENT_PRIOR_CREDIT_EXPERIENCE_EVIDENCE,REPAYMENT_PRIOR_CREDIT_EXPERIENCE_EVIDENCE;BUREAU_RECENT_CREDIT_ACTIVITY_EVIDENCE;BUREAU_CREDIT_HISTORY_QUALITY_EVIDENCE;BUREAU_ACTIVE_CREDIT_CAPACITY_EVIDENCE;REPAYMENT_PERFORMANCE_QUALITY_EVIDENCE
HC_HELDOUT_0000640,0.0278628466742415,Approve,0.0185416799758183,Approve,0.0185416799758183,Approve,False,False,True,True,0.0,0.0,,
HC_HELDOUT_0000641,0.0167036396922602,Approve,0.019606176781481,Approve,0.019606176781481,Approve,False,False,True,True,0.0,0.0,,
HC_HELDOUT_0000642,0.0152208016015308,Approve,0.0181690578834225,Approve,0.0181690578834225,Approve,False,False,True,True,0.0,0.0,,
HC_HELDOUT_0000643,0.0297429854386043,Approve,0.0223508252664751,Approve,0.0223508252664751,Approve,False,False,True,True,0.0,0.0,,
HC_HELDOUT_0000644,0.0261569421307231,Approve,0.0327275333858182,Approve,0.0327275333858182,Approve,False,False,True,True,0.0,0.0,,
HC_HELDOUT_0000645,0.3037684061377181,Reject,0.2047959080074898,Reject,0.2047959080074898,Reject,False,False,True,True,0.0,0.0,,
HC_HELDOUT_0000646,0.0381254403919304,Approve,0.0339797774888666,Approve,0.0348874845625922,Approve,False,False,True,True,3.0,4.0,REPAYMENT_PERFORMANCE_QUALITY_EVIDENCE;BUREAU_ACTIVE_CREDIT_CAPACITY_EVIDENCE;BUREAU_CREDIT_HISTORY_QUALITY_EVIDENCE,BUREAU_ACTIVE_CREDIT_CAPACITY_EVIDENCE;REPAYMENT_PERFORMANCE_QUALITY_EVIDENCE;REPAYMENT_PRIOR_CREDIT_EXPERIENCE_EVIDENCE;BUREAU_CREDIT_HISTORY_QUALITY_EVIDENCE
HC_HELDOUT_0000647,0.0184774389070312,Approve,0.0212318447885829,Approve,0.0212318447885829,Approve,False,False,True,True,0.0,0.0,,
HC_HELDOUT_0000648,0.1205733729183611,Reject,0.1205733729183611,Reject,0.1205733729183611,Reject,False,False,False,False,5.0,5.0,REPAYMENT_PERFORMANCE_QUALITY_EVIDENCE;BUREAU_ACTIVE_CREDIT_CAPACITY_EVIDENCE;BUREAU_CREDIT_HISTORY_QUALITY_EVIDENCE;BUREAU_RECENT_CREDIT_ACTIVITY_EVIDENCE;REPAYMENT_PRIOR_CREDIT_EXPERIENCE_EVIDENCE,BUREAU_ACTIVE_CREDIT_CAPACITY_EVIDENCE;BUREAU_CREDIT_HISTORY_QUALITY_EVIDENCE;BUREAU_RECENT_CREDIT_ACTIVITY_EVIDENCE;REPAYMENT_PRIOR_CREDIT_EXPERIENCE_EVIDENCE;REPAYMENT_PERFORMANCE_QUALITY_EVIDENCE
HC_HELDOUT_0000649,0.0763439781403614,Approve,0.0763439781403614,Approve,0.0763439781403614,Approve,False,False,False,False,5.0,5.0,REPAYMENT_PERFORMANCE_QUALITY_EVIDENCE;BUREAU_ACTIVE_CREDIT_CAPACITY_EVIDENCE;BUREAU_CREDIT_HISTORY_QUALITY_EVIDENCE;BUREAU_RECENT_CREDIT_ACTIVITY_EVIDENCE;REPAYMENT_PRIOR_CREDIT_EXPERIENCE_EVIDENCE,BUREAU_CREDIT_HISTORY_QUALITY_EVIDENCE;REPAYMENT_PRIOR_CREDIT_EXPERIENCE_EVIDENCE;BUREAU_RECENT_CREDIT_ACTIVITY_EVIDENCE;REPAYMENT_PERFORMANCE_QUALITY_EVIDENCE;BUREAU_ACTIVE_CREDIT_CAPACITY_EVIDENCE
HC_HELDOUT_0000650,0.0289568341880351,Approve,0.0268950349271416,Approve,0.0268950349271416,Approve,False,False,True,True,0.0,0.0,,
HC_HELDOUT_0000651,0.0311313901347536,Approve,0.0367149407751412,Approve,0.0367149407751412,Approve,False,False,True,True,1.0,1.0,REPAYMENT_PERFORMANCE_QUALITY_EVIDENCE,REPAYMENT_PERFORMANCE_QUALITY_EVIDENCE
HC_HELDOUT_0000652,0.0467867916549154,Approve,0.0467867916549154,Approve,0.0467867916549154,Approve,False,False,False,False,5.0,5.0,REPAYMENT_PERFORMANCE_QUALITY_EVIDENCE;BUREAU_ACTIVE_CREDIT_CAPACITY_EVIDENCE;BUREAU_CREDIT_HISTORY_QUALITY_EVIDENCE;BUREAU_RECENT_CREDIT_ACTIVITY_EVIDENCE;REPAYMENT_PRIOR_CREDIT_EXPERIENCE_EVIDENCE,BUREAU_CREDIT_HISTORY_QUALITY_EVIDENCE;BUREAU_ACTIVE_CREDIT_CAPACITY_EVIDENCE;REPAYMENT_PERFORMANCE_QUALITY_EVIDENCE;REPAYMENT_PRIOR_CREDIT_EXPERIENCE_EVIDENCE;BUREAU_RECENT_CREDIT_ACTIVITY_EVIDENCE
HC_HELDOUT_0000653,0.0662716529249441,Approve,0.0662716529249441,Approve,0.0662716529249441,Approve,False,False,False,False,5.0,5.0,REPAYMENT_PERFORMANCE_QUALITY_EVIDENCE;BUREAU_ACTIVE_CREDIT_CAPACITY_EVIDENCE;BUREAU_CREDIT_HISTORY_QUALITY_EVIDENCE;BUREAU_RECENT_CREDIT_ACTIVITY_EVIDENCE;REPAYMENT_PRIOR_CREDIT_EXPERIENCE_EVIDENCE,BUREAU_ACTIVE_CREDIT_CAPACITY_EVIDENCE;BUREAU_RECENT_CREDIT_ACTIVITY_EVIDENCE;BUREAU_CREDIT_HISTORY_QUALITY_EVIDENCE;REPAYMENT_PRIOR_CREDIT_EXPERIENCE_EVIDENCE;REPAYMENT_PERFORMANCE_QUALITY_EVIDENCE
HC_HELDOUT_0000654,0.059086476213427,Approve,0.059086476213427,Approve,0.059086476213427,Approve,False,False,False,False,5.0,5.0,REPAYMENT_PERFORMANCE_QUALITY_EVIDENCE;BUREAU_ACTIVE_CREDIT_CAPACITY_EVIDENCE;BUREAU_CREDIT_HISTORY_QUALITY_EVIDENCE;BUREAU_RECENT_CREDIT_ACTIVITY_EVIDENCE;REPAYMENT_PRIOR_CREDIT_EXPERIENCE_EVIDENCE,BUREAU_RECENT_CREDIT_ACTIVITY_EVIDENCE;REPAYMENT_PERFORMANCE_QUALITY_EVIDENCE;REPAYMENT_PRIOR_CREDIT_EXPERIENCE_EVIDENCE;BUREAU_ACTIVE_CREDIT_CAPACITY_EVIDENCE;BUREAU_CREDIT_HISTORY_QUALITY_EVIDENCE
HC_HELDOUT_0000655,0.0930721508138081,Reject,0.0930721508138081,Reject,0.0930721508138081,Reject,False,False,False,False,5.0,5.0,REPAYMENT_PERFORMANCE_QUALITY_EVIDENCE;BUREAU_ACTIVE_CREDIT_CAPACITY_EVIDENCE;BUREAU_CREDIT_HISTORY_QUALITY_EVIDENCE;BUREAU_RECENT_CREDIT_ACTIVITY_EVIDENCE;REPAYMENT_PRIOR_CREDIT_EXPERIENCE_EVIDENCE,BUREAU_ACTIVE_CREDIT_CAPACITY_EVIDENCE;REPAYMENT_PERFORMANCE_QUALITY_EVIDENCE;REPAYMENT_PRIOR_CREDIT_EXPERIENCE_EVIDENCE;BUREAU_RECENT_CREDIT_ACTIVITY_EVIDENCE;BUREAU_CREDIT_HISTORY_QUALITY_EVIDENCE
HC_HELDOUT_0000656,0.02950527634452,Approve,0.0349607205386112,Approve,0.0349607205386112,Approve,False,False,True,True,0.0,0.0,,
HC_HELDOUT_0000657,0.1415867733029334,Reject,0.1465707674105099,Reject,0.1414732343317778,Reject,False,False,True,True,3.0,1.0,REPAYMENT_PERFORMANCE_QUALITY_EVIDENCE;BUREAU_ACTIVE_CREDIT_CAPACITY_EVIDENCE;BUREAU_CREDIT_HISTORY_QUALITY_EVIDENCE,BUREAU_RECENT_CREDIT_ACTIVITY_EVIDENCE
HC_HELDOUT_0000658,0.1016365339149873,Reject,0.1016365339149873,Reject,0.1016365339149873,Reject,False,False,False,False,5.0,5.0,REPAYMENT_PERFORMANCE_QUALITY_EVIDENCE;BUREAU_ACTIVE_CREDIT_CAPACITY_EVIDENCE;BUREAU_CREDIT_HISTORY_QUALITY_EVIDENCE;BUREAU_RECENT_CREDIT_ACTIVITY_EVIDENCE;REPAYMENT_PRIOR_CREDIT_EXPERIENCE_EVIDENCE,BUREAU_RECENT_CREDIT_ACTIVITY_EVIDENCE;BUREAU_ACTIVE_CREDIT_CAPACITY_EVIDENCE;BUREAU_CREDIT_HISTORY_QUALITY_EVIDENCE;REPAYMENT_PERFORMANCE_QUALITY_EVIDENCE;REPAYMENT_PRIOR_CREDIT_EXPERIENCE_EVIDENCE
HC_HELDOUT_0000659,0.0272409940707535,Approve,0.0291879024251613,Approve,0.0339508807237585,Approve,False,False,True,True,2.0,1.0,REPAYMENT_PERFORMANCE_QUALITY_EVIDENCE;BUREAU_ACTIVE_CREDIT_CAPACITY_EVIDENCE,BUREAU_ACTIVE_CREDIT_CAPACITY_EVIDENCE
HC_HELDOUT_0000660,0.0443426988429264,Approve,0.0320640077062001,Approve,0.0443426988429264,Approve,False,False,True,False,1.0,5.0,REPAYMENT_PERFORMANCE_QUALITY_EVIDENCE,BUREAU_ACTIVE_CREDIT_CAPACITY_EVIDENCE;BUREAU_RECENT_CREDIT_ACTIVITY_EVIDENCE;REPAYMENT_PERFORMANCE_QUALITY_EVIDENCE;REPAYMENT_PRIOR_CREDIT_EXPERIENCE_EVIDENCE;BUREAU_CREDIT_HISTORY_QUALITY_EVIDENCE
HC_HELDOUT_0000661,0.0417835200009608,Approve,0.0417835200009608,Approve,0.0417835200009608,Approve,False,False,False,False,5.0,5.0,REPAYMENT_PERFORMANCE_QUALITY_EVIDENCE;BUREAU_ACTIVE_CREDIT_CAPACITY_EVIDENCE;BUREAU_CREDIT_HISTORY_QUALITY_EVIDENCE;BUREAU_RECENT_CREDIT_ACTIVITY_EVIDENCE;REPAYMENT_PRIOR_CREDIT_EXPERIENCE_EVIDENCE,REPAYMENT_PERFORMANCE_QUALITY_EVIDENCE;REPAYMENT_PRIOR_CREDIT_EXPERIENCE_EVIDENCE;BUREAU_RECENT_CREDIT_ACTIVITY_EVIDENCE;BUREAU_ACTIVE_CREDIT_CAPACITY_EVIDENCE;BUREAU_CREDIT_HISTORY_QUALITY_EVIDENCE
HC_HELDOUT_0000662,0.1489863648362736,Reject,0.1489863648362736,Reject,0.1512788161907904,Reject,False,False,False,True,5.0,2.0,REPAYMENT_PERFORMANCE_QUALITY_EVIDENCE;BUREAU_ACTIVE_CREDIT_CAPACITY_EVIDENCE;BUREAU_CREDIT_HISTORY_QUALITY_EVIDENCE;BUREAU_RECENT_CREDIT_ACTIVITY_EVIDENCE;REPAYMENT_PRIOR_CREDIT_EXPERIENCE_EVIDENCE,BUREAU_ACTIVE_CREDIT_CAPACITY_EVIDENCE;REPAYMENT_PRIOR_CREDIT_EXPERIENCE_EVIDENCE
HC_HELDOUT_0000663,0.2704704247697035,Reject,0.2198231562135669,Reject,0.2198231562135669,Reject,False,False,True,True,0.0,0.0,,
HC_HELDOUT_0000664,0.2432755629567911,Reject,0.1465699992412395,Reject,0.1493558169122072,Reject,False,False,True,True,2.0,1.0,REPAYMENT_PERFORMANCE_QUALITY_EVIDENCE;BUREAU_ACTIVE_CREDIT_CAPACITY_EVIDENCE,BUREAU_CREDIT_HISTORY_QUALITY_EVIDENCE
HC_HELDOUT_0000665,0.0295399702559145,Approve,0.0211813779942292,Approve,0.0211813779942292,Approve,False,False,True,True,0.0,0.0,,
HC_HELDOUT_0000666,0.0374444546216551,Approve,0.0321547228230951,Approve,0.0321547228230951,Approve,False,False,True,True,0.0,0.0,,
HC_HELDOUT_0000667,0.1050630066156282,Reject,0.1050630066156282,Reject,0.1050630066156282,Reject,False,False,False,False,5.0,5.0,REPAYMENT_PERFORMANCE_QUALITY_EVIDENCE;BUREAU_ACTIVE_CREDIT_CAPACITY_EVIDENCE;BUREAU_CREDIT_HISTORY_QUALITY_EVIDENCE;BUREAU_RECENT_CREDIT_ACTIVITY_EVIDENCE;REPAYMENT_PRIOR_CREDIT_EXPERIENCE_EVIDENCE,REPAYMENT_PERFORMANCE_QUALITY_EVIDENCE;BUREAU_CREDIT_HISTORY_QUALITY_EVIDENCE;BUREAU_RECENT_CREDIT_ACTIVITY_EVIDENCE;BUREAU_ACTIVE_CREDIT_CAPACITY_EVIDENCE;REPAYMENT_PRIOR_CREDIT_EXPERIENCE_EVIDENCE
HC_HELDOUT_0000668,0.0150919783001127,Approve,0.0249648504720924,Approve,0.0249648504720924,Approve,False,False,True,True,0.0,0.0,,
HC_HELDOUT_0000669,0.2445823541515809,Reject,0.1668731514553823,Reject,0.1668731514553823,Reject,False,False,True,True,0.0,0.0,,
HC_HELDOUT_0000670,0.142586413572257,Reject,0.1410236186182851,Reject,0.1410236186182851,Reject,False,False,True,True,0.0,0.0,,
HC_HELDOUT_0000671,0.0845328749285509,Approve,0.0845328749285509,Approve,0.0845328749285509,Approve,False,False,False,False,5.0,5.0,REPAYMENT_PERFORMANCE_QUALITY_EVIDENCE;BUREAU_ACTIVE_CREDIT_CAPACITY_EVIDENCE;BUREAU_CREDIT_HISTORY_QUALITY_EVIDENCE;BUREAU_RECENT_CREDIT_ACTIVITY_EVIDENCE;REPAYMENT_PRIOR_CREDIT_EXPERIENCE_EVIDENCE,BUREAU_CREDIT_HISTORY_QUALITY_EVIDENCE;BUREAU_RECENT_CREDIT_ACTIVITY_EVIDENCE;REPAYMENT_PRIOR_CREDIT_EXPERIENCE_EVIDENCE;REPAYMENT_PERFORMANCE_QUALITY_EVIDENCE;BUREAU_ACTIVE_CREDIT_CAPACITY_EVIDENCE
HC_HELDOUT_0000672,0.2045988312334317,Reject,0.1458409649908535,Reject,0.1458409649908535,Reject,False,False,True,True,0.0,0.0,,
HC_HELDOUT_0000673,0.2694100577592139,Reject,0.1775072425304384,Reject,0.1775072425304384,Reject,False,False,True,True,0.0,0.0,,
HC_HELDOUT_0000674,0.0484351056838371,Approve,0.0484351056838371,Approve,0.0484351056838371,Approve,False,False,False,False,5.0,5.0,REPAYMENT_PERFORMANCE_QUALITY_EVIDENCE;BUREAU_ACTIVE_CREDIT_CAPACITY_EVIDENCE;BUREAU_CREDIT_HISTORY_QUALITY_EVIDENCE;BUREAU_RECENT_CREDIT_ACTIVITY_EVIDENCE;REPAYMENT_PRIOR_CREDIT_EXPERIENCE_EVIDENCE,BUREAU_RECENT_CREDIT_ACTIVITY_EVIDENCE;REPAYMENT_PRIOR_CREDIT_EXPERIENCE_EVIDENCE;BUREAU_ACTIVE_CREDIT_CAPACITY_EVIDENCE;REPAYMENT_PERFORMANCE_QUALITY_EVIDENCE;BUREAU_CREDIT_HISTORY_QUALITY_EVIDENCE
HC_HELDOUT_0000675,0.0263461739339535,Approve,0.0244795919666411,Approve,0.0244795919666411,Approve,False,False,True,True,0.0,0.0,,
HC_HELDOUT_0000676,0.1491501113357379,Reject,0.1758263635364787,Reject,0.1758263635364787,Reject,False,False,True,True,0.0,0.0,,
HC_HELDOUT_0000677,0.061975935267139,Approve,0.061975935267139,Approve,0.061975935267139,Approve,False,False,False,False,5.0,5.0,REPAYMENT_PERFORMANCE_QUALITY_EVIDENCE;BUREAU_ACTIVE_CREDIT_CAPACITY_EVIDENCE;BUREAU_CREDIT_HISTORY_QUALITY_EVIDENCE;BUREAU_RECENT_CREDIT_ACTIVITY_EVIDENCE;REPAYMENT_PRIOR_CREDIT_EXPERIENCE_EVIDENCE,BUREAU_RECENT_CREDIT_ACTIVITY_EVIDENCE;BUREAU_CREDIT_HISTORY_QUALITY_EVIDENCE;BUREAU_ACTIVE_CREDIT_CAPACITY_EVIDENCE;REPAYMENT_PRIOR_CREDIT_EXPERIENCE_EVIDENCE;REPAYMENT_PERFORMANCE_QUALITY_EVIDENCE
HC_HELDOUT_0000678,0.128985512924611,Reject,0.1444098948813469,Reject,0.1439833774811489,Reject,False,False,True,True,4.0,4.0,REPAYMENT_PERFORMANCE_QUALITY_EVIDENCE;BUREAU_ACTIVE_CREDIT_CAPACITY_EVIDENCE;BUREAU_CREDIT_HISTORY_QUALITY_EVIDENCE;BUREAU_RECENT_CREDIT_ACTIVITY_EVIDENCE,BUREAU_RECENT_CREDIT_ACTIVITY_EVIDENCE;REPAYMENT_PRIOR_CREDIT_EXPERIENCE_EVIDENCE;BUREAU_CREDIT_HISTORY_QUALITY_EVIDENCE;BUREAU_ACTIVE_CREDIT_CAPACITY_EVIDENCE
HC_HELDOUT_0000679,0.0613358816468923,Approve,0.0613358816468923,Approve,0.0613358816468923,Approve,False,False,False,False,5.0,5.0,REPAYMENT_PERFORMANCE_QUALITY_EVIDENCE;BUREAU_ACTIVE_CREDIT_CAPACITY_EVIDENCE;BUREAU_CREDIT_HISTORY_QUALITY_EVIDENCE;BUREAU_RECENT_CREDIT_ACTIVITY_EVIDENCE;REPAYMENT_PRIOR_CREDIT_EXPERIENCE_EVIDENCE,REPAYMENT_PERFORMANCE_QUALITY_EVIDENCE;BUREAU_CREDIT_HISTORY_QUALITY_EVIDENCE;BUREAU_RECENT_CREDIT_ACTIVITY_EVIDENCE;BUREAU_ACTIVE_CREDIT_CAPACITY_EVIDENCE;REPAYMENT_PRIOR_CREDIT_EXPERIENCE_EVIDENCE
HC_HELDOUT_0000680,0.029805065123172,Approve,0.032712050318481,Approve,0.0293269316422799,Approve,False,False,True,True,2.0,1.0,REPAYMENT_PERFORMANCE_QUALITY_EVIDENCE;BUREAU_ACTIVE_CREDIT_CAPACITY_EVIDENCE,BUREAU_ACTIVE_CREDIT_CAPACITY_EVIDENCE
HC_HELDOUT_0000681,0.0252650592715138,Approve,0.0331652151064469,Approve,0.0309012177982751,Approve,False,False,True,True,3.0,1.0,REPAYMENT_PERFORMANCE_QUALITY_EVIDENCE;BUREAU_ACTIVE_CREDIT_CAPACITY_EVIDENCE;BUREAU_CREDIT_HISTORY_QUALITY_EVIDENCE,BUREAU_CREDIT_HISTORY_QUALITY_EVIDENCE
HC_HELDOUT_0000682,0.064771620350331,Approve,0.064771620350331,Approve,0.064771620350331,Approve,False,False,False,False,5.0,5.0,REPAYMENT_PERFORMANCE_QUALITY_EVIDENCE;BUREAU_ACTIVE_CREDIT_CAPACITY_EVIDENCE;BUREAU_CREDIT_HISTORY_QUALITY_EVIDENCE;BUREAU_RECENT_CREDIT_ACTIVITY_EVIDENCE;REPAYMENT_PRIOR_CREDIT_EXPERIENCE_EVIDENCE,BUREAU_CREDIT_HISTORY_QUALITY_EVIDENCE;BUREAU_ACTIVE_CREDIT_CAPACITY_EVIDENCE;BUREAU_RECENT_CREDIT_ACTIVITY_EVIDENCE;REPAYMENT_PERFORMANCE_QUALITY_EVIDENCE;REPAYMENT_PRIOR_CREDIT_EXPERIENCE_EVIDENCE
HC_HELDOUT_0000683,0.0662852809136601,Approve,0.0662852809136601,Approve,0.0662852809136601,Approve,False,False,False,False,5.0,5.0,REPAYMENT_PERFORMANCE_QUALITY_EVIDENCE;BUREAU_ACTIVE_CREDIT_CAPACITY_EVIDENCE;BUREAU_CREDIT_HISTORY_QUALITY_EVIDENCE;BUREAU_RECENT_CREDIT_ACTIVITY_EVIDENCE;REPAYMENT_PRIOR_CREDIT_EXPERIENCE_EVIDENCE,BUREAU_ACTIVE_CREDIT_CAPACITY_EVIDENCE;REPAYMENT_PRIOR_CREDIT_EXPERIENCE_EVIDENCE;BUREAU_CREDIT_HISTORY_QUALITY_EVIDENCE;REPAYMENT_PERFORMANCE_QUALITY_EVIDENCE;BUREAU_RECENT_CREDIT_ACTIVITY_EVIDENCE
HC_HELDOUT_0000684,0.107881818251946,Reject,0.107881818251946,Reject,0.107881818251946,Reject,False,False,False,False,5.0,5.0,REPAYMENT_PERFORMANCE_QUALITY_EVIDENCE;BUREAU_ACTIVE_CREDIT_CAPACITY_EVIDENCE;BUREAU_CREDIT_HISTORY_QUALITY_EVIDENCE;BUREAU_RECENT_CREDIT_ACTIVITY_EVIDENCE;REPAYMENT_PRIOR_CREDIT_EXPERIENCE_EVIDENCE,REPAYMENT_PERFORMANCE_QUALITY_EVIDENCE;BUREAU_RECENT_CREDIT_ACTIVITY_EVIDENCE;REPAYMENT_PRIOR_CREDIT_EXPERIENCE_EVIDENCE;BUREAU_ACTIVE_CREDIT_CAPACITY_EVIDENCE;BUREAU_CREDIT_HISTORY_QUALITY_EVIDENCE
HC_HELDOUT_0000685,0.1578201783667384,Reject,0.1611693165547364,Reject,0.1611693165547364,Reject,False,False,True,True,1.0,1.0,REPAYMENT_PERFORMANCE_QUALITY_EVIDENCE,REPAYMENT_PERFORMANCE_QUALITY_EVIDENCE
HC_HELDOUT_0000686,0.104833227931692,Reject,0.1409388278469746,Reject,0.104833227931692,Reject,False,False,True,False,1.0,5.0,REPAYMENT_PERFORMANCE_QUALITY_EVIDENCE,BUREAU_ACTIVE_CREDIT_CAPACITY_EVIDENCE;REPAYMENT_PRIOR_CREDIT_EXPERIENCE_EVIDENCE;BUREAU_RECENT_CREDIT_ACTIVITY_EVIDENCE;REPAYMENT_PERFORMANCE_QUALITY_EVIDENCE;BUREAU_CREDIT_HISTORY_QUALITY_EVIDENCE
HC_HELDOUT_0000687,0.0644146577346469,Approve,0.0644146577346469,Approve,0.0644146577346469,Approve,False,False,False,False,5.0,5.0,REPAYMENT_PERFORMANCE_QUALITY_EVIDENCE;BUREAU_ACTIVE_CREDIT_CAPACITY_EVIDENCE;BUREAU_CREDIT_HISTORY_QUALITY_EVIDENCE;BUREAU_RECENT_CREDIT_ACTIVITY_EVIDENCE;REPAYMENT_PRIOR_CREDIT_EXPERIENCE_EVIDENCE,BUREAU_RECENT_CREDIT_ACTIVITY_EVIDENCE;BUREAU_CREDIT_HISTORY_QUALITY_EVIDENCE;REPAYMENT_PRIOR_CREDIT_EXPERIENCE_EVIDENCE;REPAYMENT_PERFORMANCE_QUALITY_EVIDENCE;BUREAU_ACTIVE_CREDIT_CAPACITY_EVIDENCE
HC_HELDOUT_0000688,0.0832496238104106,Approve,0.0832496238104106,Approve,0.0832496238104106,Approve,False,False,False,False,5.0,5.0,REPAYMENT_PERFORMANCE_QUALITY_EVIDENCE;BUREAU_ACTIVE_CREDIT_CAPACITY_EVIDENCE;BUREAU_CREDIT_HISTORY_QUALITY_EVIDENCE;BUREAU_RECENT_CREDIT_ACTIVITY_EVIDENCE;REPAYMENT_PRIOR_CREDIT_EXPERIENCE_EVIDENCE,BUREAU_CREDIT_HISTORY_QUALITY_EVIDENCE;BUREAU_RECENT_CREDIT_ACTIVITY_EVIDENCE;REPAYMENT_PERFORMANCE_QUALITY_EVIDENCE;BUREAU_ACTIVE_CREDIT_CAPACITY_EVIDENCE;REPAYMENT_PRIOR_CREDIT_EXPERIENCE_EVIDENCE
HC_HELDOUT_0000689,0.2167742834017698,Reject,0.1884888471622307,Reject,0.1884888471622307,Reject,False,False,True,True,0.0,0.0,,
HC_HELDOUT_0000690,0.109375663992301,Reject,0.109375663992301,Reject,0.109375663992301,Reject,False,False,False,False,5.0,5.0,REPAYMENT_PERFORMANCE_QUALITY_EVIDENCE;BUREAU_ACTIVE_CREDIT_CAPACITY_EVIDENCE;BUREAU_CREDIT_HISTORY_QUALITY_EVIDENCE;BUREAU_RECENT_CREDIT_ACTIVITY_EVIDENCE;REPAYMENT_PRIOR_CREDIT_EXPERIENCE_EVIDENCE,BUREAU_CREDIT_HISTORY_QUALITY_EVIDENCE;BUREAU_ACTIVE_CREDIT_CAPACITY_EVIDENCE;REPAYMENT_PRIOR_CREDIT_EXPERIENCE_EVIDENCE;REPAYMENT_PERFORMANCE_QUALITY_EVIDENCE;BUREAU_RECENT_CREDIT_ACTIVITY_EVIDENCE
HC_HELDOUT_0000691,0.1049089923165087,Reject,0.1049089923165087,Reject,0.1049089923165087,Reject,False,False,False,False,5.0,5.0,REPAYMENT_PERFORMANCE_QUALITY_EVIDENCE;BUREAU_ACTIVE_CREDIT_CAPACITY_EVIDENCE;BUREAU_CREDIT_HISTORY_QUALITY_EVIDENCE;BUREAU_RECENT_CREDIT_ACTIVITY_EVIDENCE;REPAYMENT_PRIOR_CREDIT_EXPERIENCE_EVIDENCE,REPAYMENT_PRIOR_CREDIT_EXPERIENCE_EVIDENCE;REPAYMENT_PERFORMANCE_QUALITY_EVIDENCE;BUREAU_RECENT_CREDIT_ACTIVITY_EVIDENCE;BUREAU_ACTIVE_CREDIT_CAPACITY_EVIDENCE;BUREAU_CREDIT_HISTORY_QUALITY_EVIDENCE
HC_HELDOUT_0000692,0.0622012014432956,Approve,0.0622012014432956,Approve,0.0622012014432956,Approve,False,False,False,False,5.0,5.0,REPAYMENT_PERFORMANCE_QUALITY_EVIDENCE;BUREAU_ACTIVE_CREDIT_CAPACITY_EVIDENCE;BUREAU_CREDIT_HISTORY_QUALITY_EVIDENCE;BUREAU_RECENT_CREDIT_ACTIVITY_EVIDENCE;REPAYMENT_PRIOR_CREDIT_EXPERIENCE_EVIDENCE,BUREAU_CREDIT_HISTORY_QUALITY_EVIDENCE;BUREAU_ACTIVE_CREDIT_CAPACITY_EVIDENCE;REPAYMENT_PERFORMANCE_QUALITY_EVIDENCE;BUREAU_RECENT_CREDIT_ACTIVITY_EVIDENCE;REPAYMENT_PRIOR_CREDIT_EXPERIENCE_EVIDENCE
HC_HELDOUT_0000693,0.0598709195293325,Approve,0.0598709195293325,Approve,0.0598709195293325,Approve,False,False,False,False,5.0,5.0,REPAYMENT_PERFORMANCE_QUALITY_EVIDENCE;BUREAU_ACTIVE_CREDIT_CAPACITY_EVIDENCE;BUREAU_CREDIT_HISTORY_QUALITY_EVIDENCE;BUREAU_RECENT_CREDIT_ACTIVITY_EVIDENCE;REPAYMENT_PRIOR_CREDIT_EXPERIENCE_EVIDENCE,REPAYMENT_PRIOR_CREDIT_EXPERIENCE_EVIDENCE;BUREAU_RECENT_CREDIT_ACTIVITY_EVIDENCE;REPAYMENT_PERFORMANCE_QUALITY_EVIDENCE;BUREAU_ACTIVE_CREDIT_CAPACITY_EVIDENCE;BUREAU_CREDIT_HISTORY_QUALITY_EVIDENCE
HC_HELDOUT_0000694,0.0337973819453349,Approve,0.0325536051861678,Approve,0.0330645814594239,Approve,False,False,True,True,1.0,1.0,REPAYMENT_PERFORMANCE_QUALITY_EVIDENCE,BUREAU_CREDIT_HISTORY_QUALITY_EVIDENCE
HC_HELDOUT_0000695,0.0775454448425625,Approve,0.0775454448425625,Approve,0.0775454448425625,Approve,False,False,False,False,5.0,5.0,REPAYMENT_PERFORMANCE_QUALITY_EVIDENCE;BUREAU_ACTIVE_CREDIT_CAPACITY_EVIDENCE;BUREAU_CREDIT_HISTORY_QUALITY_EVIDENCE;BUREAU_RECENT_CREDIT_ACTIVITY_EVIDENCE;REPAYMENT_PRIOR_CREDIT_EXPERIENCE_EVIDENCE,BUREAU_ACTIVE_CREDIT_CAPACITY_EVIDENCE;REPAYMENT_PRIOR_CREDIT_EXPERIENCE_EVIDENCE;REPAYMENT_PERFORMANCE_QUALITY_EVIDENCE;BUREAU_CREDIT_HISTORY_QUALITY_EVIDENCE;BUREAU_RECENT_CREDIT_ACTIVITY_EVIDENCE
HC_HELDOUT_0000696,0.0242276968778435,Approve,0.0351048007021886,Approve,0.0351048007021886,Approve,False,False,True,True,0.0,0.0,,
HC_HELDOUT_0000697,0.1953233380015648,Reject,0.1702914250036239,Reject,0.1702914250036239,Reject,False,False,True,True,0.0,0.0,,
HC_HELDOUT_0000698,0.0375136173918291,Approve,0.0364363049997426,Approve,0.0369934131887198,Approve,False,False,True,True,1.0,1.0,REPAYMENT_PERFORMANCE_QUALITY_EVIDENCE,BUREAU_RECENT_CREDIT_ACTIVITY_EVIDENCE
HC_HELDOUT_0000699,0.0283956443556929,Approve,0.0317577496204593,Approve,0.0317577496204593,Approve,False,False,True,True,0.0,0.0,,
HC_HELDOUT_0000700,0.1969505321644333,Reject,0.1898885374149091,Reject,0.1898885374149091,Reject,False,False,True,True,0.0,0.0,,
HC_HELDOUT_0000701,0.0325756664289903,Approve,0.0334607550299727,Approve,0.0336549038777055,Approve,False,False,True,True,2.0,1.0,REPAYMENT_PERFORMANCE_QUALITY_EVIDENCE;BUREAU_ACTIVE_CREDIT_CAPACITY_EVIDENCE,BUREAU_RECENT_CREDIT_ACTIVITY_EVIDENCE
HC_HELDOUT_0000702,0.1274924434748977,Reject,0.1881172308682833,Reject,0.1881172308682833,Reject,False,False,True,True,0.0,0.0,,
HC_HELDOUT_0000703,0.0399976929125014,Approve,0.0359676501868219,Approve,0.0349983714823607,Approve,False,False,True,True,3.0,4.0,REPAYMENT_PERFORMANCE_QUALITY_EVIDENCE;BUREAU_ACTIVE_CREDIT_CAPACITY_EVIDENCE;BUREAU_CREDIT_HISTORY_QUALITY_EVIDENCE,BUREAU_RECENT_CREDIT_ACTIVITY_EVIDENCE;BUREAU_ACTIVE_CREDIT_CAPACITY_EVIDENCE;BUREAU_CREDIT_HISTORY_QUALITY_EVIDENCE;REPAYMENT_PERFORMANCE_QUALITY_EVIDENCE
HC_HELDOUT_0000704,0.1327212416609997,Reject,0.1441007861148374,Reject,0.1441007861148374,Reject,False,False,True,True,1.0,1.0,REPAYMENT_PERFORMANCE_QUALITY_EVIDENCE,REPAYMENT_PERFORMANCE_QUALITY_EVIDENCE
HC_HELDOUT_0000705,0.0170358915736464,Approve,0.021991809989356,Approve,0.021991809989356,Approve,False,False,True,True,0.0,0.0,,
HC_HELDOUT_0000706,0.2332732365656667,Reject,0.1895148060040925,Reject,0.1895148060040925,Reject,False,False,True,True,0.0,0.0,,
HC_HELDOUT_0000707,0.1336176768358806,Reject,0.1758263635364787,Reject,0.1758263635364787,Reject,False,False,True,True,0.0,0.0,,
HC_HELDOUT_0000708,0.1973904991743059,Reject,0.1912961714250869,Reject,0.1912961714250869,Reject,False,False,True,True,0.0,0.0,,
HC_HELDOUT_0000709,0.1430929341916941,Reject,0.1379408364549119,Reject,0.1379408364549119,Reject,False,False,True,True,0.0,0.0,,
HC_HELDOUT_0000710,0.0319979340692807,Approve,0.0322714057225463,Approve,0.0322714057225463,Approve,False,False,True,True,1.0,1.0,REPAYMENT_PERFORMANCE_QUALITY_EVIDENCE,REPAYMENT_PERFORMANCE_QUALITY_EVIDENCE
HC_HELDOUT_0000711,0.0819105244033756,Approve,0.0819105244033756,Approve,0.0819105244033756,Approve,False,False,False,False,5.0,5.0,REPAYMENT_PERFORMANCE_QUALITY_EVIDENCE;BUREAU_ACTIVE_CREDIT_CAPACITY_EVIDENCE;BUREAU_CREDIT_HISTORY_QUALITY_EVIDENCE;BUREAU_RECENT_CREDIT_ACTIVITY_EVIDENCE;REPAYMENT_PRIOR_CREDIT_EXPERIENCE_EVIDENCE,REPAYMENT_PRIOR_CREDIT_EXPERIENCE_EVIDENCE;REPAYMENT_PERFORMANCE_QUALITY_EVIDENCE;BUREAU_ACTIVE_CREDIT_CAPACITY_EVIDENCE;BUREAU_RECENT_CREDIT_ACTIVITY_EVIDENCE;BUREAU_CREDIT_HISTORY_QUALITY_EVIDENCE
HC_HELDOUT_0000712,0.0216986306814744,Approve,0.0166729284896776,Approve,0.0166729284896776,Approve,False,False,True,True,0.0,0.0,,
HC_HELDOUT_0000713,0.0433752538953347,Approve,0.0433752538953347,Approve,0.0433752538953347,Approve,False,False,False,False,5.0,5.0,REPAYMENT_PERFORMANCE_QUALITY_EVIDENCE;BUREAU_ACTIVE_CREDIT_CAPACITY_EVIDENCE;BUREAU_CREDIT_HISTORY_QUALITY_EVIDENCE;BUREAU_RECENT_CREDIT_ACTIVITY_EVIDENCE;REPAYMENT_PRIOR_CREDIT_EXPERIENCE_EVIDENCE,REPAYMENT_PERFORMANCE_QUALITY_EVIDENCE;BUREAU_ACTIVE_CREDIT_CAPACITY_EVIDENCE;BUREAU_CREDIT_HISTORY_QUALITY_EVIDENCE;REPAYMENT_PRIOR_CREDIT_EXPERIENCE_EVIDENCE;BUREAU_RECENT_CREDIT_ACTIVITY_EVIDENCE
HC_HELDOUT_0000714,0.033193891279539,Approve,0.0285855292405655,Approve,0.0337371953247157,Approve,False,False,True,True,2.0,1.0,REPAYMENT_PERFORMANCE_QUALITY_EVIDENCE;BUREAU_ACTIVE_CREDIT_CAPACITY_EVIDENCE,BUREAU_ACTIVE_CREDIT_CAPACITY_EVIDENCE
HC_HELDOUT_0000715,0.0263568802603337,Approve,0.0251282969734151,Approve,0.0251282969734151,Approve,False,False,True,True,0.0,0.0,,
HC_HELDOUT_0000716,0.0216925080784188,Approve,0.0277861825012548,Approve,0.0277861825012548,Approve,False,False,True,True,0.0,0.0,,
HC_HELDOUT_0000717,0.0641843281921166,Approve,0.0641843281921166,Approve,0.0641843281921166,Approve,False,False,False,False,5.0,5.0,REPAYMENT_PERFORMANCE_QUALITY_EVIDENCE;BUREAU_ACTIVE_CREDIT_CAPACITY_EVIDENCE;BUREAU_CREDIT_HISTORY_QUALITY_EVIDENCE;BUREAU_RECENT_CREDIT_ACTIVITY_EVIDENCE;REPAYMENT_PRIOR_CREDIT_EXPERIENCE_EVIDENCE,REPAYMENT_PERFORMANCE_QUALITY_EVIDENCE;BUREAU_ACTIVE_CREDIT_CAPACITY_EVIDENCE;BUREAU_RECENT_CREDIT_ACTIVITY_EVIDENCE;BUREAU_CREDIT_HISTORY_QUALITY_EVIDENCE;REPAYMENT_PRIOR_CREDIT_EXPERIENCE_EVIDENCE
HC_HELDOUT_0000718,0.0372396277444827,Approve,0.0372396277444827,Approve,0.0358536876956276,Approve,False,False,False,True,5.0,2.0,REPAYMENT_PERFORMANCE_QUALITY_EVIDENCE;BUREAU_ACTIVE_CREDIT_CAPACITY_EVIDENCE;BUREAU_CREDIT_HISTORY_QUALITY_EVIDENCE;BUREAU_RECENT_CREDIT_ACTIVITY_EVIDENCE;REPAYMENT_PRIOR_CREDIT_EXPERIENCE_EVIDENCE,REPAYMENT_PERFORMANCE_QUALITY_EVIDENCE;REPAYMENT_PRIOR_CREDIT_EXPERIENCE_EVIDENCE
HC_HELDOUT_0000719,0.0348338888340329,Approve,0.0348338888340329,Approve,0.0349895056574092,Approve,False,False,False,True,5.0,1.0,REPAYMENT_PERFORMANCE_QUALITY_EVIDENCE;BUREAU_ACTIVE_CREDIT_CAPACITY_EVIDENCE;BUREAU_CREDIT_HISTORY_QUALITY_EVIDENCE;BUREAU_RECENT_CREDIT_ACTIVITY_EVIDENCE;REPAYMENT_PRIOR_CREDIT_EXPERIENCE_EVIDENCE,REPAYMENT_PRIOR_CREDIT_EXPERIENCE_EVIDENCE
HC_HELDOUT_0000720,0.1942831934314806,Reject,0.1741580310839127,Reject,0.1741580310839127,Reject,False,False,True,True,0.0,0.0,,
HC_HELDOUT_0000721,0.0722348108871814,Approve,0.0722348108871814,Approve,0.0722348108871814,Approve,False,False,False,False,5.0,5.0,REPAYMENT_PERFORMANCE_QUALITY_EVIDENCE;BUREAU_ACTIVE_CREDIT_CAPACITY_EVIDENCE;BUREAU_CREDIT_HISTORY_QUALITY_EVIDENCE;BUREAU_RECENT_CREDIT_ACTIVITY_EVIDENCE;REPAYMENT_PRIOR_CREDIT_EXPERIENCE_EVIDENCE,REPAYMENT_PERFORMANCE_QUALITY_EVIDENCE;BUREAU_CREDIT_HISTORY_QUALITY_EVIDENCE;BUREAU_RECENT_CREDIT_ACTIVITY_EVIDENCE;BUREAU_ACTIVE_CREDIT_CAPACITY_EVIDENCE;REPAYMENT_PRIOR_CREDIT_EXPERIENCE_EVIDENCE
HC_HELDOUT_0000722,0.0236713468681796,Approve,0.0200222297076367,Approve,0.0200222297076367,Approve,False,False,True,True,0.0,0.0,,
HC_HELDOUT_0000723,0.025546962825118,Approve,0.023684900876293,Approve,0.023684900876293,Approve,False,False,True,True,0.0,0.0,,
HC_HELDOUT_0000724,0.0501802544410275,Approve,0.0501802544410275,Approve,0.0501802544410275,Approve,False,False,False,False,5.0,5.0,REPAYMENT_PERFORMANCE_QUALITY_EVIDENCE;BUREAU_ACTIVE_CREDIT_CAPACITY_EVIDENCE;BUREAU_CREDIT_HISTORY_QUALITY_EVIDENCE;BUREAU_RECENT_CREDIT_ACTIVITY_EVIDENCE;REPAYMENT_PRIOR_CREDIT_EXPERIENCE_EVIDENCE,REPAYMENT_PRIOR_CREDIT_EXPERIENCE_EVIDENCE;BUREAU_ACTIVE_CREDIT_CAPACITY_EVIDENCE;BUREAU_RECENT_CREDIT_ACTIVITY_EVIDENCE;REPAYMENT_PERFORMANCE_QUALITY_EVIDENCE;BUREAU_CREDIT_HISTORY_QUALITY_EVIDENCE
HC_HELDOUT_0000725,0.0584927550080209,Approve,0.0584927550080209,Approve,0.0584927550080209,Approve,False,False,False,False,5.0,5.0,REPAYMENT_PERFORMANCE_QUALITY_EVIDENCE;BUREAU_ACTIVE_CREDIT_CAPACITY_EVIDENCE;BUREAU_CREDIT_HISTORY_QUALITY_EVIDENCE;BUREAU_RECENT_CREDIT_ACTIVITY_EVIDENCE;REPAYMENT_PRIOR_CREDIT_EXPERIENCE_EVIDENCE,REPAYMENT_PERFORMANCE_QUALITY_EVIDENCE;BUREAU_ACTIVE_CREDIT_CAPACITY_EVIDENCE;REPAYMENT_PRIOR_CREDIT_EXPERIENCE_EVIDENCE;BUREAU_CREDIT_HISTORY_QUALITY_EVIDENCE;BUREAU_RECENT_CREDIT_ACTIVITY_EVIDENCE
HC_HELDOUT_0000726,0.0599947883219065,Approve,0.0599947883219065,Approve,0.0599947883219065,Approve,False,False,False,False,5.0,5.0,REPAYMENT_PERFORMANCE_QUALITY_EVIDENCE;BUREAU_ACTIVE_CREDIT_CAPACITY_EVIDENCE;BUREAU_CREDIT_HISTORY_QUALITY_EVIDENCE;BUREAU_RECENT_CREDIT_ACTIVITY_EVIDENCE;REPAYMENT_PRIOR_CREDIT_EXPERIENCE_EVIDENCE,BUREAU_CREDIT_HISTORY_QUALITY_EVIDENCE;BUREAU_RECENT_CREDIT_ACTIVITY_EVIDENCE;BUREAU_ACTIVE_CREDIT_CAPACITY_EVIDENCE;REPAYMENT_PERFORMANCE_QUALITY_EVIDENCE;REPAYMENT_PRIOR_CREDIT_EXPERIENCE_EVIDENCE
HC_HELDOUT_0000727,0.0307065317322787,Approve,0.0307088655682079,Approve,0.0307088655682079,Approve,False,False,True,True,0.0,0.0,,
HC_HELDOUT_0000728,0.0403419234156806,Approve,0.020334969367869,Approve,0.020334969367869,Approve,False,False,True,True,0.0,0.0,,
HC_HELDOUT_0000729,0.0620957455587334,Approve,0.0620957455587334,Approve,0.0620957455587334,Approve,False,False,False,False,5.0,5.0,REPAYMENT_PERFORMANCE_QUALITY_EVIDENCE;BUREAU_ACTIVE_CREDIT_CAPACITY_EVIDENCE;BUREAU_CREDIT_HISTORY_QUALITY_EVIDENCE;BUREAU_RECENT_CREDIT_ACTIVITY_EVIDENCE;REPAYMENT_PRIOR_CREDIT_EXPERIENCE_EVIDENCE,REPAYMENT_PERFORMANCE_QUALITY_EVIDENCE;BUREAU_RECENT_CREDIT_ACTIVITY_EVIDENCE;REPAYMENT_PRIOR_CREDIT_EXPERIENCE_EVIDENCE;BUREAU_ACTIVE_CREDIT_CAPACITY_EVIDENCE;BUREAU_CREDIT_HISTORY_QUALITY_EVIDENCE
HC_HELDOUT_0000730,0.0307925714002357,Approve,0.0323331775662724,Approve,0.0323331775662724,Approve,False,False,True,True,1.0,1.0,REPAYMENT_PERFORMANCE_QUALITY_EVIDENCE,REPAYMENT_PERFORMANCE_QUALITY_EVIDENCE
HC_HELDOUT_0000731,0.0664830132589613,Approve,0.0664830132589613,Approve,0.0664830132589613,Approve,False,False,False,False,5.0,5.0,REPAYMENT_PERFORMANCE_QUALITY_EVIDENCE;BUREAU_ACTIVE_CREDIT_CAPACITY_EVIDENCE;BUREAU_CREDIT_HISTORY_QUALITY_EVIDENCE;BUREAU_RECENT_CREDIT_ACTIVITY_EVIDENCE;REPAYMENT_PRIOR_CREDIT_EXPERIENCE_EVIDENCE,REPAYMENT_PERFORMANCE_QUALITY_EVIDENCE;BUREAU_CREDIT_HISTORY_QUALITY_EVIDENCE;BUREAU_RECENT_CREDIT_ACTIVITY_EVIDENCE;BUREAU_ACTIVE_CREDIT_CAPACITY_EVIDENCE;REPAYMENT_PRIOR_CREDIT_EXPERIENCE_EVIDENCE
HC_HELDOUT_0000732,0.1333466666955899,Reject,0.1495227218395611,Reject,0.1495227218395611,Reject,False,False,True,True,0.0,0.0,,
HC_HELDOUT_0000733,0.1891445194433753,Reject,0.2041026881363969,Reject,0.2041026881363969,Reject,False,False,True,True,0.0,0.0,,
HC_HELDOUT_0000734,0.0502053497780841,Approve,0.0354151912107881,Approve,0.0354151912107881,Approve,False,False,True,True,0.0,0.0,,
HC_HELDOUT_0000735,0.0328838101107861,Approve,0.0346210616835938,Approve,0.0346210616835938,Approve,False,False,True,True,0.0,0.0,,
HC_HELDOUT_0000736,0.0319652250972709,Approve,0.0288503655558518,Approve,0.0288503655558518,Approve,False,False,True,True,0.0,0.0,,
HC_HELDOUT_0000737,0.0328937867148191,Approve,0.0338765059106977,Approve,0.0338765059106977,Approve,False,False,True,True,0.0,0.0,,
HC_HELDOUT_0000738,0.013520370309035,Approve,0.0234191458842708,Approve,0.0234191458842708,Approve,False,False,True,True,0.0,0.0,,
HC_HELDOUT_0000739,0.0427294298428605,Approve,0.0316085668098879,Approve,0.0316085668098879,Approve,False,False,True,True,0.0,0.0,,
HC_HELDOUT_0000740,0.011770008459458,Approve,0.0181690578834225,Approve,0.0181690578834225,Approve,False,False,True,True,0.0,0.0,,
HC_HELDOUT_0000741,0.2277641803083292,Reject,0.1475920350962241,Reject,0.1475920350962241,Reject,False,False,True,True,0.0,0.0,,
HC_HELDOUT_0000742,0.0158051281556754,Approve,0.0219555096396252,Approve,0.0219555096396252,Approve,False,False,True,True,0.0,0.0,,
HC_HELDOUT_0000743,0.0391685599585824,Approve,0.0344788959785599,Approve,0.0344788959785599,Approve,False,False,True,True,0.0,0.0,,
HC_HELDOUT_0000744,0.0893530358168276,Reject,0.0893530358168276,Reject,0.0893530358168276,Reject,False,False,False,False,5.0,5.0,REPAYMENT_PERFORMANCE_QUALITY_EVIDENCE;BUREAU_ACTIVE_CREDIT_CAPACITY_EVIDENCE;BUREAU_CREDIT_HISTORY_QUALITY_EVIDENCE;BUREAU_RECENT_CREDIT_ACTIVITY_EVIDENCE;REPAYMENT_PRIOR_CREDIT_EXPERIENCE_EVIDENCE,BUREAU_ACTIVE_CREDIT_CAPACITY_EVIDENCE;BUREAU_CREDIT_HISTORY_QUALITY_EVIDENCE;BUREAU_RECENT_CREDIT_ACTIVITY_EVIDENCE;REPAYMENT_PERFORMANCE_QUALITY_EVIDENCE;REPAYMENT_PRIOR_CREDIT_EXPERIENCE_EVIDENCE
HC_HELDOUT_0000745,0.1741615429734629,Reject,0.1690060515190418,Reject,0.1690060515190418,Reject,False,False,True,True,0.0,0.0,,
HC_HELDOUT_0000746,0.1033039859883064,Reject,0.1033039859883064,Reject,0.1033039859883064,Reject,False,False,False,False,5.0,5.0,REPAYMENT_PERFORMANCE_QUALITY_EVIDENCE;BUREAU_ACTIVE_CREDIT_CAPACITY_EVIDENCE;BUREAU_CREDIT_HISTORY_QUALITY_EVIDENCE;BUREAU_RECENT_CREDIT_ACTIVITY_EVIDENCE;REPAYMENT_PRIOR_CREDIT_EXPERIENCE_EVIDENCE,BUREAU_ACTIVE_CREDIT_CAPACITY_EVIDENCE;BUREAU_CREDIT_HISTORY_QUALITY_EVIDENCE;BUREAU_RECENT_CREDIT_ACTIVITY_EVIDENCE;REPAYMENT_PERFORMANCE_QUALITY_EVIDENCE;REPAYMENT_PRIOR_CREDIT_EXPERIENCE_EVIDENCE
HC_HELDOUT_0000747,0.0254345483545618,Approve,0.0360800091150741,Approve,0.0360800091150741,Approve,False,False,True,True,1.0,1.0,REPAYMENT_PERFORMANCE_QUALITY_EVIDENCE,REPAYMENT_PERFORMANCE_QUALITY_EVIDENCE
HC_HELDOUT_0000748,0.2346999034960639,Reject,0.1684859363238943,Reject,0.1684859363238943,Reject,False,False,True,True,0.0,0.0,,
HC_HELDOUT_0000749,0.0426422716815412,Approve,0.0426422716815412,Approve,0.0426422716815412,Approve,False,False,False,False,5.0,5.0,REPAYMENT_PERFORMANCE_QUALITY_EVIDENCE;BUREAU_ACTIVE_CREDIT_CAPACITY_EVIDENCE;BUREAU_CREDIT_HISTORY_QUALITY_EVIDENCE;BUREAU_RECENT_CREDIT_ACTIVITY_EVIDENCE;REPAYMENT_PRIOR_CREDIT_EXPERIENCE_EVIDENCE,REPAYMENT_PRIOR_CREDIT_EXPERIENCE_EVIDENCE;BUREAU_CREDIT_HISTORY_QUALITY_EVIDENCE;BUREAU_ACTIVE_CREDIT_CAPACITY_EVIDENCE;BUREAU_RECENT_CREDIT_ACTIVITY_EVIDENCE;REPAYMENT_PERFORMANCE_QUALITY_EVIDENCE
HC_HELDOUT_0000750,0.1323876095929349,Reject,0.1511543181899226,Reject,0.1323876095929349,Reject,False,False,True,False,4.0,5.0,REPAYMENT_PERFORMANCE_QUALITY_EVIDENCE;BUREAU_ACTIVE_CREDIT_CAPACITY_EVIDENCE;BUREAU_CREDIT_HISTORY_QUALITY_EVIDENCE;BUREAU_RECENT_CREDIT_ACTIVITY_EVIDENCE,BUREAU_RECENT_CREDIT_ACTIVITY_EVIDENCE;BUREAU_CREDIT_HISTORY_QUALITY_EVIDENCE;BUREAU_ACTIVE_CREDIT_CAPACITY_EVIDENCE;REPAYMENT_PRIOR_CREDIT_EXPERIENCE_EVIDENCE;REPAYMENT_PERFORMANCE_QUALITY_EVIDENCE
HC_HELDOUT_0000751,0.050686589736103,Approve,0.050686589736103,Approve,0.050686589736103,Approve,False,False,False,False,5.0,5.0,REPAYMENT_PERFORMANCE_QUALITY_EVIDENCE;BUREAU_ACTIVE_CREDIT_CAPACITY_EVIDENCE;BUREAU_CREDIT_HISTORY_QUALITY_EVIDENCE;BUREAU_RECENT_CREDIT_ACTIVITY_EVIDENCE;REPAYMENT_PRIOR_CREDIT_EXPERIENCE_EVIDENCE,BUREAU_ACTIVE_CREDIT_CAPACITY_EVIDENCE;REPAYMENT_PERFORMANCE_QUALITY_EVIDENCE;REPAYMENT_PRIOR_CREDIT_EXPERIENCE_EVIDENCE;BUREAU_RECENT_CREDIT_ACTIVITY_EVIDENCE;BUREAU_CREDIT_HISTORY_QUALITY_EVIDENCE
HC_HELDOUT_0000752,0.018520861370843,Approve,0.0201539854235015,Approve,0.0201539854235015,Approve,False,False,True,True,0.0,0.0,,
HC_HELDOUT_0000753,0.2794421495711797,Reject,0.1776937024424874,Reject,0.1776937024424874,Reject,False,False,True,True,0.0,0.0,,
HC_HELDOUT_0000754,0.0198989095386897,Approve,0.0209930223261765,Approve,0.0209930223261765,Approve,False,False,True,True,0.0,0.0,,
HC_HELDOUT_0000755,0.0387725564493563,Approve,0.0287064322982089,Approve,0.0367354217533152,Approve,False,False,True,True,1.0,1.0,REPAYMENT_PERFORMANCE_QUALITY_EVIDENCE,BUREAU_RECENT_CREDIT_ACTIVITY_EVIDENCE
HC_HELDOUT_0000756,0.0125362286295595,Approve,0.0199600552288472,Approve,0.0199600552288472,Approve,False,False,True,True,0.0,0.0,,
HC_HELDOUT_0000757,0.1619700879676703,Reject,0.1550659208321977,Reject,0.1550659208321977,Reject,False,False,True,True,0.0,0.0,,
HC_HELDOUT_0000758,0.1673411681293778,Reject,0.1640177555930791,Reject,0.1640177555930791,Reject,False,False,True,True,0.0,0.0,,
HC_HELDOUT_0000759,0.0728892274984884,Approve,0.0728892274984884,Approve,0.0728892274984884,Approve,False,False,False,False,5.0,5.0,REPAYMENT_PERFORMANCE_QUALITY_EVIDENCE;BUREAU_ACTIVE_CREDIT_CAPACITY_EVIDENCE;BUREAU_CREDIT_HISTORY_QUALITY_EVIDENCE;BUREAU_RECENT_CREDIT_ACTIVITY_EVIDENCE;REPAYMENT_PRIOR_CREDIT_EXPERIENCE_EVIDENCE,REPAYMENT_PERFORMANCE_QUALITY_EVIDENCE;REPAYMENT_PRIOR_CREDIT_EXPERIENCE_EVIDENCE;BUREAU_ACTIVE_CREDIT_CAPACITY_EVIDENCE;BUREAU_RECENT_CREDIT_ACTIVITY_EVIDENCE;BUREAU_CREDIT_HISTORY_QUALITY_EVIDENCE
HC_HELDOUT_0000760,0.0389573294487824,Approve,0.0337177167868191,Approve,0.0337177167868191,Approve,False,False,True,True,0.0,0.0,,
HC_HELDOUT_0000761,0.0355370297129316,Approve,0.0238968193426018,Approve,0.0238968193426018,Approve,False,False,True,True,0.0,0.0,,
HC_HELDOUT_0000762,0.1333201072225345,Reject,0.1414768046566669,Reject,0.1451118307306151,Reject,False,False,True,True,3.0,2.0,REPAYMENT_PERFORMANCE_QUALITY_EVIDENCE;BUREAU_ACTIVE_CREDIT_CAPACITY_EVIDENCE;BUREAU_CREDIT_HISTORY_QUALITY_EVIDENCE,BUREAU_RECENT_CREDIT_ACTIVITY_EVIDENCE;REPAYMENT_PERFORMANCE_QUALITY_EVIDENCE
HC_HELDOUT_0000763,0.0288340116881713,Approve,0.0337970213556606,Approve,0.0337970213556606,Approve,False,False,True,True,0.0,0.0,,
HC_HELDOUT_0000764,0.1669698666504818,Reject,0.1583823240183414,Reject,0.1583823240183414,Reject,False,False,True,True,1.0,1.0,REPAYMENT_PERFORMANCE_QUALITY_EVIDENCE,REPAYMENT_PERFORMANCE_QUALITY_EVIDENCE
HC_HELDOUT_0000765,0.0287633340049822,Approve,0.0324399062090317,Approve,0.0324399062090317,Approve,False,False,True,True,0.0,0.0,,
HC_HELDOUT_0000766,0.071744689535182,Approve,0.071744689535182,Approve,0.071744689535182,Approve,False,False,False,False,5.0,5.0,REPAYMENT_PERFORMANCE_QUALITY_EVIDENCE;BUREAU_ACTIVE_CREDIT_CAPACITY_EVIDENCE;BUREAU_CREDIT_HISTORY_QUALITY_EVIDENCE;BUREAU_RECENT_CREDIT_ACTIVITY_EVIDENCE;REPAYMENT_PRIOR_CREDIT_EXPERIENCE_EVIDENCE,REPAYMENT_PERFORMANCE_QUALITY_EVIDENCE;REPAYMENT_PRIOR_CREDIT_EXPERIENCE_EVIDENCE;BUREAU_ACTIVE_CREDIT_CAPACITY_EVIDENCE;BUREAU_RECENT_CREDIT_ACTIVITY_EVIDENCE;BUREAU_CREDIT_HISTORY_QUALITY_EVIDENCE
HC_HELDOUT_0000767,0.0131520654701664,Approve,0.0169747804280785,Approve,0.0169747804280785,Approve,False,False,True,True,0.0,0.0,,
HC_HELDOUT_0000768,0.0585946821493635,Approve,0.0585946821493635,Approve,0.0585946821493635,Approve,False,False,False,False,5.0,5.0,REPAYMENT_PERFORMANCE_QUALITY_EVIDENCE;BUREAU_ACTIVE_CREDIT_CAPACITY_EVIDENCE;BUREAU_CREDIT_HISTORY_QUALITY_EVIDENCE;BUREAU_RECENT_CREDIT_ACTIVITY_EVIDENCE;REPAYMENT_PRIOR_CREDIT_EXPERIENCE_EVIDENCE,REPAYMENT_PERFORMANCE_QUALITY_EVIDENCE;BUREAU_ACTIVE_CREDIT_CAPACITY_EVIDENCE;BUREAU_CREDIT_HISTORY_QUALITY_EVIDENCE;REPAYMENT_PRIOR_CREDIT_EXPERIENCE_EVIDENCE;BUREAU_RECENT_CREDIT_ACTIVITY_EVIDENCE
HC_HELDOUT_0000769,0.1570406940484394,Reject,0.1710844633145657,Reject,0.1592960380239909,Reject,False,False,True,True,1.0,1.0,REPAYMENT_PERFORMANCE_QUALITY_EVIDENCE,BUREAU_ACTIVE_CREDIT_CAPACITY_EVIDENCE
HC_HELDOUT_0000770,0.1122772408918033,Reject,0.1122772408918033,Reject,0.1122772408918033,Reject,False,False,False,False,5.0,5.0,REPAYMENT_PERFORMANCE_QUALITY_EVIDENCE;BUREAU_ACTIVE_CREDIT_CAPACITY_EVIDENCE;BUREAU_CREDIT_HISTORY_QUALITY_EVIDENCE;BUREAU_RECENT_CREDIT_ACTIVITY_EVIDENCE;REPAYMENT_PRIOR_CREDIT_EXPERIENCE_EVIDENCE,REPAYMENT_PERFORMANCE_QUALITY_EVIDENCE;REPAYMENT_PRIOR_CREDIT_EXPERIENCE_EVIDENCE;BUREAU_RECENT_CREDIT_ACTIVITY_EVIDENCE;BUREAU_ACTIVE_CREDIT_CAPACITY_EVIDENCE;BUREAU_CREDIT_HISTORY_QUALITY_EVIDENCE
HC_HELDOUT_0000771,0.0348244457994088,Approve,0.0357271624213658,Approve,0.0357271624213658,Approve,False,False,True,True,2.0,2.0,REPAYMENT_PERFORMANCE_QUALITY_EVIDENCE;BUREAU_ACTIVE_CREDIT_CAPACITY_EVIDENCE,BUREAU_ACTIVE_CREDIT_CAPACITY_EVIDENCE;REPAYMENT_PERFORMANCE_QUALITY_EVIDENCE
HC_HELDOUT_0000772,0.0162574845915326,Approve,0.0199270402236793,Approve,0.0199270402236793,Approve,False,False,True,True,0.0,0.0,,
HC_HELDOUT_0000773,0.0800409727245957,Approve,0.0800409727245957,Approve,0.0800409727245957,Approve,False,False,False,False,5.0,5.0,REPAYMENT_PERFORMANCE_QUALITY_EVIDENCE;BUREAU_ACTIVE_CREDIT_CAPACITY_EVIDENCE;BUREAU_CREDIT_HISTORY_QUALITY_EVIDENCE;BUREAU_RECENT_CREDIT_ACTIVITY_EVIDENCE;REPAYMENT_PRIOR_CREDIT_EXPERIENCE_EVIDENCE,REPAYMENT_PRIOR_CREDIT_EXPERIENCE_EVIDENCE;BUREAU_ACTIVE_CREDIT_CAPACITY_EVIDENCE;BUREAU_CREDIT_HISTORY_QUALITY_EVIDENCE;BUREAU_RECENT_CREDIT_ACTIVITY_EVIDENCE;REPAYMENT_PERFORMANCE_QUALITY_EVIDENCE
HC_HELDOUT_0000774,0.1037934648632485,Reject,0.1037934648632485,Reject,0.1037934648632485,Reject,False,False,False,False,5.0,5.0,REPAYMENT_PERFORMANCE_QUALITY_EVIDENCE;BUREAU_ACTIVE_CREDIT_CAPACITY_EVIDENCE;BUREAU_CREDIT_HISTORY_QUALITY_EVIDENCE;BUREAU_RECENT_CREDIT_ACTIVITY_EVIDENCE;REPAYMENT_PRIOR_CREDIT_EXPERIENCE_EVIDENCE,BUREAU_ACTIVE_CREDIT_CAPACITY_EVIDENCE;BUREAU_CREDIT_HISTORY_QUALITY_EVIDENCE;BUREAU_RECENT_CREDIT_ACTIVITY_EVIDENCE;REPAYMENT_PERFORMANCE_QUALITY_EVIDENCE;REPAYMENT_PRIOR_CREDIT_EXPERIENCE_EVIDENCE
HC_HELDOUT_0000775,0.0468751814313213,Approve,0.0468751814313213,Approve,0.0468751814313213,Approve,False,False,False,False,5.0,5.0,REPAYMENT_PERFORMANCE_QUALITY_EVIDENCE;BUREAU_ACTIVE_CREDIT_CAPACITY_EVIDENCE;BUREAU_CREDIT_HISTORY_QUALITY_EVIDENCE;BUREAU_RECENT_CREDIT_ACTIVITY_EVIDENCE;REPAYMENT_PRIOR_CREDIT_EXPERIENCE_EVIDENCE,BUREAU_ACTIVE_CREDIT_CAPACITY_EVIDENCE;REPAYMENT_PRIOR_CREDIT_EXPERIENCE_EVIDENCE;REPAYMENT_PERFORMANCE_QUALITY_EVIDENCE;BUREAU_RECENT_CREDIT_ACTIVITY_EVIDENCE;BUREAU_CREDIT_HISTORY_QUALITY_EVIDENCE
HC_HELDOUT_0000776,0.0275695337372851,Approve,0.0339446035545235,Approve,0.0339446035545235,Approve,False,False,True,True,0.0,0.0,,
HC_HELDOUT_0000777,0.1998214822650231,Reject,0.1582882841321133,Reject,0.1582882841321133,Reject,False,False,True,True,0.0,0.0,,
HC_HELDOUT_0000778,0.1029875694343325,Reject,0.1029875694343325,Reject,0.1029875694343325,Reject,False,False,False,False,5.0,5.0,REPAYMENT_PERFORMANCE_QUALITY_EVIDENCE;BUREAU_ACTIVE_CREDIT_CAPACITY_EVIDENCE;BUREAU_CREDIT_HISTORY_QUALITY_EVIDENCE;BUREAU_RECENT_CREDIT_ACTIVITY_EVIDENCE;REPAYMENT_PRIOR_CREDIT_EXPERIENCE_EVIDENCE,BUREAU_RECENT_CREDIT_ACTIVITY_EVIDENCE;BUREAU_ACTIVE_CREDIT_CAPACITY_EVIDENCE;BUREAU_CREDIT_HISTORY_QUALITY_EVIDENCE;REPAYMENT_PRIOR_CREDIT_EXPERIENCE_EVIDENCE;REPAYMENT_PERFORMANCE_QUALITY_EVIDENCE
HC_HELDOUT_0000779,0.0680369086873749,Approve,0.0680369086873749,Approve,0.0680369086873749,Approve,False,False,False,False,5.0,5.0,REPAYMENT_PERFORMANCE_QUALITY_EVIDENCE;BUREAU_ACTIVE_CREDIT_CAPACITY_EVIDENCE;BUREAU_CREDIT_HISTORY_QUALITY_EVIDENCE;BUREAU_RECENT_CREDIT_ACTIVITY_EVIDENCE;REPAYMENT_PRIOR_CREDIT_EXPERIENCE_EVIDENCE,REPAYMENT_PERFORMANCE_QUALITY_EVIDENCE;BUREAU_RECENT_CREDIT_ACTIVITY_EVIDENCE;BUREAU_CREDIT_HISTORY_QUALITY_EVIDENCE;BUREAU_ACTIVE_CREDIT_CAPACITY_EVIDENCE;REPAYMENT_PRIOR_CREDIT_EXPERIENCE_EVIDENCE
HC_HELDOUT_0000780,0.084149019475035,Approve,0.084149019475035,Approve,0.084149019475035,Approve,False,False,False,False,5.0,5.0,REPAYMENT_PERFORMANCE_QUALITY_EVIDENCE;BUREAU_ACTIVE_CREDIT_CAPACITY_EVIDENCE;BUREAU_CREDIT_HISTORY_QUALITY_EVIDENCE;BUREAU_RECENT_CREDIT_ACTIVITY_EVIDENCE;REPAYMENT_PRIOR_CREDIT_EXPERIENCE_EVIDENCE,BUREAU_CREDIT_HISTORY_QUALITY_EVIDENCE;REPAYMENT_PRIOR_CREDIT_EXPERIENCE_EVIDENCE;REPAYMENT_PERFORMANCE_QUALITY_EVIDENCE;BUREAU_ACTIVE_CREDIT_CAPACITY_EVIDENCE;BUREAU_RECENT_CREDIT_ACTIVITY_EVIDENCE
HC_HELDOUT_0000781,0.0239718246957515,Approve,0.018125736327066,Approve,0.018125736327066,Approve,False,False,True,True,0.0,0.0,,
HC_HELDOUT_0000782,0.1136312505868747,Reject,0.1501821994578274,Reject,0.1136312505868747,Reject,False,False,True,False,2.0,5.0,REPAYMENT_PERFORMANCE_QUALITY_EVIDENCE;BUREAU_ACTIVE_CREDIT_CAPACITY_EVIDENCE,BUREAU_RECENT_CREDIT_ACTIVITY_EVIDENCE;BUREAU_CREDIT_HISTORY_QUALITY_EVIDENCE;REPAYMENT_PERFORMANCE_QUALITY_EVIDENCE;REPAYMENT_PRIOR_CREDIT_EXPERIENCE_EVIDENCE;BUREAU_ACTIVE_CREDIT_CAPACITY_EVIDENCE
HC_HELDOUT_0000783,0.0426268551116943,Approve,0.0426268551116943,Approve,0.0426268551116943,Approve,False,False,False,False,5.0,5.0,REPAYMENT_PERFORMANCE_QUALITY_EVIDENCE;BUREAU_ACTIVE_CREDIT_CAPACITY_EVIDENCE;BUREAU_CREDIT_HISTORY_QUALITY_EVIDENCE;BUREAU_RECENT_CREDIT_ACTIVITY_EVIDENCE;REPAYMENT_PRIOR_CREDIT_EXPERIENCE_EVIDENCE,REPAYMENT_PERFORMANCE_QUALITY_EVIDENCE;BUREAU_RECENT_CREDIT_ACTIVITY_EVIDENCE;BUREAU_ACTIVE_CREDIT_CAPACITY_EVIDENCE;BUREAU_CREDIT_HISTORY_QUALITY_EVIDENCE;REPAYMENT_PRIOR_CREDIT_EXPERIENCE_EVIDENCE
HC_HELDOUT_0000784,0.0320356496408723,Approve,0.0363316993181973,Approve,0.0317814959175586,Approve,False,False,True,True,1.0,1.0,REPAYMENT_PERFORMANCE_QUALITY_EVIDENCE,BUREAU_CREDIT_HISTORY_QUALITY_EVIDENCE
HC_HELDOUT_0000785,0.0344059319813577,Approve,0.0344059319813577,Approve,0.0355421155094497,Approve,False,False,False,True,5.0,1.0,REPAYMENT_PERFORMANCE_QUALITY_EVIDENCE;BUREAU_ACTIVE_CREDIT_CAPACITY_EVIDENCE;BUREAU_CREDIT_HISTORY_QUALITY_EVIDENCE;BUREAU_RECENT_CREDIT_ACTIVITY_EVIDENCE;REPAYMENT_PRIOR_CREDIT_EXPERIENCE_EVIDENCE,BUREAU_RECENT_CREDIT_ACTIVITY_EVIDENCE
HC_HELDOUT_0000786,0.054556549576927,Approve,0.054556549576927,Approve,0.054556549576927,Approve,False,False,False,False,5.0,5.0,REPAYMENT_PERFORMANCE_QUALITY_EVIDENCE;BUREAU_ACTIVE_CREDIT_CAPACITY_EVIDENCE;BUREAU_CREDIT_HISTORY_QUALITY_EVIDENCE;BUREAU_RECENT_CREDIT_ACTIVITY_EVIDENCE;REPAYMENT_PRIOR_CREDIT_EXPERIENCE_EVIDENCE,REPAYMENT_PRIOR_CREDIT_EXPERIENCE_EVIDENCE;BUREAU_RECENT_CREDIT_ACTIVITY_EVIDENCE;REPAYMENT_PERFORMANCE_QUALITY_EVIDENCE;BUREAU_ACTIVE_CREDIT_CAPACITY_EVIDENCE;BUREAU_CREDIT_HISTORY_QUALITY_EVIDENCE
HC_HELDOUT_0000787,0.1737962226750231,Reject,0.1504583384406831,Reject,0.1504583384406831,Reject,False,False,True,True,1.0,1.0,REPAYMENT_PERFORMANCE_QUALITY_EVIDENCE,REPAYMENT_PERFORMANCE_QUALITY_EVIDENCE
HC_HELDOUT_0000788,0.0789872934850705,Approve,0.0789872934850705,Approve,0.0789872934850705,Approve,False,False,False,False,5.0,5.0,REPAYMENT_PERFORMANCE_QUALITY_EVIDENCE;BUREAU_ACTIVE_CREDIT_CAPACITY_EVIDENCE;BUREAU_CREDIT_HISTORY_QUALITY_EVIDENCE;BUREAU_RECENT_CREDIT_ACTIVITY_EVIDENCE;REPAYMENT_PRIOR_CREDIT_EXPERIENCE_EVIDENCE,REPAYMENT_PRIOR_CREDIT_EXPERIENCE_EVIDENCE;BUREAU_ACTIVE_CREDIT_CAPACITY_EVIDENCE;REPAYMENT_PERFORMANCE_QUALITY_EVIDENCE;BUREAU_CREDIT_HISTORY_QUALITY_EVIDENCE;BUREAU_RECENT_CREDIT_ACTIVITY_EVIDENCE
HC_HELDOUT_0000789,0.1663838455601881,Reject,0.1702914250036239,Reject,0.1702914250036239,Reject,False,False,True,True,0.0,0.0,,
HC_HELDOUT_0000790,0.0665254342283655,Approve,0.0665254342283655,Approve,0.0665254342283655,Approve,False,False,False,False,5.0,5.0,REPAYMENT_PERFORMANCE_QUALITY_EVIDENCE;BUREAU_ACTIVE_CREDIT_CAPACITY_EVIDENCE;BUREAU_CREDIT_HISTORY_QUALITY_EVIDENCE;BUREAU_RECENT_CREDIT_ACTIVITY_EVIDENCE;REPAYMENT_PRIOR_CREDIT_EXPERIENCE_EVIDENCE,BUREAU_ACTIVE_CREDIT_CAPACITY_EVIDENCE;REPAYMENT_PERFORMANCE_QUALITY_EVIDENCE;REPAYMENT_PRIOR_CREDIT_EXPERIENCE_EVIDENCE;BUREAU_CREDIT_HISTORY_QUALITY_EVIDENCE;BUREAU_RECENT_CREDIT_ACTIVITY_EVIDENCE
HC_HELDOUT_0000791,0.0271322391215574,Approve,0.0345729261660335,Approve,0.0345729261660335,Approve,False,False,True,True,0.0,0.0,,
HC_HELDOUT_0000792,0.129716275156739,Reject,0.1820907459833536,Reject,0.1820907459833536,Reject,False,False,True,True,0.0,0.0,,
HC_HELDOUT_0000793,0.1553008010505862,Reject,0.1553008010505862,Reject,0.152138132730594,Reject,False,False,False,True,5.0,1.0,REPAYMENT_PERFORMANCE_QUALITY_EVIDENCE;BUREAU_ACTIVE_CREDIT_CAPACITY_EVIDENCE;BUREAU_CREDIT_HISTORY_QUALITY_EVIDENCE;BUREAU_RECENT_CREDIT_ACTIVITY_EVIDENCE;REPAYMENT_PRIOR_CREDIT_EXPERIENCE_EVIDENCE,REPAYMENT_PRIOR_CREDIT_EXPERIENCE_EVIDENCE
HC_HELDOUT_0000794,0.0304868524812255,Approve,0.0287823225227986,Approve,0.0287823225227986,Approve,False,False,True,True,0.0,0.0,,
HC_HELDOUT_0000795,0.0687601217760266,Approve,0.0687601217760266,Approve,0.0687601217760266,Approve,False,False,False,False,5.0,5.0,REPAYMENT_PERFORMANCE_QUALITY_EVIDENCE;BUREAU_ACTIVE_CREDIT_CAPACITY_EVIDENCE;BUREAU_CREDIT_HISTORY_QUALITY_EVIDENCE;BUREAU_RECENT_CREDIT_ACTIVITY_EVIDENCE;REPAYMENT_PRIOR_CREDIT_EXPERIENCE_EVIDENCE,BUREAU_ACTIVE_CREDIT_CAPACITY_EVIDENCE;BUREAU_CREDIT_HISTORY_QUALITY_EVIDENCE;REPAYMENT_PERFORMANCE_QUALITY_EVIDENCE;REPAYMENT_PRIOR_CREDIT_EXPERIENCE_EVIDENCE;BUREAU_RECENT_CREDIT_ACTIVITY_EVIDENCE
HC_HELDOUT_0000796,0.0256319151836809,Approve,0.0338728631264825,Approve,0.0302931027778646,Approve,False,False,True,True,1.0,1.0,REPAYMENT_PERFORMANCE_QUALITY_EVIDENCE,BUREAU_ACTIVE_CREDIT_CAPACITY_EVIDENCE
HC_HELDOUT_0000797,0.1756335435872275,Reject,0.145709276663542,Reject,0.1472201930109052,Reject,False,False,True,True,1.0,1.0,REPAYMENT_PERFORMANCE_QUALITY_EVIDENCE,BUREAU_ACTIVE_CREDIT_CAPACITY_EVIDENCE
HC_HELDOUT_0000798,0.2680404731942246,Reject,0.1702914250036239,Reject,0.1702914250036239,Reject,False,False,True,True,0.0,0.0,,
HC_HELDOUT_0000799,0.0936108673849775,Reject,0.1379408364549119,Reject,0.1379408364549119,Reject,False,False,True,True,0.0,0.0,,
HC_HELDOUT_0000800,0.0495367004302497,Approve,0.0495367004302497,Approve,0.0495367004302497,Approve,False,False,False,False,5.0,5.0,REPAYMENT_PERFORMANCE_QUALITY_EVIDENCE;BUREAU_ACTIVE_CREDIT_CAPACITY_EVIDENCE;BUREAU_CREDIT_HISTORY_QUALITY_EVIDENCE;BUREAU_RECENT_CREDIT_ACTIVITY_EVIDENCE;REPAYMENT_PRIOR_CREDIT_EXPERIENCE_EVIDENCE,BUREAU_ACTIVE_CREDIT_CAPACITY_EVIDENCE;BUREAU_CREDIT_HISTORY_QUALITY_EVIDENCE;BUREAU_RECENT_CREDIT_ACTIVITY_EVIDENCE;REPAYMENT_PRIOR_CREDIT_EXPERIENCE_EVIDENCE;REPAYMENT_PERFORMANCE_QUALITY_EVIDENCE
HC_HELDOUT_0000801,0.0517115333923857,Approve,0.0517115333923857,Approve,0.0517115333923857,Approve,False,False,False,False,5.0,5.0,REPAYMENT_PERFORMANCE_QUALITY_EVIDENCE;BUREAU_ACTIVE_CREDIT_CAPACITY_EVIDENCE;BUREAU_CREDIT_HISTORY_QUALITY_EVIDENCE;BUREAU_RECENT_CREDIT_ACTIVITY_EVIDENCE;REPAYMENT_PRIOR_CREDIT_EXPERIENCE_EVIDENCE,BUREAU_ACTIVE_CREDIT_CAPACITY_EVIDENCE;REPAYMENT_PERFORMANCE_QUALITY_EVIDENCE;BUREAU_RECENT_CREDIT_ACTIVITY_EVIDENCE;REPAYMENT_PRIOR_CREDIT_EXPERIENCE_EVIDENCE;BUREAU_CREDIT_HISTORY_QUALITY_EVIDENCE
HC_HELDOUT_0000802,0.23145320958555,Reject,0.2182622629280554,Reject,0.2182622629280554,Reject,False,False,True,True,0.0,0.0,,
HC_HELDOUT_0000803,0.0206033889782552,Approve,0.0287823225227986,Approve,0.0287823225227986,Approve,False,False,True,True,0.0,0.0,,
HC_HELDOUT_0000804,0.0409304037039433,Approve,0.0355841894969214,Approve,0.0409304037039433,Approve,False,False,True,False,2.0,5.0,REPAYMENT_PERFORMANCE_QUALITY_EVIDENCE;BUREAU_ACTIVE_CREDIT_CAPACITY_EVIDENCE,BUREAU_ACTIVE_CREDIT_CAPACITY_EVIDENCE;BUREAU_RECENT_CREDIT_ACTIVITY_EVIDENCE;REPAYMENT_PRIOR_CREDIT_EXPERIENCE_EVIDENCE;BUREAU_CREDIT_HISTORY_QUALITY_EVIDENCE;REPAYMENT_PERFORMANCE_QUALITY_EVIDENCE
HC_HELDOUT_0000805,0.0314981274865065,Approve,0.0344518782771958,Approve,0.0341457956551535,Approve,False,False,True,True,4.0,3.0,REPAYMENT_PERFORMANCE_QUALITY_EVIDENCE;BUREAU_ACTIVE_CREDIT_CAPACITY_EVIDENCE;BUREAU_CREDIT_HISTORY_QUALITY_EVIDENCE;BUREAU_RECENT_CREDIT_ACTIVITY_EVIDENCE,REPAYMENT_PERFORMANCE_QUALITY_EVIDENCE;BUREAU_RECENT_CREDIT_ACTIVITY_EVIDENCE;BUREAU_ACTIVE_CREDIT_CAPACITY_EVIDENCE
HC_HELDOUT_0000806,0.0501410766368977,Approve,0.0501410766368977,Approve,0.0501410766368977,Approve,False,False,False,False,5.0,5.0,REPAYMENT_PERFORMANCE_QUALITY_EVIDENCE;BUREAU_ACTIVE_CREDIT_CAPACITY_EVIDENCE;BUREAU_CREDIT_HISTORY_QUALITY_EVIDENCE;BUREAU_RECENT_CREDIT_ACTIVITY_EVIDENCE;REPAYMENT_PRIOR_CREDIT_EXPERIENCE_EVIDENCE,BUREAU_CREDIT_HISTORY_QUALITY_EVIDENCE;REPAYMENT_PERFORMANCE_QUALITY_EVIDENCE;BUREAU_RECENT_CREDIT_ACTIVITY_EVIDENCE;REPAYMENT_PRIOR_CREDIT_EXPERIENCE_EVIDENCE;BUREAU_ACTIVE_CREDIT_CAPACITY_EVIDENCE
HC_HELDOUT_0000807,0.0850063936303003,Approve,0.0850063936303003,Approve,0.0850063936303003,Approve,False,False,False,False,5.0,5.0,REPAYMENT_PERFORMANCE_QUALITY_EVIDENCE;BUREAU_ACTIVE_CREDIT_CAPACITY_EVIDENCE;BUREAU_CREDIT_HISTORY_QUALITY_EVIDENCE;BUREAU_RECENT_CREDIT_ACTIVITY_EVIDENCE;REPAYMENT_PRIOR_CREDIT_EXPERIENCE_EVIDENCE,REPAYMENT_PERFORMANCE_QUALITY_EVIDENCE;BUREAU_RECENT_CREDIT_ACTIVITY_EVIDENCE;BUREAU_CREDIT_HISTORY_QUALITY_EVIDENCE;REPAYMENT_PRIOR_CREDIT_EXPERIENCE_EVIDENCE;BUREAU_ACTIVE_CREDIT_CAPACITY_EVIDENCE
HC_HELDOUT_0000808,0.2074813723963035,Reject,0.1815737250864081,Reject,0.1815737250864081,Reject,False,False,True,True,1.0,1.0,REPAYMENT_PERFORMANCE_QUALITY_EVIDENCE,REPAYMENT_PERFORMANCE_QUALITY_EVIDENCE
HC_HELDOUT_0000809,0.168038644898431,Reject,0.1640177555930791,Reject,0.1640177555930791,Reject,False,False,True,True,0.0,0.0,,
HC_HELDOUT_0000810,0.056764145137726,Approve,0.056764145137726,Approve,0.056764145137726,Approve,False,False,False,False,5.0,5.0,REPAYMENT_PERFORMANCE_QUALITY_EVIDENCE;BUREAU_ACTIVE_CREDIT_CAPACITY_EVIDENCE;BUREAU_CREDIT_HISTORY_QUALITY_EVIDENCE;BUREAU_RECENT_CREDIT_ACTIVITY_EVIDENCE;REPAYMENT_PRIOR_CREDIT_EXPERIENCE_EVIDENCE,REPAYMENT_PRIOR_CREDIT_EXPERIENCE_EVIDENCE;BUREAU_RECENT_CREDIT_ACTIVITY_EVIDENCE;BUREAU_CREDIT_HISTORY_QUALITY_EVIDENCE;BUREAU_ACTIVE_CREDIT_CAPACITY_EVIDENCE;REPAYMENT_PERFORMANCE_QUALITY_EVIDENCE
HC_HELDOUT_0000811,0.155288612950608,Reject,0.1731974420634906,Reject,0.1731974420634906,Reject,False,False,True,True,0.0,0.0,,
HC_HELDOUT_0000812,0.0857322697908255,Approve,0.0857322697908255,Approve,0.0857322697908255,Approve,False,False,False,False,5.0,5.0,REPAYMENT_PERFORMANCE_QUALITY_EVIDENCE;BUREAU_ACTIVE_CREDIT_CAPACITY_EVIDENCE;BUREAU_CREDIT_HISTORY_QUALITY_EVIDENCE;BUREAU_RECENT_CREDIT_ACTIVITY_EVIDENCE;REPAYMENT_PRIOR_CREDIT_EXPERIENCE_EVIDENCE,REPAYMENT_PRIOR_CREDIT_EXPERIENCE_EVIDENCE;BUREAU_ACTIVE_CREDIT_CAPACITY_EVIDENCE;REPAYMENT_PERFORMANCE_QUALITY_EVIDENCE;BUREAU_CREDIT_HISTORY_QUALITY_EVIDENCE;BUREAU_RECENT_CREDIT_ACTIVITY_EVIDENCE
HC_HELDOUT_0000813,0.0659502061172432,Approve,0.0659502061172432,Approve,0.0659502061172432,Approve,False,False,False,False,5.0,5.0,REPAYMENT_PERFORMANCE_QUALITY_EVIDENCE;BUREAU_ACTIVE_CREDIT_CAPACITY_EVIDENCE;BUREAU_CREDIT_HISTORY_QUALITY_EVIDENCE;BUREAU_RECENT_CREDIT_ACTIVITY_EVIDENCE;REPAYMENT_PRIOR_CREDIT_EXPERIENCE_EVIDENCE,REPAYMENT_PERFORMANCE_QUALITY_EVIDENCE;BUREAU_ACTIVE_CREDIT_CAPACITY_EVIDENCE;BUREAU_RECENT_CREDIT_ACTIVITY_EVIDENCE;REPAYMENT_PRIOR_CREDIT_EXPERIENCE_EVIDENCE;BUREAU_CREDIT_HISTORY_QUALITY_EVIDENCE
HC_HELDOUT_0000814,0.1224304634187742,Reject,0.1224304634187742,Reject,0.1224304634187742,Reject,False,False,False,False,5.0,5.0,REPAYMENT_PERFORMANCE_QUALITY_EVIDENCE;BUREAU_ACTIVE_CREDIT_CAPACITY_EVIDENCE;BUREAU_CREDIT_HISTORY_QUALITY_EVIDENCE;BUREAU_RECENT_CREDIT_ACTIVITY_EVIDENCE;REPAYMENT_PRIOR_CREDIT_EXPERIENCE_EVIDENCE,BUREAU_CREDIT_HISTORY_QUALITY_EVIDENCE;REPAYMENT_PRIOR_CREDIT_EXPERIENCE_EVIDENCE;REPAYMENT_PERFORMANCE_QUALITY_EVIDENCE;BUREAU_RECENT_CREDIT_ACTIVITY_EVIDENCE;BUREAU_ACTIVE_CREDIT_CAPACITY_EVIDENCE
HC_HELDOUT_0000815,0.0099190465345282,Approve,0.0205175445264909,Approve,0.0205175445264909,Approve,False,False,True,True,0.0,0.0,,
HC_HELDOUT_0000816,0.0601484581470111,Approve,0.0601484581470111,Approve,0.0601484581470111,Approve,False,False,False,False,5.0,5.0,REPAYMENT_PERFORMANCE_QUALITY_EVIDENCE;BUREAU_ACTIVE_CREDIT_CAPACITY_EVIDENCE;BUREAU_CREDIT_HISTORY_QUALITY_EVIDENCE;BUREAU_RECENT_CREDIT_ACTIVITY_EVIDENCE;REPAYMENT_PRIOR_CREDIT_EXPERIENCE_EVIDENCE,REPAYMENT_PERFORMANCE_QUALITY_EVIDENCE;BUREAU_RECENT_CREDIT_ACTIVITY_EVIDENCE;BUREAU_ACTIVE_CREDIT_CAPACITY_EVIDENCE;REPAYMENT_PRIOR_CREDIT_EXPERIENCE_EVIDENCE;BUREAU_CREDIT_HISTORY_QUALITY_EVIDENCE
HC_HELDOUT_0000817,0.1352291837147755,Reject,0.2213920508391076,Reject,0.2213920508391076,Reject,False,False,True,True,0.0,0.0,,
HC_HELDOUT_0000818,0.0219841531728258,Approve,0.0340962573123107,Approve,0.0340962573123107,Approve,False,False,True,True,0.0,0.0,,
HC_HELDOUT_0000819,0.0339354857661849,Approve,0.0335431829738289,Approve,0.0338086203734762,Approve,False,False,True,True,3.0,1.0,REPAYMENT_PERFORMANCE_QUALITY_EVIDENCE;BUREAU_ACTIVE_CREDIT_CAPACITY_EVIDENCE;BUREAU_CREDIT_HISTORY_QUALITY_EVIDENCE,BUREAU_CREDIT_HISTORY_QUALITY_EVIDENCE
HC_HELDOUT_0000820,0.0552275895167239,Approve,0.0552275895167239,Approve,0.0552275895167239,Approve,False,False,False,False,5.0,5.0,REPAYMENT_PERFORMANCE_QUALITY_EVIDENCE;BUREAU_ACTIVE_CREDIT_CAPACITY_EVIDENCE;BUREAU_CREDIT_HISTORY_QUALITY_EVIDENCE;BUREAU_RECENT_CREDIT_ACTIVITY_EVIDENCE;REPAYMENT_PRIOR_CREDIT_EXPERIENCE_EVIDENCE,BUREAU_RECENT_CREDIT_ACTIVITY_EVIDENCE;REPAYMENT_PERFORMANCE_QUALITY_EVIDENCE;BUREAU_ACTIVE_CREDIT_CAPACITY_EVIDENCE;REPAYMENT_PRIOR_CREDIT_EXPERIENCE_EVIDENCE;BUREAU_CREDIT_HISTORY_QUALITY_EVIDENCE
HC_HELDOUT_0000821,0.183633976822756,Reject,0.1450091374348116,Reject,0.1450091374348116,Reject,False,False,True,True,0.0,0.0,,
HC_HELDOUT_0000822,0.060441680463302,Approve,0.060441680463302,Approve,0.060441680463302,Approve,False,False,False,False,5.0,5.0,REPAYMENT_PERFORMANCE_QUALITY_EVIDENCE;BUREAU_ACTIVE_CREDIT_CAPACITY_EVIDENCE;BUREAU_CREDIT_HISTORY_QUALITY_EVIDENCE;BUREAU_RECENT_CREDIT_ACTIVITY_EVIDENCE;REPAYMENT_PRIOR_CREDIT_EXPERIENCE_EVIDENCE,REPAYMENT_PERFORMANCE_QUALITY_EVIDENCE;BUREAU_ACTIVE_CREDIT_CAPACITY_EVIDENCE;BUREAU_RECENT_CREDIT_ACTIVITY_EVIDENCE;REPAYMENT_PRIOR_CREDIT_EXPERIENCE_EVIDENCE;BUREAU_CREDIT_HISTORY_QUALITY_EVIDENCE
HC_HELDOUT_0000823,0.0368297005227995,Approve,0.0299436305291286,Approve,0.0281516384143057,Approve,False,False,True,True,1.0,4.0,REPAYMENT_PERFORMANCE_QUALITY_EVIDENCE,BUREAU_CREDIT_HISTORY_QUALITY_EVIDENCE;BUREAU_ACTIVE_CREDIT_CAPACITY_EVIDENCE;BUREAU_RECENT_CREDIT_ACTIVITY_EVIDENCE;REPAYMENT_PERFORMANCE_QUALITY_EVIDENCE
HC_HELDOUT_0000824,0.0360756045448029,Approve,0.034091549183077,Approve,0.036000539741727,Approve,False,False,True,True,1.0,1.0,REPAYMENT_PERFORMANCE_QUALITY_EVIDENCE,BUREAU_ACTIVE_CREDIT_CAPACITY_EVIDENCE
HC_HELDOUT_0000825,0.15577513378082,Reject,0.1586124867457246,Reject,0.1586124867457246,Reject,False,False,True,True,0.0,0.0,,
HC_HELDOUT_0000826,0.0799183525874125,Approve,0.0799183525874125,Approve,0.0799183525874125,Approve,False,False,False,False,5.0,5.0,REPAYMENT_PERFORMANCE_QUALITY_EVIDENCE;BUREAU_ACTIVE_CREDIT_CAPACITY_EVIDENCE;BUREAU_CREDIT_HISTORY_QUALITY_EVIDENCE;BUREAU_RECENT_CREDIT_ACTIVITY_EVIDENCE;REPAYMENT_PRIOR_CREDIT_EXPERIENCE_EVIDENCE,REPAYMENT_PRIOR_CREDIT_EXPERIENCE_EVIDENCE;REPAYMENT_PERFORMANCE_QUALITY_EVIDENCE;BUREAU_RECENT_CREDIT_ACTIVITY_EVIDENCE;BUREAU_CREDIT_HISTORY_QUALITY_EVIDENCE;BUREAU_ACTIVE_CREDIT_CAPACITY_EVIDENCE
HC_HELDOUT_0000827,0.1077526123017385,Reject,0.1077526123017385,Reject,0.1077526123017385,Reject,False,False,False,False,5.0,5.0,REPAYMENT_PERFORMANCE_QUALITY_EVIDENCE;BUREAU_ACTIVE_CREDIT_CAPACITY_EVIDENCE;BUREAU_CREDIT_HISTORY_QUALITY_EVIDENCE;BUREAU_RECENT_CREDIT_ACTIVITY_EVIDENCE;REPAYMENT_PRIOR_CREDIT_EXPERIENCE_EVIDENCE,BUREAU_ACTIVE_CREDIT_CAPACITY_EVIDENCE;REPAYMENT_PRIOR_CREDIT_EXPERIENCE_EVIDENCE;BUREAU_RECENT_CREDIT_ACTIVITY_EVIDENCE;REPAYMENT_PERFORMANCE_QUALITY_EVIDENCE;BUREAU_CREDIT_HISTORY_QUALITY_EVIDENCE
HC_HELDOUT_0000828,0.028404685834884,Approve,0.0310328489630167,Approve,0.0310328489630167,Approve,False,False,True,True,1.0,1.0,REPAYMENT_PERFORMANCE_QUALITY_EVIDENCE,REPAYMENT_PERFORMANCE_QUALITY_EVIDENCE
HC_HELDOUT_0000829,0.0756933233732929,Approve,0.0756933233732929,Approve,0.0756933233732929,Approve,False,False,False,False,5.0,5.0,REPAYMENT_PERFORMANCE_QUALITY_EVIDENCE;BUREAU_ACTIVE_CREDIT_CAPACITY_EVIDENCE;BUREAU_CREDIT_HISTORY_QUALITY_EVIDENCE;BUREAU_RECENT_CREDIT_ACTIVITY_EVIDENCE;REPAYMENT_PRIOR_CREDIT_EXPERIENCE_EVIDENCE,REPAYMENT_PRIOR_CREDIT_EXPERIENCE_EVIDENCE;BUREAU_ACTIVE_CREDIT_CAPACITY_EVIDENCE;REPAYMENT_PERFORMANCE_QUALITY_EVIDENCE;BUREAU_RECENT_CREDIT_ACTIVITY_EVIDENCE;BUREAU_CREDIT_HISTORY_QUALITY_EVIDENCE
HC_HELDOUT_0000830,0.0342219887341487,Approve,0.0345481612291848,Approve,0.0345481612291848,Approve,False,False,True,True,0.0,0.0,,
HC_HELDOUT_0000831,0.1242398744816989,Reject,0.1242398744816989,Reject,0.1242398744816989,Reject,False,False,False,False,5.0,5.0,REPAYMENT_PERFORMANCE_QUALITY_EVIDENCE;BUREAU_ACTIVE_CREDIT_CAPACITY_EVIDENCE;BUREAU_CREDIT_HISTORY_QUALITY_EVIDENCE;BUREAU_RECENT_CREDIT_ACTIVITY_EVIDENCE;REPAYMENT_PRIOR_CREDIT_EXPERIENCE_EVIDENCE,BUREAU_RECENT_CREDIT_ACTIVITY_EVIDENCE;BUREAU_ACTIVE_CREDIT_CAPACITY_EVIDENCE;BUREAU_CREDIT_HISTORY_QUALITY_EVIDENCE;REPAYMENT_PRIOR_CREDIT_EXPERIENCE_EVIDENCE;REPAYMENT_PERFORMANCE_QUALITY_EVIDENCE
HC_HELDOUT_0000832,0.2435140935059122,Reject,0.1918704535368199,Reject,0.1918704535368199,Reject,False,False,True,True,0.0,0.0,,
HC_HELDOUT_0000833,0.0181175279018949,Approve,0.0197352498084294,Approve,0.0197352498084294,Approve,False,False,True,True,0.0,0.0,,
HC_HELDOUT_0000834,0.0455620669627457,Approve,0.0455620669627457,Approve,0.0455620669627457,Approve,False,False,False,False,5.0,5.0,REPAYMENT_PERFORMANCE_QUALITY_EVIDENCE;BUREAU_ACTIVE_CREDIT_CAPACITY_EVIDENCE;BUREAU_CREDIT_HISTORY_QUALITY_EVIDENCE;BUREAU_RECENT_CREDIT_ACTIVITY_EVIDENCE;REPAYMENT_PRIOR_CREDIT_EXPERIENCE_EVIDENCE,BUREAU_CREDIT_HISTORY_QUALITY_EVIDENCE;REPAYMENT_PRIOR_CREDIT_EXPERIENCE_EVIDENCE;REPAYMENT_PERFORMANCE_QUALITY_EVIDENCE;BUREAU_RECENT_CREDIT_ACTIVITY_EVIDENCE;BUREAU_ACTIVE_CREDIT_CAPACITY_EVIDENCE
HC_HELDOUT_0000835,0.018185677827918,Approve,0.0178333495581567,Approve,0.0178333495581567,Approve,False,False,True,True,0.0,0.0,,
HC_HELDOUT_0000836,0.105737521409407,Reject,0.1436276207767336,Reject,0.105737521409407,Reject,False,False,True,False,1.0,5.0,REPAYMENT_PERFORMANCE_QUALITY_EVIDENCE,BUREAU_RECENT_CREDIT_ACTIVITY_EVIDENCE;BUREAU_CREDIT_HISTORY_QUALITY_EVIDENCE;REPAYMENT_PRIOR_CREDIT_EXPERIENCE_EVIDENCE;REPAYMENT_PERFORMANCE_QUALITY_EVIDENCE;BUREAU_ACTIVE_CREDIT_CAPACITY_EVIDENCE
HC_HELDOUT_0000837,0.0806517522233664,Approve,0.0806517522233664,Approve,0.0806517522233664,Approve,False,False,False,False,5.0,5.0,REPAYMENT_PERFORMANCE_QUALITY_EVIDENCE;BUREAU_ACTIVE_CREDIT_CAPACITY_EVIDENCE;BUREAU_CREDIT_HISTORY_QUALITY_EVIDENCE;BUREAU_RECENT_CREDIT_ACTIVITY_EVIDENCE;REPAYMENT_PRIOR_CREDIT_EXPERIENCE_EVIDENCE,BUREAU_CREDIT_HISTORY_QUALITY_EVIDENCE;BUREAU_ACTIVE_CREDIT_CAPACITY_EVIDENCE;BUREAU_RECENT_CREDIT_ACTIVITY_EVIDENCE;REPAYMENT_PERFORMANCE_QUALITY_EVIDENCE;REPAYMENT_PRIOR_CREDIT_EXPERIENCE_EVIDENCE
HC_HELDOUT_0000838,0.0712521953892129,Approve,0.1399219057126404,Reject,0.1399219057126404,Reject,True,True,True,True,0.0,0.0,,
HC_HELDOUT_0000839,0.0792481952412958,Approve,0.0792481952412958,Approve,0.0792481952412958,Approve,False,False,False,False,5.0,5.0,REPAYMENT_PERFORMANCE_QUALITY_EVIDENCE;BUREAU_ACTIVE_CREDIT_CAPACITY_EVIDENCE;BUREAU_CREDIT_HISTORY_QUALITY_EVIDENCE;BUREAU_RECENT_CREDIT_ACTIVITY_EVIDENCE;REPAYMENT_PRIOR_CREDIT_EXPERIENCE_EVIDENCE,BUREAU_RECENT_CREDIT_ACTIVITY_EVIDENCE;REPAYMENT_PERFORMANCE_QUALITY_EVIDENCE;REPAYMENT_PRIOR_CREDIT_EXPERIENCE_EVIDENCE;BUREAU_CREDIT_HISTORY_QUALITY_EVIDENCE;BUREAU_ACTIVE_CREDIT_CAPACITY_EVIDENCE
HC_HELDOUT_0000840,0.0256951042481983,Approve,0.0348378057735874,Approve,0.0356722501551005,Approve,False,False,True,True,2.0,1.0,REPAYMENT_PERFORMANCE_QUALITY_EVIDENCE;BUREAU_ACTIVE_CREDIT_CAPACITY_EVIDENCE,BUREAU_CREDIT_HISTORY_QUALITY_EVIDENCE
HC_HELDOUT_0000841,0.0397387499590616,Approve,0.0360397417463568,Approve,0.0397387499590616,Approve,False,False,True,False,3.0,5.0,REPAYMENT_PERFORMANCE_QUALITY_EVIDENCE;BUREAU_ACTIVE_CREDIT_CAPACITY_EVIDENCE;BUREAU_CREDIT_HISTORY_QUALITY_EVIDENCE,REPAYMENT_PERFORMANCE_QUALITY_EVIDENCE;BUREAU_CREDIT_HISTORY_QUALITY_EVIDENCE;REPAYMENT_PRIOR_CREDIT_EXPERIENCE_EVIDENCE;BUREAU_RECENT_CREDIT_ACTIVITY_EVIDENCE;BUREAU_ACTIVE_CREDIT_CAPACITY_EVIDENCE
HC_HELDOUT_0000842,0.0393441545422271,Approve,0.0393441545422271,Approve,0.0393441545422271,Approve,False,False,False,False,5.0,5.0,REPAYMENT_PERFORMANCE_QUALITY_EVIDENCE;BUREAU_ACTIVE_CREDIT_CAPACITY_EVIDENCE;BUREAU_CREDIT_HISTORY_QUALITY_EVIDENCE;BUREAU_RECENT_CREDIT_ACTIVITY_EVIDENCE;REPAYMENT_PRIOR_CREDIT_EXPERIENCE_EVIDENCE,BUREAU_ACTIVE_CREDIT_CAPACITY_EVIDENCE;BUREAU_RECENT_CREDIT_ACTIVITY_EVIDENCE;BUREAU_CREDIT_HISTORY_QUALITY_EVIDENCE;REPAYMENT_PERFORMANCE_QUALITY_EVIDENCE;REPAYMENT_PRIOR_CREDIT_EXPERIENCE_EVIDENCE
HC_HELDOUT_0000843,0.0259554359435855,Approve,0.034091549183077,Approve,0.034091549183077,Approve,False,False,True,True,1.0,1.0,REPAYMENT_PERFORMANCE_QUALITY_EVIDENCE,REPAYMENT_PERFORMANCE_QUALITY_EVIDENCE
HC_HELDOUT_0000844,0.0829599840035388,Approve,0.0829599840035388,Approve,0.0829599840035388,Approve,False,False,False,False,5.0,5.0,REPAYMENT_PERFORMANCE_QUALITY_EVIDENCE;BUREAU_ACTIVE_CREDIT_CAPACITY_EVIDENCE;BUREAU_CREDIT_HISTORY_QUALITY_EVIDENCE;BUREAU_RECENT_CREDIT_ACTIVITY_EVIDENCE;REPAYMENT_PRIOR_CREDIT_EXPERIENCE_EVIDENCE,BUREAU_ACTIVE_CREDIT_CAPACITY_EVIDENCE;REPAYMENT_PERFORMANCE_QUALITY_EVIDENCE;REPAYMENT_PRIOR_CREDIT_EXPERIENCE_EVIDENCE;BUREAU_RECENT_CREDIT_ACTIVITY_EVIDENCE;BUREAU_CREDIT_HISTORY_QUALITY_EVIDENCE
HC_HELDOUT_0000845,0.020892779969558,Approve,0.0278519381362978,Approve,0.0278519381362978,Approve,False,False,True,True,0.0,0.0,,
HC_HELDOUT_0000846,0.0227606950720684,Approve,0.0352890346127149,Approve,0.0318930544494279,Approve,False,False,True,True,1.0,1.0,REPAYMENT_PERFORMANCE_QUALITY_EVIDENCE,BUREAU_CREDIT_HISTORY_QUALITY_EVIDENCE
HC_HELDOUT_0000847,0.0553317474792466,Approve,0.0553317474792466,Approve,0.0553317474792466,Approve,False,False,False,False,5.0,5.0,REPAYMENT_PERFORMANCE_QUALITY_EVIDENCE;BUREAU_ACTIVE_CREDIT_CAPACITY_EVIDENCE;BUREAU_CREDIT_HISTORY_QUALITY_EVIDENCE;BUREAU_RECENT_CREDIT_ACTIVITY_EVIDENCE;REPAYMENT_PRIOR_CREDIT_EXPERIENCE_EVIDENCE,REPAYMENT_PERFORMANCE_QUALITY_EVIDENCE;BUREAU_ACTIVE_CREDIT_CAPACITY_EVIDENCE;BUREAU_CREDIT_HISTORY_QUALITY_EVIDENCE;BUREAU_RECENT_CREDIT_ACTIVITY_EVIDENCE;REPAYMENT_PRIOR_CREDIT_EXPERIENCE_EVIDENCE
HC_HELDOUT_0000848,0.0446986894361772,Approve,0.0446986894361772,Approve,0.0446986894361772,Approve,False,False,False,False,5.0,5.0,REPAYMENT_PERFORMANCE_QUALITY_EVIDENCE;BUREAU_ACTIVE_CREDIT_CAPACITY_EVIDENCE;BUREAU_CREDIT_HISTORY_QUALITY_EVIDENCE;BUREAU_RECENT_CREDIT_ACTIVITY_EVIDENCE;REPAYMENT_PRIOR_CREDIT_EXPERIENCE_EVIDENCE,BUREAU_CREDIT_HISTORY_QUALITY_EVIDENCE;REPAYMENT_PRIOR_CREDIT_EXPERIENCE_EVIDENCE;BUREAU_ACTIVE_CREDIT_CAPACITY_EVIDENCE;REPAYMENT_PERFORMANCE_QUALITY_EVIDENCE;BUREAU_RECENT_CREDIT_ACTIVITY_EVIDENCE
HC_HELDOUT_0000849,0.023891723925887,Approve,0.0273620482862871,Approve,0.0273620482862871,Approve,False,False,True,True,0.0,0.0,,
HC_HELDOUT_0000850,0.039969341760774,Approve,0.039969341760774,Approve,0.039969341760774,Approve,False,False,False,False,5.0,5.0,REPAYMENT_PERFORMANCE_QUALITY_EVIDENCE;BUREAU_ACTIVE_CREDIT_CAPACITY_EVIDENCE;BUREAU_CREDIT_HISTORY_QUALITY_EVIDENCE;BUREAU_RECENT_CREDIT_ACTIVITY_EVIDENCE;REPAYMENT_PRIOR_CREDIT_EXPERIENCE_EVIDENCE,BUREAU_CREDIT_HISTORY_QUALITY_EVIDENCE;REPAYMENT_PERFORMANCE_QUALITY_EVIDENCE;BUREAU_RECENT_CREDIT_ACTIVITY_EVIDENCE;BUREAU_ACTIVE_CREDIT_CAPACITY_EVIDENCE;REPAYMENT_PRIOR_CREDIT_EXPERIENCE_EVIDENCE
HC_HELDOUT_0000851,0.1483350798370047,Reject,0.1728495522213259,Reject,0.1728495522213259,Reject,False,False,True,True,0.0,0.0,,
HC_HELDOUT_0000852,0.0198136436214706,Approve,0.0203834615032452,Approve,0.0203834615032452,Approve,False,False,True,True,0.0,0.0,,
HC_HELDOUT_0000853,0.0298674760900872,Approve,0.0337257954382737,Approve,0.0337257954382737,Approve,False,False,True,True,0.0,0.0,,
HC_HELDOUT_0000854,0.027210720603041,Approve,0.0234191458842708,Approve,0.0234191458842708,Approve,False,False,True,True,0.0,0.0,,
HC_HELDOUT_0000855,0.0320181082471122,Approve,0.0369716143947354,Approve,0.033321834463182,Approve,False,False,True,True,3.0,1.0,REPAYMENT_PERFORMANCE_QUALITY_EVIDENCE;BUREAU_ACTIVE_CREDIT_CAPACITY_EVIDENCE;BUREAU_CREDIT_HISTORY_QUALITY_EVIDENCE,BUREAU_CREDIT_HISTORY_QUALITY_EVIDENCE
HC_HELDOUT_0000856,0.0282637668003715,Approve,0.0352890346127149,Approve,0.0316013244726047,Approve,False,False,True,True,1.0,1.0,REPAYMENT_PERFORMANCE_QUALITY_EVIDENCE,BUREAU_ACTIVE_CREDIT_CAPACITY_EVIDENCE
HC_HELDOUT_0000857,0.0382221508397841,Approve,0.0363316993181973,Approve,0.0340027641512351,Approve,False,False,True,True,1.0,4.0,REPAYMENT_PERFORMANCE_QUALITY_EVIDENCE,REPAYMENT_PRIOR_CREDIT_EXPERIENCE_EVIDENCE;BUREAU_RECENT_CREDIT_ACTIVITY_EVIDENCE;BUREAU_ACTIVE_CREDIT_CAPACITY_EVIDENCE;REPAYMENT_PERFORMANCE_QUALITY_EVIDENCE
HC_HELDOUT_0000858,0.1482825686683105,Reject,0.1391298207657016,Reject,0.1556482374377668,Reject,False,False,True,True,2.0,1.0,REPAYMENT_PERFORMANCE_QUALITY_EVIDENCE;BUREAU_ACTIVE_CREDIT_CAPACITY_EVIDENCE,BUREAU_CREDIT_HISTORY_QUALITY_EVIDENCE
HC_HELDOUT_0000859,0.0132263816286289,Approve,0.0200076715778221,Approve,0.0200076715778221,Approve,False,False,True,True,0.0,0.0,,
HC_HELDOUT_0000860,0.0603138037218547,Approve,0.0363439730361987,Approve,0.0603138037218547,Approve,False,False,True,False,1.0,5.0,REPAYMENT_PERFORMANCE_QUALITY_EVIDENCE,BUREAU_RECENT_CREDIT_ACTIVITY_EVIDENCE;BUREAU_CREDIT_HISTORY_QUALITY_EVIDENCE;BUREAU_ACTIVE_CREDIT_CAPACITY_EVIDENCE;REPAYMENT_PRIOR_CREDIT_EXPERIENCE_EVIDENCE;REPAYMENT_PERFORMANCE_QUALITY_EVIDENCE
HC_HELDOUT_0000861,0.0221239228755078,Approve,0.0183325505593165,Approve,0.0183325505593165,Approve,False,False,True,True,0.0,0.0,,
HC_HELDOUT_0000862,0.0242014662814486,Approve,0.0347024146286459,Approve,0.0347024146286459,Approve,False,False,True,True,0.0,0.0,,
HC_HELDOUT_0000863,0.0762171697284262,Approve,0.0762171697284262,Approve,0.0762171697284262,Approve,False,False,False,False,5.0,5.0,REPAYMENT_PERFORMANCE_QUALITY_EVIDENCE;BUREAU_ACTIVE_CREDIT_CAPACITY_EVIDENCE;BUREAU_CREDIT_HISTORY_QUALITY_EVIDENCE;BUREAU_RECENT_CREDIT_ACTIVITY_EVIDENCE;REPAYMENT_PRIOR_CREDIT_EXPERIENCE_EVIDENCE,BUREAU_RECENT_CREDIT_ACTIVITY_EVIDENCE;BUREAU_CREDIT_HISTORY_QUALITY_EVIDENCE;REPAYMENT_PRIOR_CREDIT_EXPERIENCE_EVIDENCE;BUREAU_ACTIVE_CREDIT_CAPACITY_EVIDENCE;REPAYMENT_PERFORMANCE_QUALITY_EVIDENCE
HC_HELDOUT_0000864,0.0348366321925277,Approve,0.0348366321925277,Approve,0.0348366321925277,Approve,False,False,False,False,5.0,5.0,REPAYMENT_PERFORMANCE_QUALITY_EVIDENCE;BUREAU_ACTIVE_CREDIT_CAPACITY_EVIDENCE;BUREAU_CREDIT_HISTORY_QUALITY_EVIDENCE;BUREAU_RECENT_CREDIT_ACTIVITY_EVIDENCE;REPAYMENT_PRIOR_CREDIT_EXPERIENCE_EVIDENCE,BUREAU_ACTIVE_CREDIT_CAPACITY_EVIDENCE;BUREAU_CREDIT_HISTORY_QUALITY_EVIDENCE;REPAYMENT_PERFORMANCE_QUALITY_EVIDENCE;BUREAU_RECENT_CREDIT_ACTIVITY_EVIDENCE;REPAYMENT_PRIOR_CREDIT_EXPERIENCE_EVIDENCE
HC_HELDOUT_0000865,0.0371735513554671,Approve,0.0361255495492574,Approve,0.0323263768963252,Approve,False,False,True,True,2.0,4.0,REPAYMENT_PERFORMANCE_QUALITY_EVIDENCE;BUREAU_ACTIVE_CREDIT_CAPACITY_EVIDENCE,BUREAU_CREDIT_HISTORY_QUALITY_EVIDENCE;REPAYMENT_PRIOR_CREDIT_EXPERIENCE_EVIDENCE;BUREAU_RECENT_CREDIT_ACTIVITY_EVIDENCE;BUREAU_ACTIVE_CREDIT_CAPACITY_EVIDENCE
HC_HELDOUT_0000866,0.1131014186360487,Reject,0.1684859363238943,Reject,0.1684859363238943,Reject,False,False,True,True,0.0,0.0,,
HC_HELDOUT_0000867,0.2514897565725064,Reject,0.2037080156660617,Reject,0.2037080156660617,Reject,False,False,True,True,0.0,0.0,,
HC_HELDOUT_0000868,0.0808110024635762,Approve,0.0808110024635762,Approve,0.0808110024635762,Approve,False,False,False,False,5.0,5.0,REPAYMENT_PERFORMANCE_QUALITY_EVIDENCE;BUREAU_ACTIVE_CREDIT_CAPACITY_EVIDENCE;BUREAU_CREDIT_HISTORY_QUALITY_EVIDENCE;BUREAU_RECENT_CREDIT_ACTIVITY_EVIDENCE;REPAYMENT_PRIOR_CREDIT_EXPERIENCE_EVIDENCE,BUREAU_RECENT_CREDIT_ACTIVITY_EVIDENCE;REPAYMENT_PRIOR_CREDIT_EXPERIENCE_EVIDENCE;BUREAU_CREDIT_HISTORY_QUALITY_EVIDENCE;REPAYMENT_PERFORMANCE_QUALITY_EVIDENCE;BUREAU_ACTIVE_CREDIT_CAPACITY_EVIDENCE
HC_HELDOUT_0000869,0.0543018803759576,Approve,0.0543018803759576,Approve,0.0543018803759576,Approve,False,False,False,False,5.0,5.0,REPAYMENT_PERFORMANCE_QUALITY_EVIDENCE;BUREAU_ACTIVE_CREDIT_CAPACITY_EVIDENCE;BUREAU_CREDIT_HISTORY_QUALITY_EVIDENCE;BUREAU_RECENT_CREDIT_ACTIVITY_EVIDENCE;REPAYMENT_PRIOR_CREDIT_EXPERIENCE_EVIDENCE,BUREAU_ACTIVE_CREDIT_CAPACITY_EVIDENCE;BUREAU_CREDIT_HISTORY_QUALITY_EVIDENCE;BUREAU_RECENT_CREDIT_ACTIVITY_EVIDENCE;REPAYMENT_PERFORMANCE_QUALITY_EVIDENCE;REPAYMENT_PRIOR_CREDIT_EXPERIENCE_EVIDENCE
HC_HELDOUT_0000870,0.0501776322355327,Approve,0.0501776322355327,Approve,0.0501776322355327,Approve,False,False,False,False,5.0,5.0,REPAYMENT_PERFORMANCE_QUALITY_EVIDENCE;BUREAU_ACTIVE_CREDIT_CAPACITY_EVIDENCE;BUREAU_CREDIT_HISTORY_QUALITY_EVIDENCE;BUREAU_RECENT_CREDIT_ACTIVITY_EVIDENCE;REPAYMENT_PRIOR_CREDIT_EXPERIENCE_EVIDENCE,BUREAU_RECENT_CREDIT_ACTIVITY_EVIDENCE;BUREAU_CREDIT_HISTORY_QUALITY_EVIDENCE;BUREAU_ACTIVE_CREDIT_CAPACITY_EVIDENCE;REPAYMENT_PERFORMANCE_QUALITY_EVIDENCE;REPAYMENT_PRIOR_CREDIT_EXPERIENCE_EVIDENCE
HC_HELDOUT_0000871,0.0615327158259553,Approve,0.0615327158259553,Approve,0.0615327158259553,Approve,False,False,False,False,5.0,5.0,REPAYMENT_PERFORMANCE_QUALITY_EVIDENCE;BUREAU_ACTIVE_CREDIT_CAPACITY_EVIDENCE;BUREAU_CREDIT_HISTORY_QUALITY_EVIDENCE;BUREAU_RECENT_CREDIT_ACTIVITY_EVIDENCE;REPAYMENT_PRIOR_CREDIT_EXPERIENCE_EVIDENCE,REPAYMENT_PERFORMANCE_QUALITY_EVIDENCE;BUREAU_RECENT_CREDIT_ACTIVITY_EVIDENCE;BUREAU_ACTIVE_CREDIT_CAPACITY_EVIDENCE;BUREAU_CREDIT_HISTORY_QUALITY_EVIDENCE;REPAYMENT_PRIOR_CREDIT_EXPERIENCE_EVIDENCE
HC_HELDOUT_0000872,0.0351404110336054,Approve,0.0351404110336054,Approve,0.0348064944266486,Approve,False,False,False,True,5.0,2.0,REPAYMENT_PERFORMANCE_QUALITY_EVIDENCE;BUREAU_ACTIVE_CREDIT_CAPACITY_EVIDENCE;BUREAU_CREDIT_HISTORY_QUALITY_EVIDENCE;BUREAU_RECENT_CREDIT_ACTIVITY_EVIDENCE;REPAYMENT_PRIOR_CREDIT_EXPERIENCE_EVIDENCE,BUREAU_ACTIVE_CREDIT_CAPACITY_EVIDENCE;BUREAU_CREDIT_HISTORY_QUALITY_EVIDENCE
HC_HELDOUT_0000873,0.0423153327192057,Approve,0.0344918659342997,Approve,0.0344918659342997,Approve,False,False,True,True,0.0,0.0,,
HC_HELDOUT_0000874,0.0102557606830391,Approve,0.018125736327066,Approve,0.018125736327066,Approve,False,False,True,True,0.0,0.0,,
HC_HELDOUT_0000875,0.0285345399320737,Approve,0.0287823225227986,Approve,0.0287823225227986,Approve,False,False,True,True,0.0,0.0,,
HC_HELDOUT_0000876,0.0375463023889321,Approve,0.0375463023889321,Approve,0.03638543493235,Approve,False,False,False,True,5.0,2.0,REPAYMENT_PERFORMANCE_QUALITY_EVIDENCE;BUREAU_ACTIVE_CREDIT_CAPACITY_EVIDENCE;BUREAU_CREDIT_HISTORY_QUALITY_EVIDENCE;BUREAU_RECENT_CREDIT_ACTIVITY_EVIDENCE;REPAYMENT_PRIOR_CREDIT_EXPERIENCE_EVIDENCE,BUREAU_ACTIVE_CREDIT_CAPACITY_EVIDENCE;BUREAU_CREDIT_HISTORY_QUALITY_EVIDENCE
HC_HELDOUT_0000877,0.0305720905862172,Approve,0.0344788959785599,Approve,0.0344788959785599,Approve,False,False,True,True,0.0,0.0,,
HC_HELDOUT_0000878,0.1072143810162759,Reject,0.1583823240183414,Reject,0.1072143810162759,Reject,False,False,True,False,1.0,5.0,REPAYMENT_PERFORMANCE_QUALITY_EVIDENCE,REPAYMENT_PRIOR_CREDIT_EXPERIENCE_EVIDENCE;BUREAU_RECENT_CREDIT_ACTIVITY_EVIDENCE;BUREAU_CREDIT_HISTORY_QUALITY_EVIDENCE;BUREAU_ACTIVE_CREDIT_CAPACITY_EVIDENCE;REPAYMENT_PERFORMANCE_QUALITY_EVIDENCE
HC_HELDOUT_0000879,0.0574307594172575,Approve,0.0574307594172575,Approve,0.0574307594172575,Approve,False,False,False,False,5.0,5.0,REPAYMENT_PERFORMANCE_QUALITY_EVIDENCE;BUREAU_ACTIVE_CREDIT_CAPACITY_EVIDENCE;BUREAU_CREDIT_HISTORY_QUALITY_EVIDENCE;BUREAU_RECENT_CREDIT_ACTIVITY_EVIDENCE;REPAYMENT_PRIOR_CREDIT_EXPERIENCE_EVIDENCE,BUREAU_ACTIVE_CREDIT_CAPACITY_EVIDENCE;BUREAU_CREDIT_HISTORY_QUALITY_EVIDENCE;BUREAU_RECENT_CREDIT_ACTIVITY_EVIDENCE;REPAYMENT_PERFORMANCE_QUALITY_EVIDENCE;REPAYMENT_PRIOR_CREDIT_EXPERIENCE_EVIDENCE
HC_HELDOUT_0000880,0.0957671416339026,Reject,0.0957671416339026,Reject,0.0957671416339026,Reject,False,False,False,False,5.0,5.0,REPAYMENT_PERFORMANCE_QUALITY_EVIDENCE;BUREAU_ACTIVE_CREDIT_CAPACITY_EVIDENCE;BUREAU_CREDIT_HISTORY_QUALITY_EVIDENCE;BUREAU_RECENT_CREDIT_ACTIVITY_EVIDENCE;REPAYMENT_PRIOR_CREDIT_EXPERIENCE_EVIDENCE,REPAYMENT_PERFORMANCE_QUALITY_EVIDENCE;BUREAU_CREDIT_HISTORY_QUALITY_EVIDENCE;BUREAU_ACTIVE_CREDIT_CAPACITY_EVIDENCE;REPAYMENT_PRIOR_CREDIT_EXPERIENCE_EVIDENCE;BUREAU_RECENT_CREDIT_ACTIVITY_EVIDENCE
HC_HELDOUT_0000881,0.0394386324075932,Approve,0.0290130058700293,Approve,0.0294503218827994,Approve,False,False,True,True,1.0,2.0,REPAYMENT_PERFORMANCE_QUALITY_EVIDENCE,REPAYMENT_PRIOR_CREDIT_EXPERIENCE_EVIDENCE;REPAYMENT_PERFORMANCE_QUALITY_EVIDENCE
HC_HELDOUT_0000882,0.2450627945393365,Reject,0.1902628328247985,Reject,0.1902628328247985,Reject,False,False,True,True,0.0,0.0,,
HC_HELDOUT_0000883,0.0176319845990108,Approve,0.020806306009486,Approve,0.020806306009486,Approve,False,False,True,True,0.0,0.0,,
HC_HELDOUT_0000884,0.1250249812911928,Reject,0.1706352283042556,Reject,0.1706352283042556,Reject,False,False,True,True,0.0,0.0,,
HC_HELDOUT_0000885,0.0296819374142158,Approve,0.0253527947275285,Approve,0.0253527947275285,Approve,False,False,True,True,0.0,0.0,,
HC_HELDOUT_0000886,0.0264786825746847,Approve,0.0346293490167876,Approve,0.0346293490167876,Approve,False,False,True,True,0.0,0.0,,
HC_HELDOUT_0000887,0.0349134997688438,Approve,0.0345481612291848,Approve,0.0345481612291848,Approve,False,False,True,True,0.0,0.0,,
HC_HELDOUT_0000888,0.024911131461486,Approve,0.0314043273611657,Approve,0.0314043273611657,Approve,False,False,True,True,0.0,0.0,,
HC_HELDOUT_0000889,0.0650222320100452,Approve,0.0650222320100452,Approve,0.0650222320100452,Approve,False,False,False,False,5.0,5.0,REPAYMENT_PERFORMANCE_QUALITY_EVIDENCE;BUREAU_ACTIVE_CREDIT_CAPACITY_EVIDENCE;BUREAU_CREDIT_HISTORY_QUALITY_EVIDENCE;BUREAU_RECENT_CREDIT_ACTIVITY_EVIDENCE;REPAYMENT_PRIOR_CREDIT_EXPERIENCE_EVIDENCE,REPAYMENT_PRIOR_CREDIT_EXPERIENCE_EVIDENCE;BUREAU_RECENT_CREDIT_ACTIVITY_EVIDENCE;BUREAU_CREDIT_HISTORY_QUALITY_EVIDENCE;BUREAU_ACTIVE_CREDIT_CAPACITY_EVIDENCE;REPAYMENT_PERFORMANCE_QUALITY_EVIDENCE
HC_HELDOUT_0000890,0.0331086420070796,Approve,0.0328768427845415,Approve,0.0328768427845415,Approve,False,False,True,True,1.0,1.0,REPAYMENT_PERFORMANCE_QUALITY_EVIDENCE,REPAYMENT_PERFORMANCE_QUALITY_EVIDENCE
HC_HELDOUT_0000891,0.165677447966803,Reject,0.1396295665798256,Reject,0.1396295665798256,Reject,False,False,True,True,0.0,0.0,,
HC_HELDOUT_0000892,0.0107406573863829,Approve,0.0182124810602498,Approve,0.0182124810602498,Approve,False,False,True,True,0.0,0.0,,
HC_HELDOUT_0000893,0.0183044670425231,Approve,0.0226109969565997,Approve,0.0226109969565997,Approve,False,False,True,True,0.0,0.0,,
HC_HELDOUT_0000894,0.0497643768288127,Approve,0.0290228741313097,Approve,0.0290228741313097,Approve,False,False,True,True,0.0,0.0,,
HC_HELDOUT_0000895,0.029763769019987,Approve,0.0312337924107239,Approve,0.0312337924107239,Approve,False,False,True,True,1.0,1.0,REPAYMENT_PERFORMANCE_QUALITY_EVIDENCE,REPAYMENT_PERFORMANCE_QUALITY_EVIDENCE
HC_HELDOUT_0000896,0.1150295554971826,Reject,0.1403404161047403,Reject,0.1150295554971826,Reject,False,False,True,False,3.0,5.0,REPAYMENT_PERFORMANCE_QUALITY_EVIDENCE;BUREAU_ACTIVE_CREDIT_CAPACITY_EVIDENCE;BUREAU_CREDIT_HISTORY_QUALITY_EVIDENCE,REPAYMENT_PERFORMANCE_QUALITY_EVIDENCE;BUREAU_ACTIVE_CREDIT_CAPACITY_EVIDENCE;REPAYMENT_PRIOR_CREDIT_EXPERIENCE_EVIDENCE;BUREAU_RECENT_CREDIT_ACTIVITY_EVIDENCE;BUREAU_CREDIT_HISTORY_QUALITY_EVIDENCE
HC_HELDOUT_0000897,0.1971986418223183,Reject,0.1550659208321977,Reject,0.1550659208321977,Reject,False,False,True,True,0.0,0.0,,
HC_HELDOUT_0000898,0.0383512117704872,Approve,0.0383512117704872,Approve,0.0383512117704872,Approve,False,False,False,False,5.0,5.0,REPAYMENT_PERFORMANCE_QUALITY_EVIDENCE;BUREAU_ACTIVE_CREDIT_CAPACITY_EVIDENCE;BUREAU_CREDIT_HISTORY_QUALITY_EVIDENCE;BUREAU_RECENT_CREDIT_ACTIVITY_EVIDENCE;REPAYMENT_PRIOR_CREDIT_EXPERIENCE_EVIDENCE,BUREAU_ACTIVE_CREDIT_CAPACITY_EVIDENCE;REPAYMENT_PERFORMANCE_QUALITY_EVIDENCE;BUREAU_CREDIT_HISTORY_QUALITY_EVIDENCE;REPAYMENT_PRIOR_CREDIT_EXPERIENCE_EVIDENCE;BUREAU_RECENT_CREDIT_ACTIVITY_EVIDENCE
HC_HELDOUT_0000899,0.1239818406116486,Reject,0.1373479606461422,Reject,0.1239818406116486,Reject,False,False,True,False,1.0,5.0,REPAYMENT_PERFORMANCE_QUALITY_EVIDENCE,BUREAU_RECENT_CREDIT_ACTIVITY_EVIDENCE;BUREAU_CREDIT_HISTORY_QUALITY_EVIDENCE;REPAYMENT_PERFORMANCE_QUALITY_EVIDENCE;REPAYMENT_PRIOR_CREDIT_EXPERIENCE_EVIDENCE;BUREAU_ACTIVE_CREDIT_CAPACITY_EVIDENCE
HC_HELDOUT_0000900,0.0205813266704719,Approve,0.0181558222280735,Approve,0.0181558222280735,Approve,False,False,True,True,0.0,0.0,,
HC_HELDOUT_0000901,0.0504523492706493,Approve,0.0504523492706493,Approve,0.0504523492706493,Approve,False,False,False,False,5.0,5.0,REPAYMENT_PERFORMANCE_QUALITY_EVIDENCE;BUREAU_ACTIVE_CREDIT_CAPACITY_EVIDENCE;BUREAU_CREDIT_HISTORY_QUALITY_EVIDENCE;BUREAU_RECENT_CREDIT_ACTIVITY_EVIDENCE;REPAYMENT_PRIOR_CREDIT_EXPERIENCE_EVIDENCE,BUREAU_RECENT_CREDIT_ACTIVITY_EVIDENCE;BUREAU_ACTIVE_CREDIT_CAPACITY_EVIDENCE;BUREAU_CREDIT_HISTORY_QUALITY_EVIDENCE;REPAYMENT_PRIOR_CREDIT_EXPERIENCE_EVIDENCE;REPAYMENT_PERFORMANCE_QUALITY_EVIDENCE
HC_HELDOUT_0000902,0.11896101300968,Reject,0.1458738597511481,Reject,0.11896101300968,Reject,False,False,True,False,1.0,5.0,REPAYMENT_PERFORMANCE_QUALITY_EVIDENCE,BUREAU_RECENT_CREDIT_ACTIVITY_EVIDENCE;BUREAU_ACTIVE_CREDIT_CAPACITY_EVIDENCE;REPAYMENT_PRIOR_CREDIT_EXPERIENCE_EVIDENCE;REPAYMENT_PERFORMANCE_QUALITY_EVIDENCE;BUREAU_CREDIT_HISTORY_QUALITY_EVIDENCE
HC_HELDOUT_0000903,0.2148771513637535,Reject,0.1912961714250869,Reject,0.1912961714250869,Reject,False,False,True,True,0.0,0.0,,
HC_HELDOUT_0000904,0.0625034861126549,Approve,0.0625034861126549,Approve,0.0625034861126549,Approve,False,False,False,False,5.0,5.0,REPAYMENT_PERFORMANCE_QUALITY_EVIDENCE;BUREAU_ACTIVE_CREDIT_CAPACITY_EVIDENCE;BUREAU_CREDIT_HISTORY_QUALITY_EVIDENCE;BUREAU_RECENT_CREDIT_ACTIVITY_EVIDENCE;REPAYMENT_PRIOR_CREDIT_EXPERIENCE_EVIDENCE,REPAYMENT_PERFORMANCE_QUALITY_EVIDENCE;REPAYMENT_PRIOR_CREDIT_EXPERIENCE_EVIDENCE;BUREAU_CREDIT_HISTORY_QUALITY_EVIDENCE;BUREAU_ACTIVE_CREDIT_CAPACITY_EVIDENCE;BUREAU_RECENT_CREDIT_ACTIVITY_EVIDENCE
HC_HELDOUT_0000905,0.0313636047027161,Approve,0.0256399162165102,Approve,0.0256399162165102,Approve,False,False,True,True,0.0,0.0,,
HC_HELDOUT_0000906,0.1682482182294961,Reject,0.1682482182294961,Reject,0.163542106178383,Reject,False,False,False,True,5.0,1.0,REPAYMENT_PERFORMANCE_QUALITY_EVIDENCE;BUREAU_ACTIVE_CREDIT_CAPACITY_EVIDENCE;BUREAU_CREDIT_HISTORY_QUALITY_EVIDENCE;BUREAU_RECENT_CREDIT_ACTIVITY_EVIDENCE;REPAYMENT_PRIOR_CREDIT_EXPERIENCE_EVIDENCE,REPAYMENT_PRIOR_CREDIT_EXPERIENCE_EVIDENCE
HC_HELDOUT_0000907,0.1586010348726301,Reject,0.1719304288737015,Reject,0.1719304288737015,Reject,False,False,True,True,0.0,0.0,,
HC_HELDOUT_0000908,0.0892456240769747,Reject,0.0892456240769747,Reject,0.0892456240769747,Reject,False,False,False,False,5.0,5.0,REPAYMENT_PERFORMANCE_QUALITY_EVIDENCE;BUREAU_ACTIVE_CREDIT_CAPACITY_EVIDENCE;BUREAU_CREDIT_HISTORY_QUALITY_EVIDENCE;BUREAU_RECENT_CREDIT_ACTIVITY_EVIDENCE;REPAYMENT_PRIOR_CREDIT_EXPERIENCE_EVIDENCE,REPAYMENT_PRIOR_CREDIT_EXPERIENCE_EVIDENCE;REPAYMENT_PERFORMANCE_QUALITY_EVIDENCE;BUREAU_ACTIVE_CREDIT_CAPACITY_EVIDENCE;BUREAU_RECENT_CREDIT_ACTIVITY_EVIDENCE;BUREAU_CREDIT_HISTORY_QUALITY_EVIDENCE
HC_HELDOUT_0000909,0.0262798156425565,Approve,0.0322714057225463,Approve,0.030746960647001,Approve,False,False,True,True,1.0,1.0,REPAYMENT_PERFORMANCE_QUALITY_EVIDENCE,BUREAU_CREDIT_HISTORY_QUALITY_EVIDENCE
HC_HELDOUT_0000910,0.1212956089904,Reject,0.1431968424989504,Reject,0.1212956089904,Reject,False,False,True,False,2.0,5.0,REPAYMENT_PERFORMANCE_QUALITY_EVIDENCE;BUREAU_ACTIVE_CREDIT_CAPACITY_EVIDENCE,BUREAU_ACTIVE_CREDIT_CAPACITY_EVIDENCE;REPAYMENT_PRIOR_CREDIT_EXPERIENCE_EVIDENCE;BUREAU_CREDIT_HISTORY_QUALITY_EVIDENCE;REPAYMENT_PERFORMANCE_QUALITY_EVIDENCE;BUREAU_RECENT_CREDIT_ACTIVITY_EVIDENCE
HC_HELDOUT_0000911,0.0699695900941277,Approve,0.0699695900941277,Approve,0.0699695900941277,Approve,False,False,False,False,5.0,5.0,REPAYMENT_PERFORMANCE_QUALITY_EVIDENCE;BUREAU_ACTIVE_CREDIT_CAPACITY_EVIDENCE;BUREAU_CREDIT_HISTORY_QUALITY_EVIDENCE;BUREAU_RECENT_CREDIT_ACTIVITY_EVIDENCE;REPAYMENT_PRIOR_CREDIT_EXPERIENCE_EVIDENCE,BUREAU_CREDIT_HISTORY_QUALITY_EVIDENCE;BUREAU_ACTIVE_CREDIT_CAPACITY_EVIDENCE;REPAYMENT_PRIOR_CREDIT_EXPERIENCE_EVIDENCE;BUREAU_RECENT_CREDIT_ACTIVITY_EVIDENCE;REPAYMENT_PERFORMANCE_QUALITY_EVIDENCE
HC_HELDOUT_0000912,0.1084076163539076,Reject,0.1084076163539076,Reject,0.1084076163539076,Reject,False,False,False,False,5.0,5.0,REPAYMENT_PERFORMANCE_QUALITY_EVIDENCE;BUREAU_ACTIVE_CREDIT_CAPACITY_EVIDENCE;BUREAU_CREDIT_HISTORY_QUALITY_EVIDENCE;BUREAU_RECENT_CREDIT_ACTIVITY_EVIDENCE;REPAYMENT_PRIOR_CREDIT_EXPERIENCE_EVIDENCE,BUREAU_ACTIVE_CREDIT_CAPACITY_EVIDENCE;REPAYMENT_PRIOR_CREDIT_EXPERIENCE_EVIDENCE;BUREAU_CREDIT_HISTORY_QUALITY_EVIDENCE;REPAYMENT_PERFORMANCE_QUALITY_EVIDENCE;BUREAU_RECENT_CREDIT_ACTIVITY_EVIDENCE
HC_HELDOUT_0000913,0.1091010192311356,Reject,0.1091010192311356,Reject,0.1091010192311356,Reject,False,False,False,False,5.0,5.0,REPAYMENT_PERFORMANCE_QUALITY_EVIDENCE;BUREAU_ACTIVE_CREDIT_CAPACITY_EVIDENCE;BUREAU_CREDIT_HISTORY_QUALITY_EVIDENCE;BUREAU_RECENT_CREDIT_ACTIVITY_EVIDENCE;REPAYMENT_PRIOR_CREDIT_EXPERIENCE_EVIDENCE,BUREAU_CREDIT_HISTORY_QUALITY_EVIDENCE;REPAYMENT_PERFORMANCE_QUALITY_EVIDENCE;REPAYMENT_PRIOR_CREDIT_EXPERIENCE_EVIDENCE;BUREAU_RECENT_CREDIT_ACTIVITY_EVIDENCE;BUREAU_ACTIVE_CREDIT_CAPACITY_EVIDENCE
HC_HELDOUT_0000914,0.1214835902843668,Reject,0.1401253032431718,Reject,0.1401253032431718,Reject,False,False,True,True,0.0,0.0,,
HC_HELDOUT_0000915,0.2496222382661728,Reject,0.143881503998363,Reject,0.143881503998363,Reject,False,False,True,True,0.0,0.0,,
HC_HELDOUT_0000916,0.0314727716347335,Approve,0.027720577681974,Approve,0.027720577681974,Approve,False,False,True,True,0.0,0.0,,
HC_HELDOUT_0000917,0.0935610204200623,Reject,0.0935610204200623,Reject,0.0935610204200623,Reject,False,False,False,False,5.0,5.0,REPAYMENT_PERFORMANCE_QUALITY_EVIDENCE;BUREAU_ACTIVE_CREDIT_CAPACITY_EVIDENCE;BUREAU_CREDIT_HISTORY_QUALITY_EVIDENCE;BUREAU_RECENT_CREDIT_ACTIVITY_EVIDENCE;REPAYMENT_PRIOR_CREDIT_EXPERIENCE_EVIDENCE,REPAYMENT_PRIOR_CREDIT_EXPERIENCE_EVIDENCE;BUREAU_ACTIVE_CREDIT_CAPACITY_EVIDENCE;BUREAU_RECENT_CREDIT_ACTIVITY_EVIDENCE;REPAYMENT_PERFORMANCE_QUALITY_EVIDENCE;BUREAU_CREDIT_HISTORY_QUALITY_EVIDENCE
HC_HELDOUT_0000918,0.1018432933973775,Reject,0.1379408364549119,Reject,0.1379408364549119,Reject,False,False,True,True,0.0,0.0,,
HC_HELDOUT_0000919,0.0427723332561293,Approve,0.0320516115628083,Approve,0.0320516115628083,Approve,False,False,True,True,0.0,0.0,,
HC_HELDOUT_0000920,0.0872044557658814,Reject,0.0872044557658814,Reject,0.0872044557658814,Reject,False,False,False,False,5.0,5.0,REPAYMENT_PERFORMANCE_QUALITY_EVIDENCE;BUREAU_ACTIVE_CREDIT_CAPACITY_EVIDENCE;BUREAU_CREDIT_HISTORY_QUALITY_EVIDENCE;BUREAU_RECENT_CREDIT_ACTIVITY_EVIDENCE;REPAYMENT_PRIOR_CREDIT_EXPERIENCE_EVIDENCE,BUREAU_CREDIT_HISTORY_QUALITY_EVIDENCE;BUREAU_ACTIVE_CREDIT_CAPACITY_EVIDENCE;BUREAU_RECENT_CREDIT_ACTIVITY_EVIDENCE;REPAYMENT_PERFORMANCE_QUALITY_EVIDENCE;REPAYMENT_PRIOR_CREDIT_EXPERIENCE_EVIDENCE
HC_HELDOUT_0000921,0.0778424808218598,Approve,0.0778424808218598,Approve,0.0778424808218598,Approve,False,False,False,False,5.0,5.0,REPAYMENT_PERFORMANCE_QUALITY_EVIDENCE;BUREAU_ACTIVE_CREDIT_CAPACITY_EVIDENCE;BUREAU_CREDIT_HISTORY_QUALITY_EVIDENCE;BUREAU_RECENT_CREDIT_ACTIVITY_EVIDENCE;REPAYMENT_PRIOR_CREDIT_EXPERIENCE_EVIDENCE,REPAYMENT_PERFORMANCE_QUALITY_EVIDENCE;BUREAU_RECENT_CREDIT_ACTIVITY_EVIDENCE;REPAYMENT_PRIOR_CREDIT_EXPERIENCE_EVIDENCE;BUREAU_CREDIT_HISTORY_QUALITY_EVIDENCE;BUREAU_ACTIVE_CREDIT_CAPACITY_EVIDENCE
HC_HELDOUT_0000922,0.0564839095446055,Approve,0.0564839095446055,Approve,0.0564839095446055,Approve,False,False,False,False,5.0,5.0,REPAYMENT_PERFORMANCE_QUALITY_EVIDENCE;BUREAU_ACTIVE_CREDIT_CAPACITY_EVIDENCE;BUREAU_CREDIT_HISTORY_QUALITY_EVIDENCE;BUREAU_RECENT_CREDIT_ACTIVITY_EVIDENCE;REPAYMENT_PRIOR_CREDIT_EXPERIENCE_EVIDENCE,REPAYMENT_PRIOR_CREDIT_EXPERIENCE_EVIDENCE;BUREAU_ACTIVE_CREDIT_CAPACITY_EVIDENCE;BUREAU_CREDIT_HISTORY_QUALITY_EVIDENCE;REPAYMENT_PERFORMANCE_QUALITY_EVIDENCE;BUREAU_RECENT_CREDIT_ACTIVITY_EVIDENCE
HC_HELDOUT_0000923,0.0145324069908319,Approve,0.0320037368589025,Approve,0.0320037368589025,Approve,False,False,True,True,0.0,0.0,,
HC_HELDOUT_0000924,0.0888502261471821,Reject,0.0888502261471821,Reject,0.0888502261471821,Reject,False,False,False,False,5.0,5.0,REPAYMENT_PERFORMANCE_QUALITY_EVIDENCE;BUREAU_ACTIVE_CREDIT_CAPACITY_EVIDENCE;BUREAU_CREDIT_HISTORY_QUALITY_EVIDENCE;BUREAU_RECENT_CREDIT_ACTIVITY_EVIDENCE;REPAYMENT_PRIOR_CREDIT_EXPERIENCE_EVIDENCE,BUREAU_ACTIVE_CREDIT_CAPACITY_EVIDENCE;REPAYMENT_PRIOR_CREDIT_EXPERIENCE_EVIDENCE;BUREAU_RECENT_CREDIT_ACTIVITY_EVIDENCE;REPAYMENT_PERFORMANCE_QUALITY_EVIDENCE;BUREAU_CREDIT_HISTORY_QUALITY_EVIDENCE
HC_HELDOUT_0000925,0.0586284117446375,Approve,0.0586284117446375,Approve,0.0586284117446375,Approve,False,False,False,False,5.0,5.0,REPAYMENT_PERFORMANCE_QUALITY_EVIDENCE;BUREAU_ACTIVE_CREDIT_CAPACITY_EVIDENCE;BUREAU_CREDIT_HISTORY_QUALITY_EVIDENCE;BUREAU_RECENT_CREDIT_ACTIVITY_EVIDENCE;REPAYMENT_PRIOR_CREDIT_EXPERIENCE_EVIDENCE,BUREAU_CREDIT_HISTORY_QUALITY_EVIDENCE;REPAYMENT_PERFORMANCE_QUALITY_EVIDENCE;BUREAU_RECENT_CREDIT_ACTIVITY_EVIDENCE;REPAYMENT_PRIOR_CREDIT_EXPERIENCE_EVIDENCE;BUREAU_ACTIVE_CREDIT_CAPACITY_EVIDENCE
HC_HELDOUT_0000926,0.1062282596342215,Reject,0.1728495522213259,Reject,0.1728495522213259,Reject,False,False,True,True,0.0,0.0,,
HC_HELDOUT_0000927,0.0601169661974138,Approve,0.0601169661974138,Approve,0.0601169661974138,Approve,False,False,False,False,5.0,5.0,REPAYMENT_PERFORMANCE_QUALITY_EVIDENCE;BUREAU_ACTIVE_CREDIT_CAPACITY_EVIDENCE;BUREAU_CREDIT_HISTORY_QUALITY_EVIDENCE;BUREAU_RECENT_CREDIT_ACTIVITY_EVIDENCE;REPAYMENT_PRIOR_CREDIT_EXPERIENCE_EVIDENCE,BUREAU_ACTIVE_CREDIT_CAPACITY_EVIDENCE;BUREAU_CREDIT_HISTORY_QUALITY_EVIDENCE;REPAYMENT_PRIOR_CREDIT_EXPERIENCE_EVIDENCE;BUREAU_RECENT_CREDIT_ACTIVITY_EVIDENCE;REPAYMENT_PERFORMANCE_QUALITY_EVIDENCE
HC_HELDOUT_0000928,0.0702153767160655,Approve,0.0702153767160655,Approve,0.0702153767160655,Approve,False,False,False,False,5.0,5.0,REPAYMENT_PERFORMANCE_QUALITY_EVIDENCE;BUREAU_ACTIVE_CREDIT_CAPACITY_EVIDENCE;BUREAU_CREDIT_HISTORY_QUALITY_EVIDENCE;BUREAU_RECENT_CREDIT_ACTIVITY_EVIDENCE;REPAYMENT_PRIOR_CREDIT_EXPERIENCE_EVIDENCE,BUREAU_CREDIT_HISTORY_QUALITY_EVIDENCE;REPAYMENT_PRIOR_CREDIT_EXPERIENCE_EVIDENCE;BUREAU_RECENT_CREDIT_ACTIVITY_EVIDENCE;REPAYMENT_PERFORMANCE_QUALITY_EVIDENCE;BUREAU_ACTIVE_CREDIT_CAPACITY_EVIDENCE
HC_HELDOUT_0000929,0.1048988059968116,Reject,0.1048988059968116,Reject,0.1048988059968116,Reject,False,False,False,False,5.0,5.0,REPAYMENT_PERFORMANCE_QUALITY_EVIDENCE;BUREAU_ACTIVE_CREDIT_CAPACITY_EVIDENCE;BUREAU_CREDIT_HISTORY_QUALITY_EVIDENCE;BUREAU_RECENT_CREDIT_ACTIVITY_EVIDENCE;REPAYMENT_PRIOR_CREDIT_EXPERIENCE_EVIDENCE,BUREAU_ACTIVE_CREDIT_CAPACITY_EVIDENCE;REPAYMENT_PRIOR_CREDIT_EXPERIENCE_EVIDENCE;REPAYMENT_PERFORMANCE_QUALITY_EVIDENCE;BUREAU_CREDIT_HISTORY_QUALITY_EVIDENCE;BUREAU_RECENT_CREDIT_ACTIVITY_EVIDENCE
HC_HELDOUT_0000930,0.2227656560325051,Reject,0.2178477045053976,Reject,0.2178477045053976,Reject,False,False,True,True,0.0,0.0,,
HC_HELDOUT_0000931,0.1115025414300756,Reject,0.1390294723327086,Reject,0.1390294723327086,Reject,False,False,True,True,0.0,0.0,,
HC_HELDOUT_0000932,0.0114104271207263,Approve,0.0234748165195861,Approve,0.0234748165195861,Approve,False,False,True,True,0.0,0.0,,
HC_HELDOUT_0000933,0.0520706241890546,Approve,0.0520706241890546,Approve,0.0520706241890546,Approve,False,False,False,False,5.0,5.0,REPAYMENT_PERFORMANCE_QUALITY_EVIDENCE;BUREAU_ACTIVE_CREDIT_CAPACITY_EVIDENCE;BUREAU_CREDIT_HISTORY_QUALITY_EVIDENCE;BUREAU_RECENT_CREDIT_ACTIVITY_EVIDENCE;REPAYMENT_PRIOR_CREDIT_EXPERIENCE_EVIDENCE,BUREAU_ACTIVE_CREDIT_CAPACITY_EVIDENCE;REPAYMENT_PRIOR_CREDIT_EXPERIENCE_EVIDENCE;BUREAU_CREDIT_HISTORY_QUALITY_EVIDENCE;REPAYMENT_PERFORMANCE_QUALITY_EVIDENCE;BUREAU_RECENT_CREDIT_ACTIVITY_EVIDENCE
HC_HELDOUT_0000934,0.1749988942444574,Reject,0.2174337144707414,Reject,0.2174337144707414,Reject,False,False,True,True,0.0,0.0,,
HC_HELDOUT_0000935,0.0983400844991925,Reject,0.1526898983004925,Reject,0.1526898983004925,Reject,False,False,True,True,0.0,0.0,,
HC_HELDOUT_0000936,0.0377136284649975,Approve,0.0313414755594448,Approve,0.0332917477422081,Approve,False,False,True,True,1.0,1.0,REPAYMENT_PERFORMANCE_QUALITY_EVIDENCE,BUREAU_ACTIVE_CREDIT_CAPACITY_EVIDENCE
HC_HELDOUT_0000937,0.1204652327845839,Reject,0.1204652327845839,Reject,0.1204652327845839,Reject,False,False,False,False,5.0,5.0,REPAYMENT_PERFORMANCE_QUALITY_EVIDENCE;BUREAU_ACTIVE_CREDIT_CAPACITY_EVIDENCE;BUREAU_CREDIT_HISTORY_QUALITY_EVIDENCE;BUREAU_RECENT_CREDIT_ACTIVITY_EVIDENCE;REPAYMENT_PRIOR_CREDIT_EXPERIENCE_EVIDENCE,REPAYMENT_PRIOR_CREDIT_EXPERIENCE_EVIDENCE;BUREAU_RECENT_CREDIT_ACTIVITY_EVIDENCE;REPAYMENT_PERFORMANCE_QUALITY_EVIDENCE;BUREAU_ACTIVE_CREDIT_CAPACITY_EVIDENCE;BUREAU_CREDIT_HISTORY_QUALITY_EVIDENCE
HC_HELDOUT_0000938,0.044179112633941,Approve,0.0349491661520532,Approve,0.0349491661520532,Approve,False,False,True,True,4.0,4.0,REPAYMENT_PERFORMANCE_QUALITY_EVIDENCE;BUREAU_ACTIVE_CREDIT_CAPACITY_EVIDENCE;BUREAU_CREDIT_HISTORY_QUALITY_EVIDENCE;BUREAU_RECENT_CREDIT_ACTIVITY_EVIDENCE,BUREAU_RECENT_CREDIT_ACTIVITY_EVIDENCE;REPAYMENT_PERFORMANCE_QUALITY_EVIDENCE;BUREAU_ACTIVE_CREDIT_CAPACITY_EVIDENCE;BUREAU_CREDIT_HISTORY_QUALITY_EVIDENCE
HC_HELDOUT_0000939,0.1522591405544055,Reject,0.1916725849888644,Reject,0.1916725849888644,Reject,False,False,True,True,0.0,0.0,,
HC_HELDOUT_0000940,0.0212499106863249,Approve,0.0231274425773934,Approve,0.0231274425773934,Approve,False,False,True,True,0.0,0.0,,
HC_HELDOUT_0000941,0.0710717244938729,Approve,0.0710717244938729,Approve,0.0710717244938729,Approve,False,False,False,False,5.0,5.0,REPAYMENT_PERFORMANCE_QUALITY_EVIDENCE;BUREAU_ACTIVE_CREDIT_CAPACITY_EVIDENCE;BUREAU_CREDIT_HISTORY_QUALITY_EVIDENCE;BUREAU_RECENT_CREDIT_ACTIVITY_EVIDENCE;REPAYMENT_PRIOR_CREDIT_EXPERIENCE_EVIDENCE,REPAYMENT_PRIOR_CREDIT_EXPERIENCE_EVIDENCE;BUREAU_ACTIVE_CREDIT_CAPACITY_EVIDENCE;BUREAU_CREDIT_HISTORY_QUALITY_EVIDENCE;REPAYMENT_PERFORMANCE_QUALITY_EVIDENCE;BUREAU_RECENT_CREDIT_ACTIVITY_EVIDENCE
HC_HELDOUT_0000942,0.0762638542446356,Approve,0.0326506535614542,Approve,0.0326506535614542,Approve,False,False,True,True,0.0,0.0,,
HC_HELDOUT_0000943,0.0238083700417722,Approve,0.0181690578834225,Approve,0.0181690578834225,Approve,False,False,True,True,0.0,0.0,,
HC_HELDOUT_0000944,0.1428495298187194,Reject,0.1619608807808056,Reject,0.1558141758729706,Reject,False,False,True,True,1.0,2.0,REPAYMENT_PERFORMANCE_QUALITY_EVIDENCE,REPAYMENT_PRIOR_CREDIT_EXPERIENCE_EVIDENCE;BUREAU_ACTIVE_CREDIT_CAPACITY_EVIDENCE
HC_HELDOUT_0000945,0.1550664358851698,Reject,0.1449443623825902,Reject,0.1527114571331505,Reject,False,False,True,True,1.0,1.0,REPAYMENT_PERFORMANCE_QUALITY_EVIDENCE,REPAYMENT_PRIOR_CREDIT_EXPERIENCE_EVIDENCE
HC_HELDOUT_0000946,0.028983904699335,Approve,0.031490246115471,Approve,0.031490246115471,Approve,False,False,True,True,0.0,0.0,,
HC_HELDOUT_0000947,0.0301452527036987,Approve,0.0363440223286916,Approve,0.0353120989886496,Approve,False,False,True,True,3.0,3.0,REPAYMENT_PERFORMANCE_QUALITY_EVIDENCE;BUREAU_ACTIVE_CREDIT_CAPACITY_EVIDENCE;BUREAU_CREDIT_HISTORY_QUALITY_EVIDENCE,BUREAU_CREDIT_HISTORY_QUALITY_EVIDENCE;REPAYMENT_PERFORMANCE_QUALITY_EVIDENCE;BUREAU_RECENT_CREDIT_ACTIVITY_EVIDENCE
HC_HELDOUT_0000948,0.1889264220182618,Reject,0.1776937024424874,Reject,0.1776937024424874,Reject,False,False,True,True,0.0,0.0,,
HC_HELDOUT_0000949,0.0399294202256177,Approve,0.0352698836817152,Approve,0.0352698836817152,Approve,False,False,True,True,0.0,0.0,,
HC_HELDOUT_0000950,0.0356484605397835,Approve,0.0365437669799662,Approve,0.0334227759622722,Approve,False,False,True,True,2.0,1.0,REPAYMENT_PERFORMANCE_QUALITY_EVIDENCE;BUREAU_ACTIVE_CREDIT_CAPACITY_EVIDENCE,BUREAU_RECENT_CREDIT_ACTIVITY_EVIDENCE
HC_HELDOUT_0000951,0.2417086183590188,Reject,0.1640177555930791,Reject,0.1640177555930791,Reject,False,False,True,True,0.0,0.0,,
HC_HELDOUT_0000952,0.1121515220208326,Reject,0.1396295665798256,Reject,0.1396295665798256,Reject,False,False,True,True,0.0,0.0,,
HC_HELDOUT_0000953,0.0171536766927468,Approve,0.0221523056281037,Approve,0.0221523056281037,Approve,False,False,True,True,0.0,0.0,,
HC_HELDOUT_0000954,0.1437017653479707,Reject,0.1437017653479707,Reject,0.1449650800250382,Reject,False,False,False,True,5.0,1.0,REPAYMENT_PERFORMANCE_QUALITY_EVIDENCE;BUREAU_ACTIVE_CREDIT_CAPACITY_EVIDENCE;BUREAU_CREDIT_HISTORY_QUALITY_EVIDENCE;BUREAU_RECENT_CREDIT_ACTIVITY_EVIDENCE;REPAYMENT_PRIOR_CREDIT_EXPERIENCE_EVIDENCE,BUREAU_CREDIT_HISTORY_QUALITY_EVIDENCE
HC_HELDOUT_0000955,0.0207210837132427,Approve,0.0234748165195861,Approve,0.0234748165195861,Approve,False,False,True,True,0.0,0.0,,
HC_HELDOUT_0000956,0.2434448083309832,Reject,0.1771525507125991,Reject,0.1771525507125991,Reject,False,False,True,True,0.0,0.0,,
HC_HELDOUT_0000957,0.0624893293760499,Approve,0.0624893293760499,Approve,0.0624893293760499,Approve,False,False,False,False,5.0,5.0,REPAYMENT_PERFORMANCE_QUALITY_EVIDENCE;BUREAU_ACTIVE_CREDIT_CAPACITY_EVIDENCE;BUREAU_CREDIT_HISTORY_QUALITY_EVIDENCE;BUREAU_RECENT_CREDIT_ACTIVITY_EVIDENCE;REPAYMENT_PRIOR_CREDIT_EXPERIENCE_EVIDENCE,BUREAU_ACTIVE_CREDIT_CAPACITY_EVIDENCE;REPAYMENT_PRIOR_CREDIT_EXPERIENCE_EVIDENCE;BUREAU_CREDIT_HISTORY_QUALITY_EVIDENCE;REPAYMENT_PERFORMANCE_QUALITY_EVIDENCE;BUREAU_RECENT_CREDIT_ACTIVITY_EVIDENCE
HC_HELDOUT_0000958,0.0543179544643056,Approve,0.0543179544643056,Approve,0.0543179544643056,Approve,False,False,False,False,5.0,5.0,REPAYMENT_PERFORMANCE_QUALITY_EVIDENCE;BUREAU_ACTIVE_CREDIT_CAPACITY_EVIDENCE;BUREAU_CREDIT_HISTORY_QUALITY_EVIDENCE;BUREAU_RECENT_CREDIT_ACTIVITY_EVIDENCE;REPAYMENT_PRIOR_CREDIT_EXPERIENCE_EVIDENCE,REPAYMENT_PERFORMANCE_QUALITY_EVIDENCE;BUREAU_CREDIT_HISTORY_QUALITY_EVIDENCE;BUREAU_ACTIVE_CREDIT_CAPACITY_EVIDENCE;REPAYMENT_PRIOR_CREDIT_EXPERIENCE_EVIDENCE;BUREAU_RECENT_CREDIT_ACTIVITY_EVIDENCE
HC_HELDOUT_0000959,0.0414600092368516,Approve,0.0346293490167876,Approve,0.0346293490167876,Approve,False,False,True,True,0.0,0.0,,
HC_HELDOUT_0000960,0.0774719023235864,Approve,0.0774719023235864,Approve,0.0774719023235864,Approve,False,False,False,False,5.0,5.0,REPAYMENT_PERFORMANCE_QUALITY_EVIDENCE;BUREAU_ACTIVE_CREDIT_CAPACITY_EVIDENCE;BUREAU_CREDIT_HISTORY_QUALITY_EVIDENCE;BUREAU_RECENT_CREDIT_ACTIVITY_EVIDENCE;REPAYMENT_PRIOR_CREDIT_EXPERIENCE_EVIDENCE,BUREAU_CREDIT_HISTORY_QUALITY_EVIDENCE;BUREAU_RECENT_CREDIT_ACTIVITY_EVIDENCE;BUREAU_ACTIVE_CREDIT_CAPACITY_EVIDENCE;REPAYMENT_PRIOR_CREDIT_EXPERIENCE_EVIDENCE;REPAYMENT_PERFORMANCE_QUALITY_EVIDENCE
HC_HELDOUT_0000961,0.0854015644382418,Approve,0.0854015644382418,Approve,0.0854015644382418,Approve,False,False,False,False,5.0,5.0,REPAYMENT_PERFORMANCE_QUALITY_EVIDENCE;BUREAU_ACTIVE_CREDIT_CAPACITY_EVIDENCE;BUREAU_CREDIT_HISTORY_QUALITY_EVIDENCE;BUREAU_RECENT_CREDIT_ACTIVITY_EVIDENCE;REPAYMENT_PRIOR_CREDIT_EXPERIENCE_EVIDENCE,BUREAU_ACTIVE_CREDIT_CAPACITY_EVIDENCE;BUREAU_RECENT_CREDIT_ACTIVITY_EVIDENCE;BUREAU_CREDIT_HISTORY_QUALITY_EVIDENCE;REPAYMENT_PERFORMANCE_QUALITY_EVIDENCE;REPAYMENT_PRIOR_CREDIT_EXPERIENCE_EVIDENCE
HC_HELDOUT_0000962,0.1270879648015823,Reject,0.1754743138604319,Reject,0.1754743138604319,Reject,False,False,True,True,0.0,0.0,,
HC_HELDOUT_0000963,0.0176860409178483,Approve,0.021991809989356,Approve,0.021991809989356,Approve,False,False,True,True,0.0,0.0,,
HC_HELDOUT_0000964,0.0562385067639197,Approve,0.0562385067639197,Approve,0.0562385067639197,Approve,False,False,False,False,5.0,5.0,REPAYMENT_PERFORMANCE_QUALITY_EVIDENCE;BUREAU_ACTIVE_CREDIT_CAPACITY_EVIDENCE;BUREAU_CREDIT_HISTORY_QUALITY_EVIDENCE;BUREAU_RECENT_CREDIT_ACTIVITY_EVIDENCE;REPAYMENT_PRIOR_CREDIT_EXPERIENCE_EVIDENCE,REPAYMENT_PRIOR_CREDIT_EXPERIENCE_EVIDENCE;BUREAU_RECENT_CREDIT_ACTIVITY_EVIDENCE;BUREAU_ACTIVE_CREDIT_CAPACITY_EVIDENCE;REPAYMENT_PERFORMANCE_QUALITY_EVIDENCE;BUREAU_CREDIT_HISTORY_QUALITY_EVIDENCE
HC_HELDOUT_0000965,0.0249476099164842,Approve,0.0249057363374974,Approve,0.0249057363374974,Approve,False,False,True,True,0.0,0.0,,
HC_HELDOUT_0000966,0.0442490694083524,Approve,0.0442490694083524,Approve,0.0442490694083524,Approve,False,False,False,False,5.0,5.0,REPAYMENT_PERFORMANCE_QUALITY_EVIDENCE;BUREAU_ACTIVE_CREDIT_CAPACITY_EVIDENCE;BUREAU_CREDIT_HISTORY_QUALITY_EVIDENCE;BUREAU_RECENT_CREDIT_ACTIVITY_EVIDENCE;REPAYMENT_PRIOR_CREDIT_EXPERIENCE_EVIDENCE,BUREAU_CREDIT_HISTORY_QUALITY_EVIDENCE;BUREAU_RECENT_CREDIT_ACTIVITY_EVIDENCE;BUREAU_ACTIVE_CREDIT_CAPACITY_EVIDENCE;REPAYMENT_PERFORMANCE_QUALITY_EVIDENCE;REPAYMENT_PRIOR_CREDIT_EXPERIENCE_EVIDENCE
HC_HELDOUT_0000967,0.2058553618790966,Reject,0.1810959977665173,Reject,0.1810959977665173,Reject,False,False,True,True,0.0,0.0,,
HC_HELDOUT_0000968,0.0320756530925941,Approve,0.0253527947275285,Approve,0.0253527947275285,Approve,False,False,True,True,0.0,0.0,,
HC_HELDOUT_0000969,0.0467657813359816,Approve,0.0467657813359816,Approve,0.0371291726017695,Approve,False,False,False,True,5.0,4.0,REPAYMENT_PERFORMANCE_QUALITY_EVIDENCE;BUREAU_ACTIVE_CREDIT_CAPACITY_EVIDENCE;BUREAU_CREDIT_HISTORY_QUALITY_EVIDENCE;BUREAU_RECENT_CREDIT_ACTIVITY_EVIDENCE;REPAYMENT_PRIOR_CREDIT_EXPERIENCE_EVIDENCE,REPAYMENT_PERFORMANCE_QUALITY_EVIDENCE;BUREAU_RECENT_CREDIT_ACTIVITY_EVIDENCE;BUREAU_CREDIT_HISTORY_QUALITY_EVIDENCE;REPAYMENT_PRIOR_CREDIT_EXPERIENCE_EVIDENCE
HC_HELDOUT_0000970,0.0171783071057748,Approve,0.0200076715778221,Approve,0.0200076715778221,Approve,False,False,True,True,0.0,0.0,,
HC_HELDOUT_0000971,0.0973654859359578,Reject,0.1483660801527243,Reject,0.1483660801527243,Reject,False,False,True,True,0.0,0.0,,
HC_HELDOUT_0000972,0.0400337786877962,Approve,0.0319427790170266,Approve,0.0334871653767355,Approve,False,False,True,True,1.0,3.0,REPAYMENT_PERFORMANCE_QUALITY_EVIDENCE,BUREAU_RECENT_CREDIT_ACTIVITY_EVIDENCE;BUREAU_CREDIT_HISTORY_QUALITY_EVIDENCE;REPAYMENT_PRIOR_CREDIT_EXPERIENCE_EVIDENCE
HC_HELDOUT_0000973,0.0813034704028845,Approve,0.0813034704028845,Approve,0.0813034704028845,Approve,False,False,False,False,5.0,5.0,REPAYMENT_PERFORMANCE_QUALITY_EVIDENCE;BUREAU_ACTIVE_CREDIT_CAPACITY_EVIDENCE;BUREAU_CREDIT_HISTORY_QUALITY_EVIDENCE;BUREAU_RECENT_CREDIT_ACTIVITY_EVIDENCE;REPAYMENT_PRIOR_CREDIT_EXPERIENCE_EVIDENCE,REPAYMENT_PERFORMANCE_QUALITY_EVIDENCE;BUREAU_ACTIVE_CREDIT_CAPACITY_EVIDENCE;BUREAU_RECENT_CREDIT_ACTIVITY_EVIDENCE;REPAYMENT_PRIOR_CREDIT_EXPERIENCE_EVIDENCE;BUREAU_CREDIT_HISTORY_QUALITY_EVIDENCE
HC_HELDOUT_0000974,0.022616521838535,Approve,0.0181558222280735,Approve,0.0181558222280735,Approve,False,False,True,True,0.0,0.0,,
HC_HELDOUT_0000975,0.0326343209431341,Approve,0.0194315505324253,Approve,0.0194315505324253,Approve,False,False,True,True,0.0,0.0,,
HC_HELDOUT_0000976,0.044532891703739,Approve,0.044532891703739,Approve,0.044532891703739,Approve,False,False,False,False,5.0,5.0,REPAYMENT_PERFORMANCE_QUALITY_EVIDENCE;BUREAU_ACTIVE_CREDIT_CAPACITY_EVIDENCE;BUREAU_CREDIT_HISTORY_QUALITY_EVIDENCE;BUREAU_RECENT_CREDIT_ACTIVITY_EVIDENCE;REPAYMENT_PRIOR_CREDIT_EXPERIENCE_EVIDENCE,BUREAU_ACTIVE_CREDIT_CAPACITY_EVIDENCE;BUREAU_RECENT_CREDIT_ACTIVITY_EVIDENCE;REPAYMENT_PRIOR_CREDIT_EXPERIENCE_EVIDENCE;REPAYMENT_PERFORMANCE_QUALITY_EVIDENCE;BUREAU_CREDIT_HISTORY_QUALITY_EVIDENCE
HC_HELDOUT_0000977,0.028680683037823,Approve,0.0337396631626774,Approve,0.030631009796356,Approve,False,False,True,True,2.0,2.0,REPAYMENT_PERFORMANCE_QUALITY_EVIDENCE;BUREAU_ACTIVE_CREDIT_CAPACITY_EVIDENCE,REPAYMENT_PERFORMANCE_QUALITY_EVIDENCE;REPAYMENT_PRIOR_CREDIT_EXPERIENCE_EVIDENCE
HC_HELDOUT_0000978,0.0333603027525395,Approve,0.0232791466592552,Approve,0.0232791466592552,Approve,False,False,True,True,0.0,0.0,,
HC_HELDOUT_0000979,0.0590331285210599,Approve,0.0590331285210599,Approve,0.0590331285210599,Approve,False,False,False,False,5.0,5.0,REPAYMENT_PERFORMANCE_QUALITY_EVIDENCE;BUREAU_ACTIVE_CREDIT_CAPACITY_EVIDENCE;BUREAU_CREDIT_HISTORY_QUALITY_EVIDENCE;BUREAU_RECENT_CREDIT_ACTIVITY_EVIDENCE;REPAYMENT_PRIOR_CREDIT_EXPERIENCE_EVIDENCE,BUREAU_CREDIT_HISTORY_QUALITY_EVIDENCE;REPAYMENT_PRIOR_CREDIT_EXPERIENCE_EVIDENCE;BUREAU_RECENT_CREDIT_ACTIVITY_EVIDENCE;BUREAU_ACTIVE_CREDIT_CAPACITY_EVIDENCE;REPAYMENT_PERFORMANCE_QUALITY_EVIDENCE
HC_HELDOUT_0000980,0.0176462973718803,Approve,0.027232933616302,Approve,0.027232933616302,Approve,False,False,True,True,0.0,0.0,,
HC_HELDOUT_0000981,0.0518432456880124,Approve,0.0518432456880124,Approve,0.0518432456880124,Approve,False,False,False,False,5.0,5.0,REPAYMENT_PERFORMANCE_QUALITY_EVIDENCE;BUREAU_ACTIVE_CREDIT_CAPACITY_EVIDENCE;BUREAU_CREDIT_HISTORY_QUALITY_EVIDENCE;BUREAU_RECENT_CREDIT_ACTIVITY_EVIDENCE;REPAYMENT_PRIOR_CREDIT_EXPERIENCE_EVIDENCE,REPAYMENT_PERFORMANCE_QUALITY_EVIDENCE;REPAYMENT_PRIOR_CREDIT_EXPERIENCE_EVIDENCE;BUREAU_RECENT_CREDIT_ACTIVITY_EVIDENCE;BUREAU_ACTIVE_CREDIT_CAPACITY_EVIDENCE;BUREAU_CREDIT_HISTORY_QUALITY_EVIDENCE
HC_HELDOUT_0000982,0.0345592038604032,Approve,0.0364568845988594,Approve,0.0345621747226908,Approve,False,False,True,True,2.0,2.0,REPAYMENT_PERFORMANCE_QUALITY_EVIDENCE;BUREAU_ACTIVE_CREDIT_CAPACITY_EVIDENCE,REPAYMENT_PERFORMANCE_QUALITY_EVIDENCE;REPAYMENT_PRIOR_CREDIT_EXPERIENCE_EVIDENCE
HC_HELDOUT_0000983,0.073408410999279,Approve,0.073408410999279,Approve,0.073408410999279,Approve,False,False,False,False,5.0,5.0,REPAYMENT_PERFORMANCE_QUALITY_EVIDENCE;BUREAU_ACTIVE_CREDIT_CAPACITY_EVIDENCE;BUREAU_CREDIT_HISTORY_QUALITY_EVIDENCE;BUREAU_RECENT_CREDIT_ACTIVITY_EVIDENCE;REPAYMENT_PRIOR_CREDIT_EXPERIENCE_EVIDENCE,REPAYMENT_PERFORMANCE_QUALITY_EVIDENCE;BUREAU_RECENT_CREDIT_ACTIVITY_EVIDENCE;BUREAU_CREDIT_HISTORY_QUALITY_EVIDENCE;BUREAU_ACTIVE_CREDIT_CAPACITY_EVIDENCE;REPAYMENT_PRIOR_CREDIT_EXPERIENCE_EVIDENCE
HC_HELDOUT_0000984,0.0321950474224361,Approve,0.0341191169133562,Approve,0.0368013112219057,Approve,False,False,True,True,4.0,1.0,REPAYMENT_PERFORMANCE_QUALITY_EVIDENCE;BUREAU_ACTIVE_CREDIT_CAPACITY_EVIDENCE;BUREAU_CREDIT_HISTORY_QUALITY_EVIDENCE;BUREAU_RECENT_CREDIT_ACTIVITY_EVIDENCE,BUREAU_ACTIVE_CREDIT_CAPACITY_EVIDENCE
HC_HELDOUT_0000985,0.0922138719073738,Reject,0.0922138719073738,Reject,0.0922138719073738,Reject,False,False,False,False,5.0,5.0,REPAYMENT_PERFORMANCE_QUALITY_EVIDENCE;BUREAU_ACTIVE_CREDIT_CAPACITY_EVIDENCE;BUREAU_CREDIT_HISTORY_QUALITY_EVIDENCE;BUREAU_RECENT_CREDIT_ACTIVITY_EVIDENCE;REPAYMENT_PRIOR_CREDIT_EXPERIENCE_EVIDENCE,BUREAU_CREDIT_HISTORY_QUALITY_EVIDENCE;BUREAU_ACTIVE_CREDIT_CAPACITY_EVIDENCE;REPAYMENT_PERFORMANCE_QUALITY_EVIDENCE;REPAYMENT_PRIOR_CREDIT_EXPERIENCE_EVIDENCE;BUREAU_RECENT_CREDIT_ACTIVITY_EVIDENCE
HC_HELDOUT_0000986,0.0662103094255383,Approve,0.0662103094255383,Approve,0.0662103094255383,Approve,False,False,False,False,5.0,5.0,REPAYMENT_PERFORMANCE_QUALITY_EVIDENCE;BUREAU_ACTIVE_CREDIT_CAPACITY_EVIDENCE;BUREAU_CREDIT_HISTORY_QUALITY_EVIDENCE;BUREAU_RECENT_CREDIT_ACTIVITY_EVIDENCE;REPAYMENT_PRIOR_CREDIT_EXPERIENCE_EVIDENCE,REPAYMENT_PRIOR_CREDIT_EXPERIENCE_EVIDENCE;BUREAU_ACTIVE_CREDIT_CAPACITY_EVIDENCE;BUREAU_RECENT_CREDIT_ACTIVITY_EVIDENCE;REPAYMENT_PERFORMANCE_QUALITY_EVIDENCE;BUREAU_CREDIT_HISTORY_QUALITY_EVIDENCE
HC_HELDOUT_0000987,0.033010896316807,Approve,0.0362762645002888,Approve,0.0362473334425525,Approve,False,False,True,True,4.0,4.0,REPAYMENT_PERFORMANCE_QUALITY_EVIDENCE;BUREAU_ACTIVE_CREDIT_CAPACITY_EVIDENCE;BUREAU_CREDIT_HISTORY_QUALITY_EVIDENCE;BUREAU_RECENT_CREDIT_ACTIVITY_EVIDENCE,BUREAU_CREDIT_HISTORY_QUALITY_EVIDENCE;BUREAU_ACTIVE_CREDIT_CAPACITY_EVIDENCE;REPAYMENT_PERFORMANCE_QUALITY_EVIDENCE;REPAYMENT_PRIOR_CREDIT_EXPERIENCE_EVIDENCE
HC_HELDOUT_0000988,0.0421296514856151,Approve,0.0421296514856151,Approve,0.0421296514856151,Approve,False,False,False,False,5.0,5.0,REPAYMENT_PERFORMANCE_QUALITY_EVIDENCE;BUREAU_ACTIVE_CREDIT_CAPACITY_EVIDENCE;BUREAU_CREDIT_HISTORY_QUALITY_EVIDENCE;BUREAU_RECENT_CREDIT_ACTIVITY_EVIDENCE;REPAYMENT_PRIOR_CREDIT_EXPERIENCE_EVIDENCE,REPAYMENT_PERFORMANCE_QUALITY_EVIDENCE;REPAYMENT_PRIOR_CREDIT_EXPERIENCE_EVIDENCE;BUREAU_RECENT_CREDIT_ACTIVITY_EVIDENCE;BUREAU_CREDIT_HISTORY_QUALITY_EVIDENCE;BUREAU_ACTIVE_CREDIT_CAPACITY_EVIDENCE
HC_HELDOUT_0000989,0.0093332385121972,Approve,0.0183325505593165,Approve,0.0183325505593165,Approve,False,False,True,True,0.0,0.0,,
HC_HELDOUT_0000990,0.0361387222075942,Approve,0.0273620482862871,Approve,0.0273620482862871,Approve,False,False,True,True,0.0,0.0,,
HC_HELDOUT_0000991,0.0932706773694899,Reject,0.1807357107244516,Reject,0.1807357107244516,Reject,False,False,True,True,0.0,0.0,,
HC_HELDOUT_0000992,0.0310282429987137,Approve,0.0230178370712914,Approve,0.0230178370712914,Approve,False,False,True,True,0.0,0.0,,
HC_HELDOUT_0000993,0.0235663194922482,Approve,0.0209930223261765,Approve,0.0209930223261765,Approve,False,False,True,True,0.0,0.0,,
HC_HELDOUT_0000994,0.057730974286256,Approve,0.057730974286256,Approve,0.057730974286256,Approve,False,False,False,False,5.0,5.0,REPAYMENT_PERFORMANCE_QUALITY_EVIDENCE;BUREAU_ACTIVE_CREDIT_CAPACITY_EVIDENCE;BUREAU_CREDIT_HISTORY_QUALITY_EVIDENCE;BUREAU_RECENT_CREDIT_ACTIVITY_EVIDENCE;REPAYMENT_PRIOR_CREDIT_EXPERIENCE_EVIDENCE,BUREAU_ACTIVE_CREDIT_CAPACITY_EVIDENCE;BUREAU_CREDIT_HISTORY_QUALITY_EVIDENCE;REPAYMENT_PERFORMANCE_QUALITY_EVIDENCE;BUREAU_RECENT_CREDIT_ACTIVITY_EVIDENCE;REPAYMENT_PRIOR_CREDIT_EXPERIENCE_EVIDENCE
HC_HELDOUT_0000995,0.0226661498362113,Approve,0.0181992143586608,Approve,0.0181992143586608,Approve,False,False,True,True,0.0,0.0,,
HC_HELDOUT_0000996,0.1000823288802542,Reject,0.1000823288802542,Reject,0.1000823288802542,Reject,False,False,False,False,5.0,5.0,REPAYMENT_PERFORMANCE_QUALITY_EVIDENCE;BUREAU_ACTIVE_CREDIT_CAPACITY_EVIDENCE;BUREAU_CREDIT_HISTORY_QUALITY_EVIDENCE;BUREAU_RECENT_CREDIT_ACTIVITY_EVIDENCE;REPAYMENT_PRIOR_CREDIT_EXPERIENCE_EVIDENCE,BUREAU_RECENT_CREDIT_ACTIVITY_EVIDENCE;BUREAU_CREDIT_HISTORY_QUALITY_EVIDENCE;BUREAU_ACTIVE_CREDIT_CAPACITY_EVIDENCE;REPAYMENT_PERFORMANCE_QUALITY_EVIDENCE;REPAYMENT_PRIOR_CREDIT_EXPERIENCE_EVIDENCE
HC_HELDOUT_0000997,0.0329728775995504,Approve,0.0275407460893625,Approve,0.0275407460893625,Approve,False,False,True,True,0.0,0.0,,
HC_HELDOUT_0000998,0.0947905589165407,Reject,0.0947905589165407,Reject,0.0947905589165407,Reject,False,False,False,False,5.0,5.0,REPAYMENT_PERFORMANCE_QUALITY_EVIDENCE;BUREAU_ACTIVE_CREDIT_CAPACITY_EVIDENCE;BUREAU_CREDIT_HISTORY_QUALITY_EVIDENCE;BUREAU_RECENT_CREDIT_ACTIVITY_EVIDENCE;REPAYMENT_PRIOR_CREDIT_EXPERIENCE_EVIDENCE,REPAYMENT_PRIOR_CREDIT_EXPERIENCE_EVIDENCE;REPAYMENT_PERFORMANCE_QUALITY_EVIDENCE;BUREAU_RECENT_CREDIT_ACTIVITY_EVIDENCE;BUREAU_CREDIT_HISTORY_QUALITY_EVIDENCE;BUREAU_ACTIVE_CREDIT_CAPACITY_EVIDENCE
HC_HELDOUT_0000999,0.0284506704638286,Approve,0.0251282969734151,Approve,0.0251282969734151,Approve,False,False,True,True,0.0,0.0,,
